1631130114024011776,0.00157,-0.00501,0.05771,1.00000,-0.00158,-0.00066,-0.00034,-0.00915,0.00127,0.02689,
1631130114090625280,0.00116,-0.00557,0.05855,1.00000,-0.00081,-0.00068,-0.00053,-0.01431,-0.01445,0.04115,
1631130114157239040,0.00260,-0.00430,0.03789,1.00000,0.00081,-0.00249,-0.00162,-0.00799,-0.02464,0.05195,
1631130114223862528,0.00279,-0.00491,0.04106,0.99999,0.00130,-0.00351,-0.00199,0.00477,-0.01205,0.05474,
1631130114290485504,0.00491,-0.00468,0.04253,0.99999,0.00070,-0.00255,-0.00219,0.02673,-0.00604,0.05445,
1631130114357107200,0.00708,-0.00451,0.04416,1.00000,0.00054,-0.00179,-0.00240,0.02533,-0.00847,0.06141,
1631130114423728896,0.00840,-0.00456,0.04768,0.99999,0.00038,-0.00194,-0.00290,0.01718,-0.00279,0.06115,
1631130114490348800,0.00929,-0.00494,0.05095,0.99999,0.00020,-0.00238,-0.00323,0.01436,-0.01257,0.04764,
1631130114556968960,0.00953,-0.00601,0.05365,0.99998,0.00163,-0.00417,-0.00379,0.00016,-0.02184,0.04471,
1631130114623587072,0.00931,-0.00701,0.05577,0.99997,0.00214,-0.00635,-0.00458,-0.00723,-0.00695,0.02713,
1631130114690205696,0.00861,-0.00674,0.05635,0.99995,0.00199,-0.00864,-0.00485,-0.01045,0.00286,0.01772,
1631130114756822272,0.00847,-0.00657,0.05724,0.99994,0.00200,-0.01020,-0.00464,-0.00415,-0.00074,0.00972,
1631130114823438848,0.00927,-0.00670,0.05723,0.99993,0.00233,-0.01027,-0.00465,0.00582,0.00421,0.00355,
1631130114890053888,0.00988,-0.00697,0.05756,0.99993,0.00375,-0.00968,-0.00475,0.01277,-0.00804,0.02226,
1631130114956668928,0.01106,-0.00864,0.06082,0.99992,0.00599,-0.00947,-0.00532,0.02484,-0.02521,0.04765,
1631130115023282176,0.01274,-0.00953,0.06595,0.99991,0.00586,-0.01044,-0.00558,0.02405,-0.00499,0.07609,
1631130115089895680,0.01379,-0.00992,0.07193,0.99988,0.00612,-0.01272,-0.00587,0.01670,-0.00720,0.08539,
1631130115156507136,0.01486,-0.01005,0.07748,0.99986,0.00602,-0.01480,-0.00568,0.01633,0.00505,0.08149,
1631130115223131136,0.01503,-0.00938,0.08121,0.99983,0.00627,-0.01675,-0.00527,0.00572,0.01377,0.04845,
1631130115289753088,0.01490,-0.00858,0.08204,0.99981,0.00649,-0.01759,-0.00485,0.00508,0.00783,0.02352,
1631130115356375040,0.01576,-0.00875,0.08312,0.99980,0.00740,-0.01795,-0.00481,0.00668,0.00482,0.01606,
1631130115422996224,0.01729,-0.01008,0.08304,0.99980,0.00891,-0.01739,-0.00459,0.01191,-0.00380,0.00225,
1631130115489615616,0.01791,-0.01003,0.08378,0.99980,0.00946,-0.01719,-0.00444,0.00924,0.00582,0.01144,
1631130115556235008,0.01741,-0.00898,0.08637,0.99977,0.00957,-0.01850,-0.00437,0.00009,0.00446,0.03578,
1631130115622852864,0.01701,-0.00915,0.08991,0.99972,0.01043,-0.02095,-0.00434,-0.01041,-0.00101,0.05291,
1631130115689470720,0.01662,-0.01056,0.09419,0.99962,0.01124,-0.02462,-0.00483,-0.01594,-0.00962,0.06789,
1631130115756086528,0.01470,-0.01174,0.10526,0.99953,0.01250,-0.02761,-0.00478,-0.00525,-0.01516,0.06252,
1631130115822702592,0.01544,-0.01272,0.10287,0.99949,0.01445,-0.02802,-0.00579,0.01206,-0.01494,0.04411,
1631130115889317120,0.01718,-0.01243,0.10495,0.99948,0.01723,-0.02651,-0.00602,0.02409,-0.00223,0.02940,
1631130115955931392,0.02004,-0.01226,0.10480,0.99956,0.01896,-0.02206,-0.00579,0.03253,0.01320,0.00224,
1631130116022544128,0.02231,-0.01118,0.10572,0.99963,0.02026,-0.01736,-0.00513,0.02786,0.02107,0.00870,
1631130116089156608,0.02324,-0.01026,0.10789,0.99967,0.01975,-0.01559,-0.00513,0.01739,0.01525,0.00796,
1631130116155767808,0.02300,-0.00909,0.11112,0.99969,0.01844,-0.01565,-0.00508,0.00210,0.01589,0.02743,
1631130116222391552,0.02172,-0.00844,0.11390,0.99965,0.01815,-0.01858,-0.00524,-0.01449,0.00107,0.05360,
1631130116289013504,0.01997,-0.00917,0.11825,0.99955,0.01929,-0.02218,-0.00567,-0.02141,-0.01742,0.07386,
1631130116355635968,0.01989,-0.01403,0.12255,0.99936,0.02318,-0.02655,-0.00569,-0.01626,-0.04047,0.07895,
1631130116422255872,0.02053,-0.01897,0.12567,0.99917,0.02782,-0.02907,-0.00630,-0.00731,-0.03622,0.05827,
1631130116488876800,0.02368,-0.02522,0.12551,0.99911,0.03096,-0.02801,-0.00663,0.01216,-0.02766,0.02510,
1631130116555495168,0.02552,-0.02639,0.13122,0.99911,0.03363,-0.02458,-0.00680,0.02318,-0.00397,0.02695,
1631130116622114304,0.02451,-0.02227,0.13068,0.99909,0.03524,-0.02312,-0.00676,0.01418,0.02214,0.02345,
1631130116688732160,0.02606,-0.02405,0.13150,0.99905,0.03687,-0.02217,-0.00675,0.00873,0.00678,0.01285,
1631130116755348480,0.02615,-0.02363,0.13226,0.99900,0.03854,-0.02176,-0.00692,0.00293,0.01630,0.02412,
1631130116821964544,0.02602,-0.02382,0.13426,0.99888,0.04113,-0.02236,-0.00693,0.00185,0.00136,0.03631,
1631130116888579072,0.02567,-0.02552,0.13797,0.99867,0.04486,-0.02438,-0.00698,-0.00089,-0.01800,0.06293,
1631130116955193856,0.02517,-0.02773,0.14263,0.99834,0.05030,-0.02706,-0.00733,0.00074,-0.02226,0.06415,
1631130117021806592,0.02603,-0.02999,0.14557,0.99812,0.05463,-0.02679,-0.00769,0.01698,-0.02304,0.04382,
1631130117088419328,0.02728,-0.03025,0.14748,0.99797,0.05811,-0.02486,-0.00823,0.02437,-0.00721,0.04171,
1631130117155030784,0.02824,-0.03077,0.15089,0.99789,0.05928,-0.02514,-0.00880,0.02706,0.01012,0.04553,
1631130117221654016,0.02929,-0.03019,0.15374,0.99785,0.05952,-0.02572,-0.00916,0.02474,0.01652,0.04118,
1631130117288275712,0.03033,-0.02948,0.15606,0.99783,0.06011,-0.02529,-0.00894,0.02155,0.01669,0.03134,
1631130117354897408,0.03171,-0.02944,0.15687,0.99782,0.06115,-0.02321,-0.00861,0.02119,0.00478,0.00736,
1631130117421517312,0.03241,-0.03001,0.15756,0.99780,0.06199,-0.02180,-0.00908,0.01437,0.00012,0.01158,
1631130117488137472,0.03274,-0.03103,0.15871,0.99771,0.06369,-0.02100,-0.00870,0.00772,-0.01458,0.01745,
1631130117554755584,0.03296,-0.03337,0.16034,0.99756,0.06584,-0.02154,-0.00889,0.00028,-0.01917,0.03215,
1631130117621373952,0.03188,-0.03543,0.16386,0.99735,0.06784,-0.02439,-0.00926,-0.01025,-0.01568,0.05048,
1631130117687990528,0.03021,-0.03621,0.16779,0.99717,0.06912,-0.02794,-0.00942,-0.01411,-0.00305,0.04888,
1631130117754606848,0.02839,-0.03695,0.17162,0.99704,0.06964,-0.03129,-0.00957,-0.01739,-0.00993,0.06006,
1631130117821221888,0.02763,-0.03671,0.17469,0.99697,0.07023,-0.03194,-0.01005,-0.00785,0.00082,0.04718,
1631130117887836672,0.02767,-0.03892,0.17664,0.99702,0.06993,-0.03089,-0.01004,0.00575,-0.00271,0.03402,
1631130117954449920,0.02825,-0.03866,0.17835,0.99711,0.06939,-0.02914,-0.01026,0.01433,0.00107,0.03569,
1631130118021063424,0.02922,-0.03887,0.18051,0.99721,0.06874,-0.02729,-0.01018,0.02607,-0.00305,0.03254,
1631130118087675648,0.02979,-0.03868,0.18334,0.99726,0.06801,-0.02706,-0.01026,0.02556,0.00231,0.03667,
1631130118154286080,0.03032,-0.03860,0.18618,0.99733,0.06722,-0.02675,-0.01025,0.02150,0.00119,0.03722,
1631130118221172480,0.03110,-0.03900,0.18918,0.99734,0.06651,-0.02789,-0.01059,0.01980,-0.00155,0.04964,
1631130118288064256,0.03223,-0.03914,0.19180,0.99734,0.06609,-0.02878,-0.01044,0.02428,0.00174,0.03587,
1631130118354962944,0.03298,-0.03929,0.19439,0.99733,0.06579,-0.03011,-0.01022,0.01995,-0.00650,0.04466,
1631130118421866752,0.03420,-0.03979,0.19664,0.99731,0.06612,-0.02977,-0.01028,0.02470,-0.01177,0.02934,
1631130118488777728,0.03568,-0.04017,0.19712,0.99741,0.06587,-0.02685,-0.01034,0.02861,-0.01125,0.01698,
1631130118555693568,0.03625,-0.03996,0.19775,0.99749,0.06531,-0.02522,-0.01060,0.02271,-0.00252,0.00904,
1631130118622616832,0.03651,-0.03948,0.19797,0.99756,0.06464,-0.02401,-0.01049,0.01163,0.00711,0.00437,
1631130118689544960,0.03613,-0.03939,0.19827,0.99759,0.06417,-0.02399,-0.01051,0.00067,-0.00214,0.00376,
1631130118756480256,0.03521,-0.03908,0.19854,0.99762,0.06385,-0.02400,-0.01043,-0.00669,0.00181,0.00872,
1631130118823420672,0.03399,-0.03881,0.19901,0.99764,0.06340,-0.02433,-0.01041,-0.00907,0.00399,0.00799,
1631130118890368512,0.03288,-0.03842,0.19904,0.99767,0.06291,-0.02421,-0.01050,-0.00907,0.00141,0.00486,
1631130118957320960,0.03191,-0.03827,0.19901,0.99770,0.06259,-0.02397,-0.01046,-0.00693,-0.00260,0.00082,
1631130119024280832,0.03091,-0.03860,0.19887,0.99771,0.06234,-0.02394,-0.01063,-0.00694,-0.00190,0.00350,
1631130119091245568,0.02999,-0.03862,0.19881,0.99774,0.06198,-0.02382,-0.01034,-0.00707,0.00214,0.00321,
1631130119158216704,0.02901,-0.03816,0.19890,0.99777,0.06152,-0.02383,-0.01045,-0.00321,0.00129,0.00174,
1631130119224887040,0.02829,-0.03787,0.19902,0.99779,0.06114,-0.02383,-0.01035,0.00202,-0.00328,0.00089,
1631130119291558400,0.02808,-0.03791,0.19901,0.99781,0.06088,-0.02363,-0.01057,0.00694,0.00140,0.00277,
1631130119358229760,0.02819,-0.03789,0.19905,0.99783,0.06054,-0.02349,-0.01056,0.01248,0.00075,0.00105,
1631130119424900096,0.02834,-0.03750,0.19900,0.99787,0.06009,-0.02327,-0.01055,0.01124,0.00132,0.00210,
1631130119491571456,0.02832,-0.03759,0.19900,0.99789,0.05972,-0.02329,-0.01056,0.00851,0.00060,0.00225,
1631130119558241792,0.02830,-0.03762,0.19906,0.99791,0.05939,-0.02328,-0.01057,0.00980,0.00022,0.00165,
1631130119624913152,0.02839,-0.03714,0.19908,0.99793,0.05901,-0.02306,-0.01062,0.01166,0.00140,0.00132,
1631130119691583744,0.02845,-0.03691,0.19909,0.99796,0.05856,-0.02293,-0.01063,0.01109,0.00094,0.00124,
1631130119758255360,0.02844,-0.03685,0.19913,0.99799,0.05815,-0.02293,-0.01062,0.01041,-0.00022,0.00118,
1631130119824925184,0.02848,-0.03707,0.19909,0.99801,0.05776,-0.02299,-0.01059,0.01098,-0.00013,0.00063,
1631130119891596800,0.02852,-0.03699,0.19909,0.99803,0.05737,-0.02294,-0.01060,0.01121,0.00065,0.00056,
1631130119958266880,0.02850,-0.03659,0.19919,0.99805,0.05704,-0.02283,-0.01063,0.01063,0.00046,0.00029,
1631130120024938496,0.02853,-0.03658,0.19921,0.99808,0.05672,-0.02269,-0.01065,0.01043,0.00075,0.00010,
1631130120091609088,0.02859,-0.03644,0.19923,0.99810,0.05638,-0.02258,-0.01064,0.01152,0.00077,-0.00033,
1631130120158280448,0.02858,-0.03614,0.19934,0.99812,0.05606,-0.02246,-0.01066,0.01129,0.00019,-0.00016,
1631130120224949760,0.02862,-0.03599,0.19938,0.99814,0.05570,-0.02229,-0.01070,0.01108,0.00077,-0.00027,
1631130120291620608,0.02868,-0.03579,0.19935,0.99816,0.05538,-0.02210,-0.01072,0.01097,0.00236,-0.00017,
1631130120358290176,0.02871,-0.03561,0.19937,0.99818,0.05505,-0.02204,-0.01073,0.01136,0.00206,-0.00050,
1631130120424960768,0.02869,-0.03548,0.19945,0.99820,0.05469,-0.02206,-0.01070,0.01135,0.00186,-0.00025,
1631130120491630592,0.02870,-0.03536,0.19954,0.99822,0.05435,-0.02201,-0.01072,0.01134,0.00207,-0.00032,
1631130120558301184,0.02871,-0.03518,0.19959,0.99824,0.05399,-0.02194,-0.01073,0.01156,0.00178,-0.00042,
1631130120624970752,0.02875,-0.03511,0.19964,0.99826,0.05368,-0.02192,-0.01072,0.01152,0.00294,-0.00052,
1631130120691641344,0.02871,-0.03494,0.19967,0.99828,0.05333,-0.02198,-0.01073,0.01132,0.00285,-0.00083,
1631130120758311936,0.02869,-0.03495,0.19964,0.99829,0.05299,-0.02207,-0.01070,0.01160,0.00284,-0.00100,
1631130120824981504,0.02871,-0.03486,0.19963,0.99831,0.05256,-0.02214,-0.01070,0.01213,0.00333,-0.00119,
1631130120891652096,0.02865,-0.03454,0.19967,0.99833,0.05219,-0.02219,-0.01071,0.01216,0.00275,-0.00130,
1631130120958321664,0.02864,-0.03470,0.19967,0.99835,0.05181,-0.02235,-0.01067,0.01199,0.00226,-0.00125,
1631130121024992256,0.02866,-0.03445,0.19973,0.99837,0.05148,-0.02227,-0.01070,0.01213,0.00343,-0.00110,
1631130121091661568,0.02861,-0.03440,0.19981,0.99838,0.05118,-0.02228,-0.01068,0.01170,0.00296,-0.00119,
1631130121158332160,0.02863,-0.03453,0.19983,0.99840,0.05094,-0.02228,-0.01067,0.01187,0.00370,-0.00136,
1631130121225002496,0.02855,-0.03414,0.19997,0.99841,0.05071,-0.02231,-0.01068,0.01135,0.00284,-0.00128,
1631130121291673600,0.02850,-0.03383,0.20006,0.99842,0.05053,-0.02224,-0.01072,0.01143,0.00193,-0.00199,
1631130121358344192,0.02855,-0.03450,0.19938,0.99842,0.05037,-0.02242,-0.01064,0.01119,0.00248,-0.00172,
1631130121425015552,0.02852,-0.03445,0.19945,0.99843,0.05022,-0.02252,-0.01064,0.01133,0.00235,-0.00184,
1631130121491685632,0.02856,-0.03458,0.19942,0.99843,0.05007,-0.02262,-0.01061,0.01139,0.00259,-0.00196,
1631130121558356992,0.02855,-0.03451,0.19939,0.99844,0.04989,-0.02272,-0.01061,0.01175,0.00321,-0.00193,
1631130121625027328,0.02849,-0.03428,0.19939,0.99845,0.04967,-0.02275,-0.01063,0.01178,0.00342,-0.00171,
1631130121691698432,0.02844,-0.03422,0.19953,0.99846,0.04952,-0.02278,-0.01062,0.01148,0.00253,-0.00125,
1631130121758369024,0.02846,-0.03424,0.19961,0.99846,0.04938,-0.02277,-0.01062,0.01154,0.00310,-0.00205,
1631130121825040384,0.02845,-0.03425,0.19962,0.99847,0.04930,-0.02278,-0.01060,0.01151,0.00233,-0.00166,
1631130121891710720,0.02845,-0.03404,0.19962,0.99848,0.04920,-0.02265,-0.01066,0.01167,0.00335,-0.00191,
1631130121958381824,0.02845,-0.03415,0.19968,0.99848,0.04915,-0.02268,-0.01061,0.01140,0.00263,-0.00154,
1631130122025053184,0.02846,-0.03424,0.19969,0.99848,0.04909,-0.02279,-0.01060,0.01173,0.00357,-0.00206,
1631130122091723776,0.02843,-0.03412,0.19971,0.99848,0.04898,-0.02289,-0.01060,0.01257,0.00337,-0.00216,
1631130122158395136,0.02842,-0.03397,0.19968,0.99849,0.04886,-0.02293,-0.01061,0.01301,0.00336,-0.00208,
1631130122225065472,0.02843,-0.03403,0.19967,0.99849,0.04872,-0.02299,-0.01059,0.01293,0.00310,-0.00217,
1631130122291737088,0.02844,-0.03403,0.19969,0.99850,0.04857,-0.02302,-0.01059,0.01315,0.00422,-0.00216,
1631130122358407680,0.02841,-0.03395,0.19970,0.99850,0.04842,-0.02312,-0.01059,0.01385,0.00242,-0.00289,
1631130122425079296,0.02841,-0.03385,0.19968,0.99851,0.04820,-0.02314,-0.01058,0.01421,0.00314,-0.00252,
1631130122491749888,0.02839,-0.03376,0.19973,0.99852,0.04796,-0.02315,-0.01060,0.01404,0.00296,-0.00233,
1631130122558421248,0.02834,-0.03359,0.19985,0.99853,0.04775,-0.02315,-0.01059,0.01420,0.00207,-0.00251,
1631130122625092096,0.02838,-0.03354,0.19990,0.99855,0.04750,-0.02310,-0.01061,0.01432,0.00350,-0.00245,
1631130122691763712,0.02838,-0.03352,0.19986,0.99856,0.04733,-0.02306,-0.01061,0.01411,0.00352,-0.00252,
1631130122758434304,0.02838,-0.03336,0.19985,0.99856,0.04717,-0.02307,-0.01061,0.01463,0.00367,-0.00309,
1631130122825105920,0.02840,-0.03334,0.19988,0.99857,0.04698,-0.02315,-0.01059,0.01529,0.00314,-0.00266,
1631130122891776512,0.02837,-0.03331,0.19990,0.99858,0.04676,-0.02323,-0.01058,0.01492,0.00358,-0.00214,
1631130122958448128,0.02835,-0.03324,0.19999,0.99859,0.04658,-0.02326,-0.01058,0.01490,0.00345,-0.00250,
1631130123025118976,0.02831,-0.03310,0.20004,0.99860,0.04643,-0.02323,-0.01060,0.01449,0.00350,-0.00226,
1631130123091790592,0.02831,-0.03310,0.20003,0.99860,0.04635,-0.02326,-0.01059,0.01463,0.00422,-0.00311,
1631130123158461440,0.02826,-0.03299,0.20006,0.99860,0.04628,-0.02332,-0.01060,0.01427,0.00447,-0.00192,
1631130123225133056,0.02821,-0.03298,0.20023,0.99860,0.04619,-0.02342,-0.01059,0.01499,0.00366,-0.00284,
1631130123291803392,0.02819,-0.03291,0.20021,0.99861,0.04609,-0.02342,-0.01059,0.01483,0.00439,-0.00247,
1631130123358475264,0.02821,-0.03288,0.20020,0.99861,0.04603,-0.02337,-0.01061,0.01462,0.00439,-0.00290,
1631130123425146880,0.02818,-0.03288,0.20025,0.99861,0.04600,-0.02334,-0.01059,0.01407,0.00320,-0.00232,
1631130123491817472,0.02819,-0.03298,0.20028,0.99861,0.04601,-0.02335,-0.01058,0.01373,0.00430,-0.00233,
1631130123558489088,0.02818,-0.03308,0.20032,0.99861,0.04606,-0.02340,-0.01056,0.01357,0.00319,-0.00230,
1631130123625159680,0.02820,-0.03314,0.20037,0.99861,0.04607,-0.02344,-0.01055,0.01417,0.00421,-0.00287,
1631130123691831296,0.02818,-0.03310,0.20032,0.99861,0.04603,-0.02351,-0.01056,0.01489,0.00393,-0.00286,
1631130123758501888,0.02814,-0.03304,0.20032,0.99861,0.04602,-0.02353,-0.01056,0.01519,0.00243,-0.00278,
1631130123825173504,0.02820,-0.03303,0.20029,0.99861,0.04598,-0.02347,-0.01058,0.01543,0.00441,-0.00308,
1631130123891844352,0.02819,-0.03306,0.20029,0.99861,0.04597,-0.02351,-0.01056,0.01491,0.00468,-0.00245,
1631130123958515968,0.02815,-0.03311,0.20036,0.99861,0.04597,-0.02355,-0.01056,0.01473,0.00365,-0.00291,
1631130124025186560,0.02811,-0.03300,0.20040,0.99861,0.04598,-0.02354,-0.01057,0.01498,0.00284,-0.00335,
1631130124091858432,0.02819,-0.03308,0.20035,0.99861,0.04598,-0.02354,-0.01056,0.01541,0.00471,-0.00336,
1631130124158529024,0.02818,-0.03307,0.20038,0.99861,0.04599,-0.02357,-0.01057,0.01515,0.00471,-0.00263,
1631130124225200640,0.02819,-0.03309,0.20040,0.99861,0.04599,-0.02361,-0.01057,0.01559,0.00577,-0.00331,
1631130124291871232,0.02815,-0.03307,0.20038,0.99860,0.04602,-0.02365,-0.01057,0.01545,0.00489,-0.00321,
1631130124358542848,0.02809,-0.03289,0.20041,0.99860,0.04604,-0.02367,-0.01059,0.01547,0.00609,-0.00327,
1631130124425213696,0.02814,-0.03309,0.20040,0.99860,0.04607,-0.02374,-0.01056,0.01560,0.00520,-0.00302,
1631130124491885312,0.02807,-0.03309,0.20043,0.99860,0.04613,-0.02380,-0.01056,0.01479,0.00498,-0.00276,
1631130124558555904,0.02800,-0.03301,0.20048,0.99859,0.04622,-0.02385,-0.01056,0.01446,0.00596,-0.00321,
1631130124625227776,0.02798,-0.03309,0.20047,0.99859,0.04629,-0.02390,-0.01056,0.01467,0.00587,-0.00332,
1631130124691899392,0.02795,-0.03319,0.20048,0.99858,0.04639,-0.02394,-0.01055,0.01508,0.00467,-0.00334,
1631130124758569984,0.02800,-0.03336,0.20053,0.99858,0.04645,-0.02401,-0.01052,0.01555,0.00484,-0.00328,
1631130124825242112,0.02804,-0.03345,0.20048,0.99857,0.04645,-0.02409,-0.01052,0.01620,0.00437,-0.00375,
1631130124891912704,0.02804,-0.03328,0.20041,0.99857,0.04645,-0.02409,-0.01055,0.01691,0.00436,-0.00366,
1631130124958584576,0.02804,-0.03322,0.20036,0.99857,0.04646,-0.02404,-0.01055,0.01654,0.00354,-0.00319,
1631130125025255168,0.02806,-0.03327,0.20038,0.99858,0.04649,-0.02396,-0.01056,0.01683,0.00378,-0.00299,
1631130125091927040,0.02809,-0.03320,0.20039,0.99858,0.04651,-0.02384,-0.01058,0.01699,0.00433,-0.00324,
1631130125158597632,0.02810,-0.03323,0.20042,0.99858,0.04655,-0.02378,-0.01057,0.01683,0.00356,-0.00265,
1631130125225269760,0.02813,-0.03315,0.20042,0.99858,0.04656,-0.02369,-0.01060,0.01705,0.00461,-0.00320,
1631130125291940608,0.02815,-0.03315,0.20042,0.99858,0.04659,-0.02361,-0.01060,0.01687,0.00411,-0.00278,
1631130125358612480,0.02816,-0.03322,0.20044,0.99858,0.04667,-0.02357,-0.01059,0.01619,0.00395,-0.00249,
1631130125425283584,0.02816,-0.03339,0.20045,0.99857,0.04675,-0.02359,-0.01058,0.01601,0.00413,-0.00289,
1631130125491955456,0.02814,-0.03347,0.20052,0.99857,0.04683,-0.02362,-0.01056,0.01645,0.00223,-0.00339,
1631130125558626560,0.02817,-0.03329,0.20047,0.99857,0.04686,-0.02357,-0.01060,0.01728,0.00423,-0.00373,
1631130125625298688,0.02816,-0.03335,0.20043,0.99856,0.04693,-0.02357,-0.01059,0.01657,0.00218,-0.00275,
1631130125691969536,0.02822,-0.03338,0.20044,0.99856,0.04693,-0.02354,-0.01060,0.01761,0.00444,-0.00374,
1631130125758641920,0.02824,-0.03358,0.20038,0.99856,0.04694,-0.02360,-0.01057,0.01747,0.00310,-0.00309,
1631130125825313024,0.02815,-0.03345,0.20033,0.99856,0.04700,-0.02364,-0.01059,0.01659,0.00278,-0.00282,
1631130125891985152,0.02812,-0.03339,0.20040,0.99856,0.04702,-0.02362,-0.01059,0.01781,0.00110,-0.00392,
1631130125958656256,0.02821,-0.03330,0.20032,0.99856,0.04702,-0.02351,-0.01063,0.01829,0.00397,-0.00340,
1631130126025328384,0.02824,-0.03332,0.20036,0.99856,0.04700,-0.02350,-0.01061,0.01838,0.00244,-0.00386,
1631130126092000768,0.02828,-0.03335,0.20035,0.99856,0.04692,-0.02356,-0.01060,0.01902,0.00308,-0.00387,
1631130126158671872,0.02829,-0.03345,0.20030,0.99857,0.04685,-0.02365,-0.01059,0.01854,0.00247,-0.00338,
1631130126225342976,0.02821,-0.03336,0.20033,0.99857,0.04683,-0.02371,-0.01059,0.01828,0.00357,-0.00280,
1631130126292013312,0.02817,-0.03332,0.20044,0.99856,0.04684,-0.02371,-0.01060,0.01841,0.00275,-0.00304,
1631130126358684416,0.02819,-0.03324,0.20040,0.99857,0.04685,-0.02366,-0.01062,0.01830,0.00360,-0.00349,
1631130126425354752,0.02826,-0.03337,0.20038,0.99857,0.04683,-0.02368,-0.01060,0.01893,0.00480,-0.00372,
1631130126492026112,0.02682,-0.03549,0.20307,0.99837,0.05053,-0.02439,-0.01043,0.00096,0.00354,0.00179,
1631130126558696192,0.02657,-0.03650,0.20292,0.99818,0.05378,-0.02537,-0.01026,0.00134,-0.00241,-0.00084,
1631130126625367296,0.02572,-0.03800,0.20313,0.99795,0.05715,-0.02688,-0.01013,-0.01729,-0.01091,0.00710,
1631130126692037888,0.02490,-0.03912,0.20333,0.99774,0.06011,-0.02826,-0.01020,0.00292,-0.00633,0.00291,
1631130126758708992,0.02586,-0.03971,0.20513,0.99757,0.06360,-0.02666,-0.01021,0.01944,-0.01132,0.08504,
1631130126825379072,0.02484,-0.04105,0.21142,0.99631,0.07911,-0.03049,-0.01299,-0.01961,-0.00769,0.10696,
1631130126892050432,0.02255,-0.03731,0.21515,0.99649,0.07686,-0.03080,-0.01220,-0.09852,0.01790,0.10812,
1631130126958720768,0.02376,-0.02990,0.21764,0.99851,0.05081,-0.01686,-0.01077,-0.03420,0.07862,-0.06541,
1631130127025391872,0.02510,-0.02290,0.21849,0.99893,0.04568,-0.00709,-0.00234,0.02068,0.29770,0.13269,
1631130127092062208,0.02144,-0.05581,0.23647,0.99550,0.09271,-0.01863,0.00635,-0.01710,-0.52212,0.34686,
1631130127158733312,0.01562,-0.07817,0.26126,0.99576,0.08837,-0.02553,0.00180,-0.06558,-0.58908,0.26113,
1631130127225403648,0.03963,-0.03826,0.23955,0.99717,0.07472,-0.00740,0.00342,0.12201,-0.30560,0.00761,
1631130127292075008,0.02168,-0.01884,0.24249,0.99906,0.04246,-0.00831,0.00320,-0.04769,-0.22686,0.00400,
1631130127358746112,0.02584,-0.02583,0.23141,0.99916,0.04061,-0.00418,-0.00418,0.03440,-0.39863,0.02808,
1631130127425416192,0.01446,-0.01593,0.24760,0.99907,0.04211,-0.00922,-0.00296,-0.02009,-0.19687,-0.04552,
1631130127492087296,0.00407,-0.01062,0.24504,0.99893,0.04305,-0.01065,-0.01273,-0.06706,-0.27847,-0.06127,
1631130127558757888,-0.00445,-0.01399,0.23720,0.99894,0.04291,-0.00652,-0.01503,-0.09759,-0.20486,-0.00816,
1631130127625428992,-0.00645,-0.01051,0.23607,0.99898,0.04144,-0.00179,-0.01810,-0.05788,-0.10511,0.22843,
1631130127692099072,-0.01006,-0.00257,0.25101,0.99945,0.03244,-0.00021,-0.00705,-0.02433,-0.05528,0.23401,
1631130127758770176,-0.00384,0.00183,0.26985,0.99954,0.02639,-0.00550,-0.01377,0.04914,0.00199,0.19950,
1631130127825440768,0.01267,0.01772,0.25915,0.99941,0.02977,0.00094,-0.01713,0.13290,0.09871,0.09800,
1631130127892111872,0.03254,0.03759,0.24701,0.99960,0.01613,0.00949,-0.02126,0.24994,0.27914,0.00835,
1631130127958781952,0.05018,0.05480,0.25481,0.99950,0.01547,0.00049,-0.02756,0.33264,0.16065,0.17581,
1631130128025453056,0.05786,0.05795,0.25933,0.99910,0.03301,0.00215,-0.02664,0.12817,0.09488,0.30656,
1631130128092123392,0.08157,0.06882,0.25429,0.99731,0.06661,0.00906,-0.02908,0.23800,0.13169,-0.13151,
1631130128158794752,0.09869,0.07898,0.24275,0.99881,0.03323,0.02329,-0.02705,0.15714,-0.01887,0.05371,
1631130128225464832,0.10298,0.07407,0.24435,0.99918,0.01045,0.01890,-0.03415,0.12743,-0.11516,-0.08686,
1631130128292136192,0.12199,0.08020,0.25254,0.99911,0.01466,0.03155,-0.02393,0.08827,-0.08903,0.12500,
1631130128358806272,0.13033,0.07238,0.25271,0.99858,0.02818,0.03058,-0.03326,0.07605,-0.03997,-0.03315,
1631130128425477632,0.13480,0.07378,0.25345,0.99876,0.01409,0.03829,-0.02848,0.04203,0.00216,-0.03047,
1631130128492147968,0.13566,0.07252,0.25546,0.99852,0.00316,0.04355,-0.03244,0.01084,0.07923,0.01026,
1631130128558819072,0.14078,0.07565,0.25528,0.99876,0.01318,0.03994,-0.02667,0.06321,-0.00440,0.03433,
1631130128625489408,0.14867,0.07201,0.25905,0.99841,0.01837,0.04545,-0.02773,0.07204,0.06689,-0.06397,
1631130128692160512,0.15370,0.07260,0.25135,0.99818,0.02071,0.04963,-0.02733,0.05003,-0.08675,-0.03518,
1631130128758831616,0.15895,0.06546,0.24534,0.99759,0.03074,0.05419,-0.03039,0.05870,-0.09190,-0.04703,
1631130128825502208,0.16872,0.05445,0.23560,0.99718,0.03853,0.05774,-0.02841,0.08755,-0.14850,-0.08115,
1631130128892173312,0.17759,0.04568,0.23899,0.99724,0.03519,0.06107,-0.02331,0.12252,-0.12956,0.16061,
1631130128958843392,0.18384,0.03472,0.24751,0.99790,0.03342,0.04809,-0.02771,0.08708,-0.10657,0.02995,
1631130129025514752,0.18940,0.03035,0.24763,0.99803,0.03512,0.04554,-0.02491,0.06258,-0.06119,0.04249,
1631130129092185088,0.19271,0.02746,0.24774,0.99835,0.02045,0.04729,-0.02549,0.02147,0.00831,-0.02125,
1631130129158856448,0.19585,0.02739,0.24384,0.99849,0.01618,0.04809,-0.02123,0.01906,-0.03675,0.10161,
1631130129225526784,0.19499,0.02493,0.25341,0.99849,0.02442,0.04322,-0.02337,0.03616,0.00410,-0.03070,
1631130129292198144,0.19807,0.02269,0.24641,0.99832,0.02441,0.04772,-0.02188,0.03192,-0.06345,-0.04598,
1631130129358868736,0.20265,0.01629,0.24157,0.99787,0.03029,0.05243,-0.02419,0.04381,-0.07010,-0.03138,
1631130129425540096,0.20631,0.01114,0.23702,0.99763,0.03394,0.05575,-0.02182,0.06277,-0.09175,-0.05770,
1631130129492210688,0.21319,0.00483,0.23583,0.99741,0.03145,0.06130,-0.02067,0.10098,-0.06688,0.15021,
1631130129558882304,0.21851,-0.00660,0.24853,0.99805,0.03220,0.04776,-0.02420,0.10067,-0.10192,0.08842,
1631130129625552640,0.22542,-0.01132,0.25024,0.99804,0.03510,0.04499,-0.02577,0.07869,-0.03719,-0.01366,
1631130129692224256,0.22940,-0.01025,0.24853,0.99814,0.01774,0.05195,-0.02668,0.05637,0.05875,-0.04072,
1631130129758894592,0.23621,-0.01027,0.24498,0.99830,0.00978,0.05301,-0.02236,0.07322,0.06518,0.01714,
1631130129825566208,0.24364,-0.00562,0.24593,0.99828,0.01965,0.05158,-0.01953,0.10575,0.05111,-0.03794,
1631130129892236800,0.24729,-0.00417,0.24112,0.99839,0.01714,0.04908,-0.02264,0.08751,-0.04685,-0.03681,
1631130129958908672,0.25500,-0.00906,0.23726,0.99793,0.02160,0.05460,-0.02620,0.08234,-0.08683,-0.04592,
1631130130025580288,0.26026,-0.01697,0.23202,0.99744,0.03036,0.05879,-0.02718,0.07833,-0.16507,-0.06365,
1631130130092250624,0.26790,-0.02833,0.22873,0.99719,0.03187,0.06164,-0.02824,0.14942,-0.11128,0.05279,
1631130130158922240,0.27674,-0.03650,0.23240,0.99764,0.03180,0.05416,-0.02765,0.10834,-0.10782,-0.00414,
1631130130225592320,0.28450,-0.03987,0.23202,0.99787,0.03655,0.04773,-0.02530,0.12111,-0.00387,0.00291,
1631130130292263680,0.29266,-0.03982,0.23311,0.99805,0.02140,0.05416,-0.02252,0.09948,0.03549,-0.04644,
1631130130358934016,0.29975,-0.03474,0.23077,0.99823,0.00995,0.05517,-0.01995,0.11846,0.09671,0.00982,
1631130130425605376,0.30927,-0.03305,0.23685,0.99805,0.02096,0.05398,-0.02351,0.14053,0.03580,0.07353,
1631130130492275456,0.31923,-0.03051,0.23255,0.99832,0.01828,0.05066,-0.02132,0.11725,0.01070,-0.04840,
1631130130558946560,0.32728,-0.03226,0.22951,0.99802,0.02044,0.05344,-0.02614,0.10692,-0.06245,-0.01113,
1631130130625617152,0.33398,-0.03752,0.22532,0.99757,0.02855,0.05734,-0.02739,0.08443,-0.11590,-0.03859,
1631130130692288256,0.34141,-0.04606,0.22270,0.99746,0.02872,0.05861,-0.02863,0.13930,-0.09528,0.06237,
1631130130758958592,0.35195,-0.05333,0.22621,0.99772,0.02784,0.05535,-0.02678,0.12424,-0.10721,0.06110,
1631130130825629696,0.35978,-0.05725,0.22736,0.99794,0.03480,0.04627,-0.02772,0.12616,-0.01890,0.03064,
1631130130892299776,0.36818,-0.05610,0.22674,0.99810,0.02252,0.05196,-0.02434,0.11705,0.03645,-0.04391,
1631130130958971136,0.37542,-0.05115,0.22289,0.99819,0.00823,0.05496,-0.02320,0.11736,0.10576,-0.00316,
1631130131025641472,0.38320,-0.04726,0.23002,0.99811,0.01704,0.05324,-0.02569,0.13441,0.01678,0.15548,
1631130131092312832,0.39204,-0.04245,0.23078,0.99843,0.01827,0.04752,-0.02354,0.11475,0.03361,0.00115,
1631130131158982912,0.40041,-0.04231,0.22792,0.99829,0.01684,0.04843,-0.02794,0.10190,-0.03040,-0.00761,
1631130131225654016,0.40562,-0.04528,0.22633,0.99813,0.02166,0.04901,-0.02929,0.06755,-0.07709,-0.01231,
1631130131292324608,0.41146,-0.05138,0.22273,0.99799,0.02430,0.04855,-0.03276,0.10097,-0.08168,0.02995,
1631130131358995712,0.41795,-0.05483,0.22671,0.99806,0.02588,0.04764,-0.03067,0.10029,-0.06556,0.00675,
1631130131425667072,0.42548,-0.05557,0.22199,0.99821,0.02920,0.04225,-0.03070,0.11439,0.03830,-0.00916,
1631130131492337152,0.43461,-0.04982,0.22045,0.99828,0.02043,0.04837,-0.02597,0.13311,0.08777,-0.05974,
1631130131559008512,0.44277,-0.04095,0.21656,0.99822,0.01202,0.05249,-0.02577,0.15307,0.15771,-0.03383,
1631130131625678848,0.45554,-0.03027,0.21184,0.99800,0.01860,0.05433,-0.02659,0.21770,0.08217,0.06099,
1631130131692350208,0.46898,-0.02084,0.21691,0.99853,0.01287,0.04613,-0.02538,0.18540,0.12042,0.02685,
1631130131759020288,0.47971,-0.01697,0.21985,0.99869,0.01023,0.04229,-0.02696,0.14798,0.01932,0.04961,
1631130131825691648,0.48918,-0.01679,0.21866,0.99846,0.01584,0.04569,-0.02735,0.12447,-0.01039,-0.02086,
1631130131892361984,0.49735,-0.02016,0.21356,0.99813,0.02555,0.04908,-0.02605,0.11499,-0.09621,-0.03622,
1631130131959033344,0.50680,-0.02460,0.22091,0.99824,0.02906,0.04535,-0.02472,0.11735,-0.08407,0.16995,
1631130132025703424,0.51369,-0.03169,0.22993,0.99823,0.03796,0.03331,-0.03146,0.11327,-0.06957,0.08292,
1631130132092374784,0.52068,-0.03362,0.23269,0.99830,0.03184,0.03654,-0.03230,0.10707,0.00585,-0.01653,
1631130132159044864,0.52722,-0.03624,0.23165,0.99830,0.01786,0.04314,-0.03478,0.09705,0.05096,-0.00405,
1631130132225716480,0.53337,-0.03055,0.23073,0.99840,0.02360,0.03985,-0.03242,0.12744,0.07943,0.07343,
1631130132292386816,0.54006,-0.02776,0.23149,0.99853,0.02378,0.03719,-0.03159,0.10427,0.02977,-0.02511,
1631130132359058176,0.54530,-0.02838,0.23190,0.99847,0.02292,0.03649,-0.03470,0.07434,-0.03414,0.04436,
1631130132425728256,0.54944,-0.03113,0.22968,0.99813,0.02798,0.04084,-0.03580,0.05151,-0.04217,-0.02795,
1631130132492399616,0.55185,-0.03688,0.22692,0.99796,0.03175,0.04194,-0.03622,0.04373,-0.11023,0.00646,
1631130132559070208,0.55593,-0.04378,0.22977,0.99787,0.03088,0.04353,-0.03750,0.07450,-0.09028,0.08447,
1631130132625741568,0.56169,-0.04925,0.23085,0.99782,0.03764,0.03660,-0.04008,0.07710,-0.04926,0.02968,
1631130132692412928,0.56655,-0.05049,0.23051,0.99793,0.03433,0.03792,-0.03888,0.07103,0.04336,-0.01584,
1631130132759083008,0.57193,-0.04671,0.22673,0.99828,0.01650,0.04325,-0.03611,0.06752,0.09690,-0.02893,
1631130132825754368,0.57832,-0.04088,0.22509,0.99839,0.02007,0.04210,-0.03240,0.10920,0.10506,0.00260,
1631130132892424704,0.58566,-0.03697,0.22360,0.99849,0.02107,0.04027,-0.03087,0.09186,0.01191,-0.04478,
1631130132959096320,0.59032,-0.03713,0.22070,0.99842,0.01924,0.03936,-0.03524,0.07866,-0.03199,-0.07235,
1631130133025766656,0.59525,-0.04054,0.21578,0.99793,0.02646,0.04601,-0.03640,0.06856,-0.08453,-0.07099,
1631130133092437760,0.60030,-0.04917,0.20912,0.99739,0.03263,0.05056,-0.03978,0.08475,-0.14090,-0.08179,
1631130133159108096,0.60740,-0.05689,0.20922,0.99723,0.03502,0.05380,-0.03747,0.10424,-0.07144,0.07363,
1631130133225779456,0.61367,-0.06342,0.20903,0.99761,0.03849,0.04296,-0.03805,0.08581,-0.07853,-0.02819,
1631130133292450048,0.61942,-0.06486,0.20999,0.99794,0.03855,0.03948,-0.03278,0.08758,-0.01444,0.00861,
1631130133359121408,0.62372,-0.06653,0.20777,0.99817,0.02769,0.04257,-0.03280,0.06084,0.01470,-0.04366,
1631130133425791744,0.62943,-0.06364,0.20446,0.99843,0.02439,0.04198,-0.02809,0.07617,0.00938,0.11961,
1631130133492463104,0.63132,-0.06434,0.21549,0.99844,0.02866,0.03725,-0.03029,0.09257,0.01440,0.01707,
1631130133559133440,0.63649,-0.06446,0.21107,0.99839,0.02784,0.04062,-0.02828,0.08265,-0.04408,-0.03351,
1631130133625804800,0.64331,-0.06943,0.20793,0.99793,0.03204,0.04552,-0.03219,0.06591,-0.07798,-0.01703,
1631130133692475392,0.64712,-0.07559,0.20485,0.99771,0.03534,0.04807,-0.03173,0.06534,-0.10991,-0.02010,
1631130133759146752,0.65361,-0.08226,0.20577,0.99768,0.03189,0.05238,-0.02972,0.10023,-0.05569,0.17661,
1631130133825817088,0.65871,-0.08930,0.21586,0.99803,0.03623,0.03997,-0.03188,0.09676,-0.09867,0.04119,
1631130133892488448,0.66464,-0.09452,0.21556,0.99804,0.03923,0.03745,-0.03120,0.09828,-0.01814,0.01420,
1631130133959158784,0.66946,-0.09243,0.21253,0.99847,0.01666,0.04402,-0.02909,0.07799,0.05715,-0.03768,
1631130134025830144,0.67495,-0.08798,0.21164,0.99860,0.01613,0.04252,-0.02694,0.10060,0.06989,0.04686,
1631130134092501760,0.68397,-0.08438,0.21272,0.99837,0.02391,0.04459,-0.02644,0.14051,0.05019,0.01371,
1631130134159172096,0.69318,-0.08284,0.20966,0.99855,0.02163,0.04144,-0.02679,0.14286,-0.03473,-0.02024,
1631130134225843456,0.70274,-0.08644,0.20795,0.99818,0.02627,0.04491,-0.03042,0.14709,-0.07780,-0.07093,
1631130134292513536,0.71283,-0.09453,0.20171,0.99759,0.03591,0.05120,-0.02995,0.15216,-0.16751,-0.06761,
1631130134359184640,0.72620,-0.10519,0.19521,0.99731,0.03698,0.05631,-0.02888,0.21913,-0.09434,0.08612,
1631130134425855232,0.73764,-0.11455,0.20625,0.99793,0.03608,0.04430,-0.02964,0.19601,-0.13429,0.07546,
1631130134492526336,0.75164,-0.12096,0.20816,0.99799,0.04156,0.03850,-0.02851,0.20533,-0.04154,0.00734,
1631130134559196416,0.76501,-0.12115,0.20471,0.99835,0.02680,0.04306,-0.02688,0.18630,0.03463,-0.05362,
1631130134625867776,0.77803,-0.11518,0.19989,0.99863,0.01121,0.04483,-0.02464,0.22344,0.09585,-0.04152,
1631130134692538112,0.79341,-0.11247,0.20326,0.99839,0.02103,0.04476,-0.02762,0.23167,0.04468,0.01898,
1631130134759209216,0.80643,-0.10832,0.20105,0.99851,0.02192,0.04270,-0.02586,0.20578,-0.00519,-0.04907,
1631130134825879552,0.81945,-0.11265,0.19858,0.99828,0.02467,0.04371,-0.03018,0.19246,-0.07840,-0.04733,
1631130134892550656,0.83183,-0.11915,0.19261,0.99787,0.03324,0.04807,-0.02890,0.18631,-0.13564,-0.08067,
1631130134959220992,0.84579,-0.13009,0.19193,0.99760,0.03772,0.05059,-0.02862,0.24247,-0.10952,0.06861,
1631130135025892352,0.86077,-0.13780,0.19832,0.99800,0.03606,0.04405,-0.02756,0.20182,-0.14011,0.09959,
1631130135092562432,0.87315,-0.14298,0.19687,0.99818,0.03973,0.03639,-0.02723,0.19345,-0.01781,0.00659,
1631130135159233536,0.88517,-0.14214,0.19488,0.99853,0.02779,0.03937,-0.02476,0.16793,0.03595,-0.04776,
1631130135225903872,0.89432,-0.13544,0.19194,0.99880,0.01459,0.04100,-0.02256,0.18326,0.12837,-0.02301,
1631130135292575232,0.90583,-0.13119,0.19739,0.99870,0.02362,0.03810,-0.02442,0.19713,0.04481,0.04587,
1631130135359246592,0.91797,-0.12719,0.19657,0.99880,0.02232,0.03730,-0.02269,0.16537,0.01872,-0.00438,
1631130135425916672,0.92909,-0.12804,0.19474,0.99872,0.02172,0.03732,-0.02619,0.14397,-0.05130,-0.00015,
1631130135492588032,0.93740,-0.13196,0.19167,0.99841,0.02743,0.04218,-0.02544,0.11864,-0.09028,-0.05099,
1631130135559258112,0.94683,-0.13915,0.18761,0.99821,0.03129,0.04422,-0.02544,0.14803,-0.09022,0.08303,
1631130135625929472,0.95445,-0.14507,0.19501,0.99835,0.03370,0.03920,-0.02486,0.13801,-0.11157,0.05329,
1631130135692599808,0.96019,-0.14873,0.19500,0.99840,0.03899,0.03089,-0.02674,0.12111,-0.02120,-0.01127,
1631130135759271168,0.96804,-0.14772,0.19421,0.99873,0.02697,0.03605,-0.02268,0.10190,0.02908,-0.05702,
1631130135825941248,0.97225,-0.14273,0.19251,0.99897,0.01292,0.03726,-0.02236,0.09266,0.10973,-0.02002,
1631130135892612608,0.98079,-0.13759,0.19481,0.99889,0.02239,0.03638,-0.01983,0.13388,0.03228,0.06008,
1631130135959282944,0.98849,-0.13266,0.19402,0.99906,0.02163,0.03240,-0.01889,0.12379,0.02988,-0.07132,
1631130136025954048,0.99538,-0.13454,0.19091,0.99876,0.02376,0.03667,-0.02370,0.10673,-0.04342,-0.03753,
1631130136092624384,1.00034,-0.13913,0.18869,0.99843,0.03038,0.03969,-0.02532,0.07710,-0.09457,-0.04485,
1631130136159295488,1.00668,-0.14653,0.18358,0.99822,0.03120,0.04280,-0.02732,0.11620,-0.08743,0.01759,
1631130136225966080,1.01244,-0.15034,0.19096,0.99839,0.02933,0.04147,-0.02514,0.12705,-0.06946,0.05317,
1631130136292637184,1.01802,-0.15070,0.19055,0.99845,0.03468,0.03397,-0.02729,0.14118,0.04860,0.00210,
1631130136359307264,1.03029,-0.14599,0.18870,0.99861,0.02330,0.04128,-0.02296,0.16384,0.11984,-0.08573,
1631130136425978624,1.03943,-0.13533,0.18399,0.99860,0.01104,0.04616,-0.02350,0.18514,0.19408,-0.04362,
1631130136492648960,1.05596,-0.12495,0.18085,0.99822,0.02159,0.04968,-0.02511,0.25614,0.07485,0.07893,
1631130136559320064,1.07190,-0.11494,0.18489,0.99865,0.01848,0.04168,-0.02476,0.22935,0.13836,-0.01021,
1631130136625990144,1.08629,-0.11153,0.18407,0.99884,0.01485,0.03618,-0.02807,0.21591,0.00321,-0.02748,
1631130136692661504,1.09878,-0.11505,0.18196,0.99845,0.02672,0.03822,-0.03031,0.18594,-0.08610,-0.08755,
1631130136759332608,1.11190,-0.12451,0.17502,0.99789,0.03676,0.04133,-0.03399,0.22885,-0.17726,-0.07889,
1631130136826002944,1.12933,-0.13134,0.17448,0.99799,0.03433,0.04513,-0.02834,0.23645,-0.07375,0.06513,
1631130136892674304,1.14359,-0.13758,0.17646,0.99838,0.03347,0.03474,-0.03013,0.21615,-0.05532,-0.02520,
1631130136959344384,1.15769,-0.13756,0.17759,0.99862,0.03214,0.03179,-0.02685,0.22863,0.04273,-0.04796,
1631130137026015488,1.17229,-0.13165,0.17273,0.99880,0.01583,0.03822,-0.02617,0.22277,0.13741,-0.07966,
1631130137092685824,1.18745,-0.12221,0.17476,0.99891,0.01540,0.03552,-0.02623,0.27513,0.05369,0.09805,
1631130137159357184,1.20392,-0.11739,0.18417,0.99867,0.01957,0.03554,-0.03183,0.22261,0.13022,0.10240,
1631130137226027264,1.21814,-0.11107,0.18424,0.99898,0.01485,0.02989,-0.03055,0.18319,0.01518,0.02527,
1631130137292698368,1.22886,-0.11184,0.18330,0.99869,0.02103,0.03181,-0.03419,0.15008,-0.03433,-0.04566,
1631130137359368704,1.23836,-0.11661,0.17898,0.99818,0.03467,0.03645,-0.03327,0.13547,-0.11259,-0.02931,
1631130137426039808,1.24728,-0.12368,0.18736,0.99836,0.03369,0.03465,-0.03077,0.14072,-0.07873,0.19924,
1631130137492710144,1.25638,-0.13128,0.19268,0.99847,0.03469,0.02545,-0.03464,0.10169,-0.09100,0.04436,
1631130137559381504,1.26396,-0.13652,0.19211,0.99852,0.03945,0.02209,-0.03013,0.07064,-0.03919,0.04865,
1631130137626051584,1.26654,-0.14000,0.19057,0.99902,0.02122,0.02503,-0.02986,0.02588,-0.01803,-0.02161,
1631130137692722688,1.26700,-0.14054,0.19018,0.99913,0.02117,0.02249,-0.02796,-0.00091,-0.02798,0.05545,
1631130137759393280,1.26887,-0.14481,0.19367,0.99866,0.03246,0.02637,-0.03049,0.04251,-0.01494,0.00473,
1631130137826064384,1.27185,-0.14764,0.18400,0.99850,0.03434,0.03183,-0.02843,0.04719,-0.07837,-0.08854,
1631130137892734464,1.27430,-0.15333,0.18221,0.99804,0.03946,0.03692,-0.03146,0.05930,-0.08841,0.00199,
1631130137959405824,1.27964,-0.16007,0.17656,0.99775,0.04397,0.04120,-0.02952,0.08694,-0.09616,-0.05245,
1631130138026076928,1.28740,-0.16809,0.17535,0.99785,0.03395,0.04599,-0.03211,0.12553,-0.06570,0.12197,
1631130138092747264,1.29363,-0.17315,0.17916,0.99823,0.03420,0.03651,-0.03204,0.11469,-0.07931,-0.00917,
1631130138159418624,1.30001,-0.17539,0.17944,0.99829,0.03589,0.03387,-0.03138,0.11100,0.00839,0.01442,
1631130138226088704,1.30656,-0.17216,0.17665,0.99855,0.02246,0.03938,-0.02897,0.09946,0.07633,-0.05530,
1631130138292760320,1.31265,-0.16501,0.17433,0.99867,0.01851,0.04004,-0.02678,0.11436,0.12708,-0.01200,
1631130138359430400,1.32057,-0.16043,0.17926,0.99861,0.02374,0.03778,-0.02808,0.12164,0.05759,0.08710,
1631130138426102016,1.32814,-0.15643,0.17866,0.99890,0.01849,0.03327,-0.02738,0.11348,0.02718,-0.05324,
1631130138492772096,1.33516,-0.15726,0.17370,0.99851,0.02069,0.03975,-0.03118,0.09436,-0.03237,-0.07128,
1631130138559443456,1.34119,-0.16250,0.16755,0.99796,0.02965,0.04595,-0.03285,0.09088,-0.10666,-0.07699,
1631130138626113536,1.34812,-0.17020,0.16773,0.99784,0.02926,0.04712,-0.03517,0.13180,-0.02600,0.09395,
1631130138692785152,1.35546,-0.17187,0.17225,0.99818,0.02929,0.04254,-0.03098,0.09916,-0.05982,0.04277,
1631130138759455232,1.36240,-0.17289,0.17043,0.99834,0.03311,0.03561,-0.03090,0.10244,0.05891,0.02367,
1631130138826126848,1.37061,-0.16818,0.16875,0.99850,0.02039,0.04360,-0.02593,0.12065,0.08530,-0.03988,
1631130138892797184,1.37790,-0.16131,0.16309,0.99849,0.01504,0.04519,-0.02727,0.12424,0.12712,-0.01397,
1631130138959468288,1.38711,-0.15505,0.16522,0.99815,0.02373,0.04610,-0.03189,0.15028,0.03105,0.14097,
1631130139026138880,1.39681,-0.14617,0.16988,0.99876,0.01680,0.03752,-0.02815,0.13959,0.12753,-0.00049,
1631130139092810240,1.40546,-0.14265,0.17055,0.99875,0.01431,0.03462,-0.03315,0.10972,0.02551,0.03892,
1631130139159480320,1.41244,-0.14116,0.16849,0.99836,0.02713,0.03958,-0.03120,0.09147,0.02341,-0.05689,
1631130139226151680,1.41813,-0.14425,0.16678,0.99822,0.03206,0.03951,-0.03119,0.07704,-0.06335,0.00932,
1631130139292821760,1.42491,-0.14789,0.17016,0.99831,0.02908,0.04068,-0.02951,0.10304,-0.06216,0.11438,
1631130139359493376,1.43179,-0.15270,0.17287,0.99843,0.03070,0.03275,-0.03361,0.10105,-0.05133,-0.01188,
1631130139426164480,1.43766,-0.15404,0.17186,0.99844,0.03065,0.03286,-0.03326,0.08440,0.02179,-0.01222,
1631130139492834816,1.44223,-0.15228,0.16837,0.99859,0.02611,0.03421,-0.03122,0.06847,0.06133,-0.03230,
1631130139559505920,1.44682,-0.14759,0.16858,0.99869,0.02521,0.03350,-0.02938,0.08733,0.08222,-0.03545,
1631130139626176000,1.45326,-0.14470,0.16954,0.99880,0.02502,0.03249,-0.02691,0.09523,0.01668,-0.01926,
1631130139692847616,1.45971,-0.14570,0.16540,0.99873,0.02431,0.03275,-0.02965,0.09949,-0.04222,-0.06309,
1631130139759517696,1.46589,-0.15123,0.16379,0.99831,0.03096,0.03778,-0.03139,0.08772,-0.08401,-0.05406,
1631130139826189056,1.47166,-0.15864,0.16054,0.99802,0.03635,0.04121,-0.03054,0.08996,-0.13480,-0.05370,
1631130139892859136,1.47990,-0.16829,0.15940,0.99794,0.03384,0.04466,-0.03129,0.14289,-0.09489,0.09610,
1631130139959530496,1.48960,-0.17803,0.16533,0.99813,0.03834,0.03487,-0.03256,0.13121,-0.15180,0.07803,
1631130140026200832,1.49847,-0.18390,0.16400,0.99803,0.04326,0.03003,-0.03396,0.13006,-0.07050,-0.00590,
1631130140092871936,1.50627,-0.18366,0.16157,0.99864,0.02170,0.03518,-0.03173,0.10554,0.02606,-0.06816,
1631130140159542272,1.51319,-0.18033,0.15848,0.99890,0.01094,0.03539,-0.02863,0.11915,0.04450,0.00323,
1631130140226213376,1.52156,-0.17975,0.16437,0.99876,0.02428,0.03260,-0.02884,0.14446,-0.01627,0.01598,
1631130140292883968,1.53128,-0.18004,0.16016,0.99868,0.02589,0.03455,-0.02792,0.14612,-0.06630,-0.07257,
1631130140359555072,1.54095,-0.18607,0.15678,0.99814,0.03248,0.04025,-0.03222,0.14515,-0.13050,-0.05971,
1631130140426225408,1.55089,-0.19517,0.15091,0.99748,0.04173,0.04811,-0.03124,0.15497,-0.16979,-0.09553,
1631130140492896768,1.56345,-0.20827,0.14837,0.99731,0.04138,0.05180,-0.03128,0.21766,-0.15969,0.09490,
1631130140559566848,1.57699,-0.21907,0.15703,0.99783,0.04055,0.04160,-0.03111,0.19461,-0.19000,0.10722,
1631130140626238464,1.59026,-0.22833,0.15749,0.99794,0.04640,0.03209,-0.03041,0.18811,-0.09067,0.00912,
1631130140692909568,1.60146,-0.23096,0.15674,0.99856,0.02996,0.03417,-0.02843,0.15715,-0.01742,-0.04135,
1631130140759579904,1.61024,-0.22742,0.15237,0.99891,0.00936,0.03765,-0.02608,0.16257,0.05871,-0.01957,
1631130140826251008,1.62028,-0.22682,0.16028,0.99886,0.02264,0.03237,-0.02675,0.16361,-0.03879,0.07289,
1631130140892921344,1.62946,-0.22460,0.15560,0.99869,0.02762,0.03490,-0.02534,0.14574,-0.01337,-0.07974,
1631130140959592704,1.63938,-0.22839,0.15100,0.99830,0.03047,0.04012,-0.02947,0.13412,-0.09865,-0.02403,
1631130141026263040,1.64710,-0.23439,0.14790,0.99794,0.03675,0.04341,-0.02975,0.11825,-0.10623,-0.04560,
1631130141092934144,1.65520,-0.24156,0.14255,0.99785,0.03429,0.04681,-0.03036,0.17113,-0.13869,0.00928,
1631130141159604480,1.66615,-0.24913,0.14882,0.99808,0.03425,0.04197,-0.03000,0.16706,-0.10954,0.04750,
1631130141226275584,1.67525,-0.25458,0.15070,0.99809,0.04023,0.03343,-0.03289,0.16705,-0.05255,-0.00244,
1631130141292945920,1.68604,-0.25395,0.14817,0.99843,0.02744,0.03842,-0.03010,0.15515,0.06510,-0.06917,
1631130141359617280,1.69475,-0.24761,0.14448,0.99867,0.01227,0.04100,-0.02869,0.16877,0.09935,-0.02884,
1631130141426287360,1.70851,-0.24207,0.14546,0.99838,0.02606,0.04202,-0.02817,0.20457,0.01877,0.09910,
1631130141492958464,1.71987,-0.23779,0.14702,0.99871,0.02118,0.03610,-0.02881,0.18866,0.02170,-0.05934,
1631130141559629056,1.73167,-0.23900,0.14469,0.99862,0.02125,0.03528,-0.03263,0.18392,-0.09045,-0.06083,
1631130141626300160,1.74364,-0.24586,0.13822,0.99793,0.03413,0.04202,-0.03475,0.16844,-0.16553,-0.11312,
1631130141692970240,1.75742,-0.25783,0.12954,0.99758,0.03649,0.04509,-0.03839,0.22212,-0.16698,-0.00358,
1631130141759641600,1.77086,-0.26387,0.13437,0.99787,0.03698,0.04270,-0.03272,0.20479,-0.12774,0.05223,
1631130141826311936,1.78433,-0.27202,0.13576,0.99803,0.04279,0.03079,-0.03410,0.19644,-0.06362,-0.00735,
1631130141892983040,1.79694,-0.27323,0.13537,0.99834,0.03640,0.03242,-0.03059,0.18494,0.00780,-0.06820,
1631130141959653120,1.80723,-0.26848,0.13139,0.99872,0.01619,0.03720,-0.03032,0.17700,0.10205,-0.06577,
1631130142026324480,1.82081,-0.26503,0.13126,0.99859,0.02331,0.03554,-0.03180,0.19126,-0.04662,0.13453,
1631130142092995584,1.83213,-0.25990,0.13603,0.99866,0.02794,0.03117,-0.03042,0.19533,0.10476,-0.09272,
1631130142159665920,1.84339,-0.26121,0.13428,0.99859,0.02944,0.02957,-0.03283,0.16383,-0.04325,-0.04541,
1631130142226337280,1.85434,-0.26534,0.13100,0.99830,0.03453,0.03280,-0.03359,0.15461,-0.03352,-0.11177,
1631130142293007360,1.86433,-0.27256,0.12823,0.99798,0.04289,0.03354,-0.03270,0.16478,-0.14020,-0.12097,
1631130142359678720,1.87389,-0.27938,0.13883,0.99807,0.04991,0.02169,-0.02998,0.16221,-0.09620,0.07180,
1631130142426348800,1.88334,-0.28495,0.14677,0.99776,0.05741,0.00647,-0.03380,0.15378,-0.05918,-0.05135,
1631130142493020416,1.89445,-0.28465,0.14503,0.99812,0.05348,0.00527,-0.02952,0.15631,0.05537,-0.03384,
1631130142559690496,1.90316,-0.27898,0.14588,0.99893,0.03466,0.00854,-0.02931,0.14305,0.10495,-0.07809,
1631130142626361600,1.91326,-0.26845,0.14624,0.99915,0.03263,0.00414,-0.02502,0.18622,0.15582,-0.02678,
1631130142693031936,1.92274,-0.26330,0.15979,0.99883,0.03882,-0.00241,-0.02867,0.18550,0.06307,0.09959,
1631130142759703040,1.93603,-0.25767,0.15986,0.99928,0.02543,-0.00999,-0.02642,0.18466,0.01072,-0.01632,
1631130142826373632,1.94861,-0.25982,0.16022,0.99916,0.02371,-0.01032,-0.03189,0.18684,-0.07218,-0.05665,
1631130142893044736,1.96002,-0.26646,0.15801,0.99899,0.03163,-0.00350,-0.03175,0.17536,-0.17674,-0.07406,
1631130142959715072,1.97459,-0.27975,0.15182,0.99892,0.03058,0.00216,-0.03501,0.23408,-0.16853,0.02663,
1631130143026386176,1.98873,-0.28779,0.16053,0.99914,0.02795,0.00029,-0.03054,0.21481,-0.14707,0.09702,
1631130143093056768,2.00396,-0.29534,0.16272,0.99890,0.03314,-0.01032,-0.03156,0.22701,-0.05288,0.03615,
1631130143159727872,2.01994,-0.29664,0.16219,0.99914,0.02842,-0.00926,-0.02867,0.23725,0.01504,-0.04741,
1631130143226398208,2.03536,-0.29039,0.15791,0.99960,0.00156,-0.00134,-0.02828,0.24241,0.15068,-0.05274,
1631130143293069312,2.05231,-0.28289,0.16510,0.99953,0.00712,-0.00495,-0.02940,0.31742,0.03153,0.04892,
1631130143359740672,2.07075,-0.27703,0.17017,0.99939,0.01350,-0.00023,-0.03206,0.25400,0.11470,0.08729,
1631130143426411008,2.08825,-0.27433,0.16638,0.99939,0.01112,-0.00329,-0.03290,0.23414,-0.02199,0.07115,
1631130143493082368,2.10409,-0.27724,0.16473,0.99923,0.01700,-0.00035,-0.03540,0.24578,-0.06629,-0.08533,
1631130143559752448,2.12009,-0.28688,0.15909,0.99885,0.03130,0.00835,-0.03531,0.24671,-0.18196,-0.03684,
1631130143626423808,2.13924,-0.29914,0.15233,0.99877,0.03410,0.01710,-0.03174,0.29883,-0.10211,0.06385,
1631130143693093888,2.15770,-0.31365,0.15921,0.99872,0.03864,0.00866,-0.03151,0.26187,-0.22149,0.14571,
1631130143759765504,2.17720,-0.32271,0.16069,0.99846,0.04506,-0.00248,-0.03218,0.28100,-0.09632,0.01236,
1631130143826435584,2.19582,-0.32342,0.15785,0.99916,0.02678,0.00227,-0.03089,0.26359,0.01815,-0.05729,
1631130143893106944,2.21535,-0.31649,0.15011,0.99951,0.00002,0.01008,-0.02980,0.30517,0.09986,-0.07816,
1631130143959777024,2.23398,-0.31430,0.15778,0.99910,0.01634,0.01278,-0.03696,0.28783,-0.04719,0.16539,
1631130144026448128,2.25116,-0.30684,0.16097,0.99902,0.02482,0.01322,-0.03420,0.27250,0.05361,0.01688,
1631130144093118720,2.26793,-0.30629,0.15844,0.99890,0.02350,0.01061,-0.03913,0.25321,-0.08508,0.03108,
1631130144159789824,2.28726,-0.31195,0.15271,0.99865,0.03036,0.01329,-0.03992,0.25955,-0.13380,-0.08320,
1631130144226460160,2.30567,-0.32514,0.14635,0.99810,0.04212,0.01760,-0.04147,0.30675,-0.24629,-0.12182,
1631130144293131520,2.32487,-0.33397,0.14652,0.99822,0.04324,0.02606,-0.03168,0.26154,-0.12210,0.16598,
1631130144359801856,2.33911,-0.34525,0.15449,0.99857,0.03837,0.01172,-0.03521,0.22829,-0.12240,0.05450,
1631130144426473216,2.35399,-0.34903,0.15486,0.99886,0.03622,0.00912,-0.02970,0.22292,-0.04849,0.04579,
1631130144493143296,2.36664,-0.34970,0.15355,0.99913,0.02439,0.01099,-0.03193,0.18785,0.06330,-0.01208,
1631130144559814656,2.37954,-0.34382,0.15074,0.99941,0.01956,0.00963,-0.02659,0.23268,0.05968,-0.01737,
1631130144626484992,2.39405,-0.34611,0.15599,0.99861,0.02795,0.01762,-0.04114,0.19851,-0.00422,0.11131,
1631130144693156352,2.40603,-0.33812,0.15400,0.99879,0.03164,0.01789,-0.03317,0.19432,0.05678,-0.08683,
1631130144759827712,2.41754,-0.34008,0.15036,0.99861,0.02739,0.01909,-0.04079,0.18931,-0.09119,-0.03656,
1631130144826497792,2.42796,-0.34480,0.14862,0.99848,0.03146,0.01936,-0.04100,0.18475,-0.10962,-0.07667,
1631130144893169152,2.44068,-0.35449,0.13884,0.99789,0.04092,0.02604,-0.04326,0.24210,-0.15007,-0.06761,
1631130144959839232,2.45617,-0.36240,0.13781,0.99814,0.03679,0.03361,-0.03516,0.21716,-0.12381,0.04744,
1631130145026510592,2.46920,-0.37039,0.14210,0.99854,0.03474,0.02061,-0.03599,0.20651,-0.03363,0.03174,
1631130145093180928,2.48254,-0.37157,0.14481,0.99880,0.03445,0.01462,-0.03158,0.21186,0.02009,-0.00251,
1631130145159852288,2.49436,-0.36692,0.14247,0.99909,0.01894,0.01930,-0.03304,0.19701,0.17871,-0.05955,
1631130145226522368,2.51110,-0.35487,0.13553,0.99925,0.01017,0.02400,-0.02857,0.27317,0.11386,-0.03167,
1631130145293193728,2.52771,-0.34929,0.14189,0.99854,0.01902,0.02754,-0.04229,0.23620,0.16455,0.12473,
1631130145359864064,2.54102,-0.33873,0.14356,0.99898,0.01523,0.02061,-0.03730,0.20766,0.07278,-0.01261,
1631130145426535424,2.55394,-0.33702,0.14390,0.99884,0.00897,0.01495,-0.04499,0.18431,-0.00612,0.00379,
1631130145493205760,2.56485,-0.33885,0.14186,0.99869,0.01891,0.01523,-0.04510,0.15581,-0.09768,-0.07166,
1631130145559876864,2.57625,-0.34615,0.13439,0.99814,0.03210,0.01826,-0.04842,0.15510,-0.05548,0.13435,
1631130145626547456,2.58595,-0.34928,0.14439,0.99866,0.02749,0.02028,-0.03886,0.15702,-0.09079,0.05466,
1631130145693218560,2.59579,-0.35536,0.14776,0.99863,0.02866,0.01097,-0.04235,0.14729,-0.00407,0.02895,
1631130145759888896,2.60714,-0.35300,0.14515,0.99891,0.02682,0.01190,-0.03631,0.16305,0.06465,-0.00169,
1631130145826560000,2.61840,-0.34746,0.14091,0.99906,0.01579,0.01774,-0.03635,0.17228,0.15225,-0.03394,
1631130145893230336,2.63209,-0.33648,0.13796,0.99909,0.01551,0.02143,-0.03349,0.22889,0.15927,-0.05529,
1631130145959901696,2.64626,-0.33179,0.14212,0.99821,0.02630,0.02990,-0.04472,0.19738,0.12406,0.16152,
1631130146026573056,2.65941,-0.32172,0.14753,0.99883,0.02041,0.01993,-0.03912,0.19411,0.09702,0.01868,
1631130146093243136,2.67161,-0.32037,0.14811,0.99877,0.01728,0.01502,-0.04406,0.18071,-0.02962,0.02504,
1631130146159914496,2.68353,-0.32282,0.14522,0.99859,0.02448,0.01787,-0.04351,0.16947,-0.08902,-0.06858,
1631130146226584576,2.69557,-0.33221,0.13766,0.99817,0.03102,0.02093,-0.04752,0.19697,-0.11980,0.00529,
1631130146293255936,2.70803,-0.33776,0.14912,0.99846,0.03304,0.02268,-0.03838,0.18145,-0.10356,0.09688,
1631130146359926272,2.71909,-0.34525,0.14990,0.99827,0.03524,0.01468,-0.04477,0.17047,-0.05294,0.00975,
1631130146426597632,2.73117,-0.34271,0.14590,0.99864,0.03049,0.01631,-0.03904,0.18586,0.08200,-0.01576,
1631130146493267712,2.74291,-0.33635,0.14164,0.99884,0.01103,0.02528,-0.03957,0.18721,0.14692,-0.07791,
1631130146559938816,2.75627,-0.32372,0.13788,0.99889,0.01543,0.02693,-0.03541,0.23495,0.16359,-0.02190,
1631130146626609408,2.77064,-0.31684,0.14219,0.99812,0.02583,0.03168,-0.04559,0.21659,0.15847,0.12846,
1631130146693280512,2.78528,-0.30607,0.14789,0.99887,0.01469,0.01883,-0.04103,0.20305,0.09221,0.05225,
1631130146759950848,2.79813,-0.30335,0.15056,0.99875,0.01132,0.01311,-0.04695,0.18647,0.02693,0.00858,
1631130146826621952,2.80912,-0.30506,0.14539,0.99839,0.02798,0.01729,-0.04622,0.15816,-0.08430,-0.06056,
1631130146893292544,2.81916,-0.31221,0.13758,0.99789,0.03597,0.02037,-0.05002,0.15980,-0.05176,0.08959,
1631130146959963648,2.82979,-0.31515,0.14476,0.99837,0.03319,0.02229,-0.04076,0.16323,-0.08718,-0.00573,
1631130147026633728,2.83865,-0.31950,0.14384,0.99839,0.03208,0.01412,-0.04465,0.15673,0.00795,-0.03767,
1631130147093305088,2.84971,-0.31622,0.14483,0.99875,0.02746,0.01493,-0.03912,0.17240,0.08215,-0.05368,
1631130147159975168,2.86054,-0.30864,0.13895,0.99884,0.01266,0.02439,-0.03966,0.17112,0.18677,-0.08201,
1631130147226646784,2.87175,-0.29511,0.13679,0.99894,0.01281,0.02460,-0.03671,0.24513,0.18948,-0.08047,
1631130147293316864,2.88732,-0.28774,0.13835,0.99808,0.02935,0.02925,-0.04598,0.22064,0.13176,0.16358,
1631130147359988224,2.90230,-0.27755,0.14534,0.99891,0.01613,0.01472,-0.04124,0.23113,0.10262,0.05009,
1631130147426659584,2.91627,-0.27500,0.14766,0.99892,0.01394,0.00966,-0.04331,0.22032,0.00462,-0.00248,
1631130147493329664,2.93068,-0.27735,0.14296,0.99855,0.03083,0.01738,-0.04065,0.21763,-0.07866,-0.08583,
1631130147560001024,2.94605,-0.28497,0.13763,0.99826,0.03896,0.02311,-0.03762,0.25276,-0.13676,-0.10440,
1631130147626671360,2.96278,-0.29447,0.14025,0.99834,0.04148,0.02675,-0.02977,0.22963,-0.20556,0.18524,
1631130147693342720,2.97698,-0.30862,0.15165,0.99776,0.05268,0.00958,-0.04010,0.22252,-0.13216,0.13618,
1631130147760012800,2.99108,-0.31305,0.15187,0.99834,0.04307,0.00623,-0.03778,0.23690,-0.00817,-0.09118,
1631130147826684160,3.00525,-0.30970,0.14787,0.99909,0.01255,0.01675,-0.03724,0.20187,0.16430,-0.07690,
1631130147893354496,3.01956,-0.30133,0.14591,0.99926,0.01069,0.01555,-0.03345,0.24693,0.11916,-0.02853,
1631130147960025856,3.03964,-0.28933,0.13948,0.99838,0.03934,0.02461,-0.03282,0.30033,0.22573,-0.02990,
1631130148026695936,3.05850,-0.27803,0.14493,0.99906,0.02158,0.01129,-0.03575,0.24616,0.09658,0.14019,
1631130148093367296,3.07586,-0.27266,0.14990,0.99918,0.01106,-0.00165,-0.03892,0.26317,0.08902,-0.03227,
1631130148160037632,3.09386,-0.27465,0.14501,0.99866,0.03245,0.00678,-0.03985,0.24896,-0.09902,-0.08092,
1631130148226708992,3.11026,-0.28277,0.13731,0.99783,0.05236,0.01505,-0.03696,0.26002,-0.14553,-0.12096,
1631130148293379328,3.12972,-0.29739,0.13418,0.99790,0.04718,0.02246,-0.03818,0.31578,-0.17082,-0.02056,
1631130148360050688,3.14746,-0.30770,0.14368,0.99798,0.05119,0.01251,-0.03551,0.25152,-0.10345,0.18211,
1631130148426721024,3.16473,-0.31363,0.14701,0.99794,0.05259,0.00371,-0.03652,0.26045,-0.02333,0.00593,
1631130148493392384,3.18176,-0.30972,0.14270,0.99886,0.02937,0.01171,-0.03575,0.24733,0.16444,-0.08465,
1631130148560062976,3.20081,-0.29721,0.13689,0.99920,0.00085,0.02245,-0.03302,0.30361,0.21647,-0.08275,
1631130148626734336,3.22551,-0.28361,0.13054,0.99839,0.02291,0.03696,-0.03637,0.39778,0.19540,-0.10444,
1631130148693405952,3.24962,-0.27059,0.13857,0.99865,0.01984,0.03135,-0.03628,0.33178,0.15131,0.23802,
1631130148760076288,3.27244,-0.26620,0.14622,0.99911,0.01023,0.01769,-0.03687,0.35173,0.05222,0.01105,
1631130148826747648,3.29629,-0.26812,0.14083,0.99901,0.02017,0.02498,-0.03094,0.34961,-0.10253,-0.12892,
1631130148893417984,3.31994,-0.28403,0.12729,0.99726,0.05865,0.03495,-0.02841,0.39505,-0.28691,-0.24151,
1631130148960089344,3.34682,-0.30263,0.11886,0.99660,0.06804,0.04282,-0.01788,0.39098,-0.22620,-0.14602,
1631130149026759936,3.36716,-0.31698,0.13111,0.99754,0.05525,0.04131,-0.01240,0.22405,-0.18404,0.37253,
1631130149093431296,3.38617,-0.32801,0.14555,0.99918,0.03164,0.02061,-0.01427,0.25756,-0.13206,0.11757,
1631130149160101632,3.40432,-0.33395,0.14632,0.99922,0.02953,0.02023,-0.01638,0.17696,-0.00259,0.07272,
1631130149226772992,3.41742,-0.32950,0.14827,0.99953,0.02601,0.01087,-0.01224,0.22570,0.07716,0.00165,
1631130149293443328,3.43234,-0.32520,0.14570,0.99931,0.02961,0.01353,-0.01814,0.17173,0.09884,0.11568,
1631130149360114688,3.44415,-0.31736,0.14683,0.99917,0.02415,0.02385,-0.02239,0.16928,0.16795,-0.00630,
1631130149426785024,3.45402,-0.31175,0.14522,0.99948,0.01635,0.01679,-0.02197,0.13089,-0.00690,-0.02965,
1631130149493456384,3.46175,-0.31484,0.14362,0.99925,0.01960,0.01775,-0.02829,0.12094,-0.04160,-0.08410,
1631130149560126464,3.46864,-0.32301,0.14022,0.99867,0.03547,0.02414,-0.02853,0.10407,-0.18807,-0.09294,
1631130149626797824,3.47813,-0.33754,0.13502,0.99836,0.03524,0.02864,-0.03500,0.14162,-0.12813,0.03580,
1631130149693468416,3.48948,-0.34659,0.13713,0.99852,0.03491,0.03185,-0.02691,0.11829,-0.14708,0.05985,
1631130149760139520,3.49521,-0.35382,0.14205,0.99851,0.04313,0.01486,-0.02985,0.11851,-0.04331,0.02514,
1631130149826809856,3.50333,-0.35330,0.14169,0.99874,0.03889,0.01745,-0.02657,0.10883,0.06213,-0.05489,
1631130149893481216,3.50961,-0.34572,0.13817,0.99927,0.01577,0.02408,-0.02520,0.10699,0.16115,-0.07746,
1631130149960151552,3.51863,-0.33555,0.13433,0.99904,0.02104,0.02895,-0.02517,0.14569,0.09379,0.05395,
1631130150026822912,3.52752,-0.32825,0.14083,0.99844,0.02949,0.03388,-0.03330,0.13497,0.18208,0.08246,
1631130150093494272,3.53537,-0.32100,0.14441,0.99900,0.02214,0.02388,-0.03055,0.10711,0.06209,0.05327,
1631130150160164608,3.54164,-0.32016,0.14573,0.99903,0.01962,0.02128,-0.03318,0.09205,-0.00726,-0.02190,
1631130150226836224,3.54686,-0.32443,0.14193,0.99863,0.03136,0.02734,-0.03161,0.06991,-0.11471,-0.05563,
1631130150293506816,3.55165,-0.33563,0.13809,0.99829,0.03593,0.03175,-0.03336,0.08766,-0.14739,0.00007,
1631130150360178688,3.55776,-0.34601,0.14454,0.99835,0.03982,0.02966,-0.02879,0.06225,-0.18118,0.19483,
1631130150426849280,3.56091,-0.35661,0.15292,0.99816,0.04957,0.00984,-0.03360,0.05410,-0.10442,0.03871,
1631130150493520896,3.56325,-0.36056,0.15301,0.99841,0.04714,0.01097,-0.02902,0.01540,-0.00590,0.00246,
1631130150560191744,3.56341,-0.36091,0.15090,0.99929,0.02049,0.01375,-0.02858,-0.00786,0.03809,-0.03649,
1631130150626863360,3.56261,-0.35946,0.15013,0.99944,0.02278,0.01157,-0.02180,-0.01252,0.01882,0.01569,
1631130150693534464,3.56199,-0.35867,0.14767,0.99937,0.03058,0.00742,-0.01663,-0.01394,-0.00103,-0.02733,
1631130150760206080,3.56039,-0.35830,0.14812,0.99940,0.03006,0.00645,-0.01611,-0.01676,0.00210,-0.00098,
1631130150826876928,3.55967,-0.35731,0.14771,0.99944,0.02889,0.00649,-0.01532,-0.00060,0.01891,0.00262,
1631130150893548544,3.56004,-0.35662,0.14757,0.99946,0.02829,0.00673,-0.01542,0.00772,0.00285,-0.00284,
1631130150960219392,3.56032,-0.35665,0.14748,0.99946,0.02841,0.00689,-0.01523,0.00024,-0.00786,0.00122,
1631130151026891264,3.56005,-0.35718,0.14745,0.99945,0.02883,0.00674,-0.01523,-0.00757,-0.00331,0.00238,
1631130151093562112,3.55970,-0.35730,0.14755,0.99944,0.02899,0.00656,-0.01507,-0.00280,0.00236,0.00111,
1631130151160233728,3.55980,-0.35699,0.14753,0.99945,0.02873,0.00667,-0.01505,0.00210,0.00769,-0.00011,
1631130151226904064,3.55999,-0.35666,0.14750,0.99946,0.02853,0.00684,-0.01512,-0.00204,0.00420,0.00096,
1631130151293575168,3.55985,-0.35665,0.14755,0.99945,0.02862,0.00676,-0.01509,-0.00610,-0.00048,0.00209,
1631130151360246528,3.55965,-0.35686,0.14760,0.99945,0.02886,0.00666,-0.01508,-0.00364,0.00105,0.00151,
1631130151426916608,3.55971,-0.35688,0.14756,0.99945,0.02888,0.00673,-0.01507,-0.00177,0.00504,0.00078,
1631130151493587712,3.55977,-0.35665,0.14755,0.99945,0.02868,0.00685,-0.01506,-0.00363,0.00769,0.00142,
1631130151560257792,3.55973,-0.35647,0.14758,0.99945,0.02860,0.00685,-0.01512,-0.00452,0.00468,0.00182,
1631130151626929408,3.55969,-0.35651,0.14759,0.99945,0.02867,0.00686,-0.01510,-0.00416,0.00253,0.00151,
1631130151693599488,3.55964,-0.35658,0.14762,0.99945,0.02876,0.00691,-0.01511,-0.00425,0.00541,0.00187,
1631130151760270592,3.55963,-0.35652,0.14768,0.99945,0.02869,0.00699,-0.01508,-0.00442,0.00735,0.00186,
1631130151826940672,3.55972,-0.35647,0.14761,0.99945,0.02858,0.00700,-0.01511,-0.00406,0.00664,0.00151,
1631130151893612032,3.55976,-0.35647,0.14754,0.99945,0.02856,0.00702,-0.01511,-0.00438,0.00480,0.00162,
1631130151960282112,3.55975,-0.35648,0.14754,0.99945,0.02862,0.00704,-0.01513,-0.00484,0.00615,0.00185,
1631130152026953472,3.55970,-0.35644,0.14758,0.99945,0.02864,0.00704,-0.01514,-0.00498,0.00750,0.00183,
1631130152093623552,3.55971,-0.35632,0.14765,0.99945,0.02859,0.00711,-0.01515,-0.00415,0.00835,0.00166,
1631130152160294656,3.55976,-0.35623,0.14768,0.99945,0.02856,0.00717,-0.01518,-0.00473,0.00772,0.00190,
1631130152226964992,3.55974,-0.35623,0.14771,0.99945,0.02859,0.00719,-0.01518,-0.00510,0.00707,0.00226,
1631130152293636352,3.55971,-0.35623,0.14774,0.99945,0.02860,0.00722,-0.01518,-0.00519,0.00774,0.00207,
1631130152360306688,3.55969,-0.35615,0.14778,0.99945,0.02858,0.00726,-0.01521,-0.00483,0.00853,0.00217,
1631130152426977792,3.55967,-0.35610,0.14781,0.99945,0.02855,0.00730,-0.01520,-0.00508,0.00789,0.00233,
1631130152493648384,3.55969,-0.35607,0.14782,0.99945,0.02853,0.00733,-0.01523,-0.00531,0.00723,0.00238,
1631130152560319488,3.55970,-0.35606,0.14786,0.99945,0.02854,0.00737,-0.01523,-0.00486,0.00721,0.00270,
1631130152626989824,3.55969,-0.35608,0.14788,0.99945,0.02856,0.00742,-0.01523,-0.00512,0.00754,0.00249,
1631130152693661184,3.55972,-0.35611,0.14784,0.99945,0.02851,0.00745,-0.01523,-0.00499,0.00752,0.00251,
1631130152760332288,3.55973,-0.35610,0.14785,0.99945,0.02850,0.00746,-0.01523,-0.00512,0.00711,0.00276,
1631130152827002880,3.55972,-0.35609,0.14785,0.99945,0.02851,0.00748,-0.01524,-0.00507,0.00707,0.00261,
1631130152893673984,3.55972,-0.35605,0.14784,0.99945,0.02849,0.00750,-0.01526,-0.00502,0.00807,0.00248,
1631130152960344320,3.55970,-0.35604,0.14787,0.99945,0.02851,0.00754,-0.01524,-0.00517,0.00818,0.00274,
1631130153027015680,3.55969,-0.35599,0.14790,0.99945,0.02849,0.00758,-0.01526,-0.00489,0.00831,0.00232,
1631130153093685760,3.55969,-0.35602,0.14790,0.99945,0.02848,0.00760,-0.01525,-0.00557,0.00763,0.00247,
1631130153160357120,3.55968,-0.35599,0.14792,0.99945,0.02850,0.00762,-0.01527,-0.00526,0.00787,0.00224,
1631130153227029760,3.55968,-0.35598,0.14794,0.99945,0.02848,0.00766,-0.01527,-0.00517,0.00776,0.00229,
1631130153293703680,3.55968,-0.35597,0.14792,0.99945,0.02846,0.00767,-0.01527,-0.00496,0.00767,0.00235,
1631130153360376064,3.55969,-0.35593,0.14792,0.99945,0.02846,0.00769,-0.01529,-0.00491,0.00870,0.00257,
1631130153427050240,3.55968,-0.35591,0.14794,0.99945,0.02849,0.00772,-0.01528,-0.00502,0.00814,0.00294,
1631130153493722880,3.55966,-0.35590,0.14801,0.99945,0.02849,0.00776,-0.01528,-0.00493,0.00836,0.00333,
1631130153560396800,3.55964,-0.35584,0.14808,0.99945,0.02845,0.00781,-0.01530,-0.00511,0.00853,0.00337,
1631130153627069696,3.55963,-0.35582,0.14810,0.99945,0.02846,0.00785,-0.01528,-0.00490,0.00812,0.00330,
1631130153693743616,3.55965,-0.35585,0.14811,0.99945,0.02846,0.00788,-0.01526,-0.00470,0.00792,0.00326,
1631130153760416768,3.55967,-0.35588,0.14809,0.99945,0.02847,0.00790,-0.01528,-0.00459,0.00817,0.00309,
1631130153827090432,3.55967,-0.35585,0.14809,0.99945,0.02843,0.00792,-0.01528,-0.00422,0.00855,0.00348,
1631130153893763840,3.55967,-0.35587,0.14811,0.99945,0.02843,0.00794,-0.01528,-0.00410,0.00834,0.00363,
1631130153960437760,3.55966,-0.35583,0.14813,0.99945,0.02847,0.00797,-0.01530,-0.00422,0.00842,0.00361,
1631130154027111680,3.55965,-0.35584,0.14813,0.99945,0.02847,0.00801,-0.01528,-0.00403,0.00801,0.00362,
1631130154093784832,3.55967,-0.35583,0.14815,0.99945,0.02844,0.00803,-0.01528,-0.00385,0.00843,0.00382,
1631130154160459008,3.55964,-0.35581,0.14818,0.99945,0.02845,0.00805,-0.01529,-0.00430,0.00867,0.00440,
1631130154227129344,3.55963,-0.35580,0.14826,0.99945,0.02845,0.00810,-0.01528,-0.00383,0.00820,0.00419,
1631130154293800192,3.55965,-0.35580,0.14827,0.99945,0.02845,0.00813,-0.01529,-0.00392,0.00863,0.00394,
1631130154360470016,3.55964,-0.35580,0.14827,0.99945,0.02843,0.00815,-0.01529,-0.00393,0.00817,0.00396,
1631130154427140864,3.55963,-0.35580,0.14828,0.99945,0.02840,0.00817,-0.01530,-0.00383,0.00768,0.00419,
1631130154493810944,3.55964,-0.35575,0.14829,0.99945,0.02841,0.00818,-0.01531,-0.00362,0.00809,0.00380,
1631130154560481792,3.55964,-0.35575,0.14828,0.99944,0.02844,0.00820,-0.01532,-0.00353,0.00800,0.00423,
1631130154627151616,3.55956,-0.35565,0.14721,0.99943,0.02891,0.00871,-0.01516,-0.00326,0.01751,-0.10043,
1631130154693822720,3.55866,-0.35444,0.13662,0.99935,0.02980,0.01561,-0.01331,-0.03839,0.03038,-0.14939,
1631130154760492288,3.55468,-0.35264,0.12763,0.99927,0.03066,0.02016,-0.01107,-0.07725,0.02291,-0.15498,
1631130154827163136,3.54830,-0.35359,0.11591,0.99912,0.03125,0.02643,-0.00885,-0.11837,0.02105,-0.17469,
1631130154893833216,3.53934,-0.35041,0.10412,0.99889,0.03224,0.03332,-0.00818,-0.15184,0.02203,-0.19323,
1631130154960504064,3.52850,-0.34898,0.09089,0.99868,0.03213,0.03962,-0.00590,-0.17890,0.02815,-0.21775,
1631130155027173888,3.51636,-0.34771,0.07483,0.99835,0.03376,0.04642,-0.00310,-0.20181,0.02564,-0.24669,
1631130155093844992,3.50224,-0.34646,0.05639,0.99795,0.03558,0.05326,-0.00011,-0.22929,0.02164,-0.28528,
1631130155160514560,3.48724,-0.34580,0.03556,0.99746,0.03796,0.06016,0.00320,-0.25365,0.02283,-0.32813,
1631130155227186944,3.47040,-0.34534,0.01210,0.99697,0.04127,0.06554,0.00665,-0.26969,0.01259,-0.36907,
1631130155293858048,3.45315,-0.34577,-0.01405,0.99663,0.04377,0.06879,0.00899,-0.27511,-0.00895,-0.39825,
1631130155360530432,3.43636,-0.35019,-0.02818,0.99718,0.05272,0.05292,0.00719,-0.27547,-0.06527,0.00374,
1631130155427202816,3.41873,-0.35425,-0.03052,0.99795,0.05774,0.02632,0.00775,-0.28081,-0.04016,-0.00278,
1631130155493873920,3.40353,-0.35596,-0.03430,0.99836,0.05656,0.00564,0.00683,-0.13367,-0.03990,-0.09137,
1631130155560546048,3.40240,-0.35925,-0.04378,0.99824,0.05817,0.01151,0.00202,0.07064,-0.04192,-0.17874,
1631130155627217408,3.40928,-0.35998,-0.05945,0.99783,0.06183,0.02252,0.00240,0.12436,0.02877,-0.23335,
1631130155693889536,3.41665,-0.35722,-0.07577,0.99719,0.06659,0.03390,0.00621,0.10586,0.04573,-0.24718,
1631130155760560640,3.42289,-0.35479,-0.09347,0.99624,0.07222,0.04695,0.00974,0.09881,0.03554,-0.28340,
1631130155827233024,3.42816,-0.35243,-0.11411,0.99501,0.07711,0.06222,0.01156,0.09019,0.00838,-0.32297,
1631130155893904128,3.43353,-0.35133,-0.13344,0.99417,0.07252,0.07885,0.01213,0.07992,0.03890,-0.23125,
1631130155960576768,3.43352,-0.34909,-0.13395,0.99514,0.06338,0.07424,0.01267,-0.04284,0.01343,0.06162,
1631130156027248128,3.43231,-0.34868,-0.13333,0.99576,0.05720,0.07104,0.01228,-0.02048,0.01397,0.03560,
1631130156093920512,3.43205,-0.34760,-0.13572,0.99639,0.04883,0.06842,0.01195,-0.01771,0.01989,0.01984,
1631130156160591872,3.43160,-0.34680,-0.13981,0.99692,0.04153,0.06547,0.01158,-0.01940,0.02288,0.00389,
1631130156227262464,3.43108,-0.34555,-0.14001,0.99721,0.03722,0.06365,0.01163,-0.01907,0.02121,0.00281,
1631130156293932544,3.43136,-0.34435,-0.14018,0.99745,0.03341,0.06195,0.01182,-0.01574,0.01922,0.00499,
1631130156360603136,3.43055,-0.34355,-0.13979,0.99768,0.03022,0.05972,0.01244,-0.01740,0.02198,0.00632,
