1631130114024011776,0.00163,-0.00498,0.05709,1.00000,-0.00152,-0.00069,-0.00035,-0.00876,0.00117,0.02587,0.00207,-0.00879,0.18080,0.00000,0.00000,0.00000,
1631130114090625280,0.00121,-0.00557,0.05831,1.00000,-0.00071,-0.00075,-0.00053,-0.01402,-0.01451,0.04070,0.00180,-0.01046,0.18482,0.00000,0.00000,0.00000,
1631130114157239040,0.00260,-0.00430,0.03787,1.00000,0.00087,-0.00255,-0.00162,-0.00795,-0.02463,0.05190,0.00286,-0.01085,0.18808,0.00000,0.00000,0.00000,
1631130114223862528,0.00279,-0.00491,0.04105,0.99999,0.00136,-0.00358,-0.00199,0.00480,-0.01204,0.05471,0.00447,-0.01112,0.19157,0.00000,0.00000,0.00000,
1631130114290485504,0.00489,-0.00469,0.04255,0.99999,0.00076,-0.00263,-0.00219,0.02667,-0.00607,0.05451,0.00600,-0.01087,0.19509,0.00000,0.00000,0.00000,
1631130114357107200,0.00707,-0.00451,0.04418,1.00000,0.00052,-0.00172,-0.00240,0.02527,-0.00848,0.06142,0.00694,-0.01146,0.19880,0.00000,0.00000,0.00000,
1631130114423728896,0.00839,-0.00457,0.04771,0.99999,0.00036,-0.00187,-0.00290,0.01715,-0.00279,0.06120,0.00744,-0.01242,0.20184,0.00000,0.00000,0.00000,
1631130114490348800,0.00930,-0.00493,0.05091,0.99999,0.00017,-0.00232,-0.00324,0.01433,-0.01259,0.04760,0.00740,-0.01402,0.20495,0.00000,0.00000,0.00000,
1631130114556968960,0.00954,-0.00601,0.05361,0.99998,0.00160,-0.00411,-0.00379,0.00014,-0.02182,0.04469,0.00682,-0.01426,0.20685,0.00000,0.00000,0.00000,
1631130114623587072,0.00931,-0.00702,0.05581,0.99997,0.00212,-0.00628,-0.00458,-0.00725,-0.00695,0.02716,0.00650,-0.01401,0.20783,0.00000,0.00000,0.00000,
1631130114690205696,0.00860,-0.00675,0.05639,0.99995,0.00197,-0.00856,-0.00485,-0.01042,0.00283,0.01780,0.00669,-0.01393,0.20830,0.00000,0.00000,0.00000,
1631130114756822272,0.00848,-0.00657,0.05728,0.99994,0.00188,-0.00996,-0.00463,-0.00416,-0.00073,0.00980,0.00731,-0.01399,0.20922,0.00000,0.00000,0.00000,
1631130114823438848,0.00928,-0.00668,0.05727,0.99994,0.00213,-0.01007,-0.00464,0.00579,0.00421,0.00367,0.00846,-0.01499,0.21182,0.00000,0.00000,0.00000,
1631130114890053888,0.00987,-0.00693,0.05764,0.99994,0.00334,-0.00947,-0.00475,0.01272,-0.00806,0.02246,0.01000,-0.01645,0.21689,0.00000,0.00000,0.00000,
1631130114956668928,0.01104,-0.00858,0.06092,0.99993,0.00530,-0.00909,-0.00532,0.02468,-0.02522,0.04791,0.01146,-0.01677,0.22304,0.00000,0.00000,0.00000,
1631130115023282176,0.01272,-0.00945,0.06601,0.99992,0.00505,-0.00997,-0.00558,0.02374,-0.00500,0.07618,0.01259,-0.01655,0.22799,0.00000,0.00000,0.00000,
1631130115089895680,0.01379,-0.00981,0.07200,0.99990,0.00517,-0.01212,-0.00586,0.01651,-0.00711,0.08551,0.01341,-0.01561,0.23177,0.00000,0.00000,0.00000,
1631130115156507136,0.01486,-0.00993,0.07755,0.99987,0.00505,-0.01422,-0.00567,0.01614,0.00515,0.08159,0.01402,-0.01488,0.23419,0.00000,0.00000,0.00000,
1631130115223131136,0.01503,-0.00926,0.08130,0.99984,0.00527,-0.01619,-0.00526,0.00551,0.01374,0.04852,0.01466,-0.01437,0.23570,0.00000,0.00000,0.00000,
1631130115289753088,0.01490,-0.00849,0.08226,0.99983,0.00547,-0.01708,-0.00483,0.00497,0.00769,0.02388,0.01541,-0.01401,0.23614,0.00000,0.00000,0.00000,
1631130115356375040,0.01571,-0.00862,0.08333,0.99982,0.00635,-0.01747,-0.00480,0.00646,0.00477,0.01632,0.01614,-0.01363,0.23686,0.00000,0.00000,0.00000,
1631130115422996224,0.01711,-0.00974,0.08335,0.99982,0.00779,-0.01694,-0.00460,0.01152,-0.00348,0.00275,0.01628,-0.01390,0.23930,0.00000,0.00000,0.00000,
1631130115489615616,0.01772,-0.00965,0.08411,0.99981,0.00828,-0.01679,-0.00445,0.00897,0.00617,0.01199,0.01573,-0.01400,0.24390,0.00000,0.00000,0.00000,
1631130115556235008,0.01735,-0.00878,0.08661,0.99979,0.00839,-0.01813,-0.00436,0.00010,0.00444,0.03608,0.01512,-0.01417,0.24842,0.00000,0.00000,0.00000,
1631130115622852864,0.01694,-0.00893,0.09012,0.99973,0.00929,-0.02063,-0.00433,-0.01049,-0.00090,0.05316,0.01488,-0.01459,0.25144,0.00000,0.00000,0.00000,
1631130115689470720,0.01650,-0.01025,0.09444,0.99964,0.01008,-0.02431,-0.00483,-0.01602,-0.00935,0.06827,0.01548,-0.01520,0.25446,0.00000,0.00000,0.00000,
1631130115756086528,0.01475,-0.01142,0.10514,0.99955,0.01129,-0.02738,-0.00478,-0.00526,-0.01476,0.06235,0.01708,-0.01542,0.25715,0.00000,0.00000,0.00000,
1631130115822702592,0.01536,-0.01246,0.10312,0.99950,0.01318,-0.02804,-0.00578,0.01202,-0.01495,0.04471,0.01879,-0.01472,0.25825,0.00000,0.00000,0.00000,
1631130115889317120,0.01702,-0.01221,0.10527,0.99950,0.01590,-0.02678,-0.00600,0.02389,-0.00238,0.03007,0.02039,-0.01367,0.25914,0.00000,0.00000,0.00000,
1631130115955931392,0.01972,-0.01203,0.10532,0.99957,0.01752,-0.02271,-0.00576,0.03217,0.01296,0.00340,0.02201,-0.01209,0.26037,0.00000,0.00000,0.00000,
1631130116022544128,0.02192,-0.01096,0.10618,0.99964,0.01878,-0.01828,-0.00509,0.02737,0.02076,0.00957,0.02234,-0.01126,0.26206,0.00000,0.00000,0.00000,
1631130116089156608,0.02287,-0.01000,0.10817,0.99968,0.01831,-0.01660,-0.00510,0.01701,0.01507,0.00837,0.02131,-0.01104,0.26669,0.00000,0.00000,0.00000,
1631130116155767808,0.02269,-0.00881,0.11121,0.99970,0.01705,-0.01665,-0.00506,0.00190,0.01579,0.02750,0.02033,-0.01171,0.27023,0.00000,0.00000,0.00000,
1631130116222391552,0.02146,-0.00818,0.11394,0.99965,0.01681,-0.01953,-0.00522,-0.01463,0.00101,0.05350,0.01974,-0.01273,0.27298,0.00000,0.00000,0.00000,
1631130116289013504,0.01975,-0.00892,0.11832,0.99956,0.01800,-0.02308,-0.00564,-0.02132,-0.01747,0.07390,0.01895,-0.01536,0.27845,0.00000,0.00000,0.00000,
1631130116355635968,0.01964,-0.01326,0.12269,0.99940,0.02162,-0.02657,-0.00572,-0.01636,-0.03972,0.07909,0.01914,-0.01625,0.28028,0.00000,0.00000,0.00000,
1631130116422255872,0.02012,-0.01804,0.12598,0.99921,0.02617,-0.02916,-0.00633,-0.00763,-0.03510,0.05878,0.01989,-0.01629,0.28186,0.00000,0.00000,0.00000,
1631130116488876800,0.02256,-0.02316,0.12632,0.99916,0.02886,-0.02825,-0.00674,0.01105,-0.02558,0.02648,0.02087,-0.01639,0.28363,0.00000,0.00000,0.00000,
1631130116555495168,0.02493,-0.02470,0.13128,0.99919,0.03118,-0.02448,-0.00689,0.02164,-0.00217,0.02661,0.02170,-0.01509,0.28538,0.00000,0.00000,0.00000,
1631130116622114304,0.02432,-0.02129,0.13085,0.99919,0.03274,-0.02253,-0.00680,0.01342,0.02227,0.02303,0.02171,-0.01465,0.28613,0.00000,0.00000,0.00000,
1631130116688732160,0.02578,-0.02270,0.13171,0.99917,0.03421,-0.02120,-0.00682,0.00773,0.00739,0.01263,0.02195,-0.01328,0.28747,0.00000,0.00000,0.00000,
1631130116755348480,0.02595,-0.02233,0.13247,0.99913,0.03568,-0.02050,-0.00700,0.00213,0.01673,0.02373,0.02196,-0.01264,0.29011,0.00000,0.00000,0.00000,
1631130116821964544,0.02595,-0.02249,0.13447,0.99903,0.03812,-0.02078,-0.00701,0.00134,0.00187,0.03600,0.02171,-0.01417,0.29505,0.00000,0.00000,0.00000,
1631130116888579072,0.02566,-0.02407,0.13814,0.99885,0.04170,-0.02256,-0.00708,-0.00128,-0.01715,0.06267,0.02191,-0.01446,0.29867,0.00000,0.00000,0.00000,
1631130116955193856,0.02526,-0.02629,0.14287,0.99855,0.04707,-0.02512,-0.00744,0.00060,-0.02159,0.06402,0.02247,-0.01657,0.30198,0.00000,0.00000,0.00000,
1631130117021806592,0.02600,-0.02853,0.14598,0.99834,0.05129,-0.02499,-0.00780,0.01637,-0.02259,0.04412,0.02400,-0.01537,0.30495,0.00000,0.00000,0.00000,
1631130117088419328,0.02717,-0.02883,0.14790,0.99820,0.05462,-0.02320,-0.00833,0.02323,-0.00678,0.04177,0.02546,-0.01524,0.30824,0.00000,0.00000,0.00000,
1631130117155030784,0.02820,-0.02927,0.15121,0.99815,0.05544,-0.02340,-0.00890,0.02604,0.01041,0.04507,0.02687,-0.01395,0.31095,0.00000,0.00000,0.00000,
1631130117221654016,0.02933,-0.02874,0.15412,0.99813,0.05550,-0.02398,-0.00925,0.02420,0.01646,0.04069,0.02769,-0.01313,0.31309,0.00000,0.00000,0.00000,
1631130117288275712,0.03068,-0.02857,0.15627,0.99809,0.05632,-0.02373,-0.00900,0.02119,0.01647,0.03084,0.02875,-0.01173,0.31383,0.00000,0.00000,0.00000,
1631130117354897408,0.03245,-0.02930,0.15663,0.99804,0.05787,-0.02200,-0.00861,0.02048,0.00455,0.00703,0.02903,-0.01225,0.31473,0.00000,0.00000,0.00000,
1631130117421517312,0.03307,-0.02997,0.15731,0.99799,0.05906,-0.02092,-0.00907,0.01374,-0.00007,0.01134,0.02942,-0.01309,0.31625,0.00000,0.00000,0.00000,
1631130117488137472,0.03299,-0.03058,0.15865,0.99788,0.06115,-0.02036,-0.00871,0.00716,-0.01439,0.01749,0.02904,-0.01378,0.31878,0.00000,0.00000,0.00000,
1631130117554755584,0.03273,-0.03219,0.16081,0.99774,0.06331,-0.02074,-0.00897,0.00014,-0.01895,0.03226,0.02817,-0.01392,0.32193,0.00000,0.00000,0.00000,
1631130117621373952,0.03168,-0.03427,0.16435,0.99753,0.06546,-0.02357,-0.00935,-0.01020,-0.01547,0.05058,0.02708,-0.01403,0.32554,0.00000,0.00000,0.00000,
1631130117687990528,0.03005,-0.03514,0.16824,0.99735,0.06687,-0.02713,-0.00949,-0.01405,-0.00317,0.04875,0.02572,-0.01499,0.32928,0.00000,0.00000,0.00000,
1631130117754606848,0.02826,-0.03588,0.17204,0.99721,0.06748,-0.03045,-0.00965,-0.01732,-0.00980,0.05997,0.02505,-0.01420,0.33208,0.00000,0.00000,0.00000,
1631130117821221888,0.02749,-0.03578,0.17514,0.99714,0.06816,-0.03120,-0.01010,-0.00790,0.00041,0.04705,0.02500,-0.01387,0.33482,0.00000,0.00000,0.00000,
1631130117887836672,0.02746,-0.03771,0.17704,0.99719,0.06789,-0.03013,-0.01013,0.00553,-0.00253,0.03381,0.02523,-0.01413,0.33729,0.00000,0.00000,0.00000,
1631130117954449920,0.02800,-0.03744,0.17866,0.99728,0.06720,-0.02841,-0.01034,0.01329,0.00098,0.03528,0.02608,-0.01334,0.33890,0.00000,0.00000,0.00000,
1631130118021063424,0.02899,-0.03756,0.18089,0.99738,0.06650,-0.02649,-0.01028,0.02537,-0.00277,0.03217,0.02750,-0.01358,0.34134,0.00000,0.00000,0.00000,
1631130118087675648,0.02965,-0.03737,0.18358,0.99744,0.06574,-0.02610,-0.01037,0.02481,0.00240,0.03593,0.02854,-0.01320,0.34412,0.00000,0.00000,0.00000,
1631130118154286080,0.03021,-0.03733,0.18645,0.99750,0.06501,-0.02582,-0.01036,0.02104,0.00122,0.03681,0.02916,-0.01356,0.34704,0.00000,0.00000,0.00000,
1631130118221172480,0.03097,-0.03775,0.18944,0.99751,0.06432,-0.02702,-0.01069,0.01937,-0.00168,0.04916,0.03006,-0.01349,0.34932,0.00000,0.00000,0.00000,
1631130118288064256,0.03209,-0.03787,0.19208,0.99751,0.06392,-0.02794,-0.01053,0.02385,0.00179,0.03551,0.03107,-0.01334,0.35198,0.00000,0.00000,0.00000,
1631130118354962944,0.03286,-0.03803,0.19466,0.99749,0.06368,-0.02922,-0.01032,0.01961,-0.00639,0.04433,0.03201,-0.01273,0.35421,0.00000,0.00000,0.00000,
1631130118421866752,0.03405,-0.03851,0.19696,0.99748,0.06401,-0.02895,-0.01037,0.02420,-0.01169,0.02916,0.03322,-0.01394,0.35579,0.00000,0.00000,0.00000,
1631130118488777728,0.03552,-0.03887,0.19749,0.99757,0.06378,-0.02602,-0.01044,0.02829,-0.01113,0.01667,0.03403,-0.01416,0.35617,0.00000,0.00000,0.00000,
1631130118555693568,0.03614,-0.03870,0.19808,0.99765,0.06320,-0.02435,-0.01070,0.02232,-0.00231,0.00865,0.03431,-0.01367,0.35590,0.00000,0.00000,0.00000,
1631130118622616832,0.03641,-0.03824,0.19831,0.99772,0.06258,-0.02315,-0.01059,0.01142,0.00712,0.00400,0.03379,-0.01363,0.35596,0.00000,0.00000,0.00000,
1631130118689544960,0.03604,-0.03814,0.19858,0.99774,0.06213,-0.02315,-0.01061,0.00040,-0.00213,0.00341,0.03281,-0.01355,0.35634,0.00000,0.00000,0.00000,
1631130118756480256,0.03514,-0.03791,0.19889,0.99776,0.06186,-0.02320,-0.01053,-0.00676,0.00170,0.00844,0.03166,-0.01234,0.35612,0.00000,0.00000,0.00000,
1631130118823420672,0.03393,-0.03758,0.19925,0.99778,0.06137,-0.02351,-0.01050,-0.00959,0.00408,0.00755,0.03055,-0.01234,0.35632,0.00000,0.00000,0.00000,
1631130118890368512,0.03283,-0.03721,0.19932,0.99781,0.06088,-0.02339,-0.01059,-0.00939,0.00145,0.00451,0.02963,-0.01208,0.35606,0.00000,0.00000,0.00000,
1631130118957320960,0.03187,-0.03707,0.19930,0.99784,0.06058,-0.02314,-0.01055,-0.00718,-0.00255,0.00050,0.02832,-0.01360,0.35678,0.00000,0.00000,0.00000,
1631130119024280832,0.03087,-0.03738,0.19915,0.99785,0.06032,-0.02312,-0.01073,-0.00730,-0.00186,0.00322,0.02738,-0.01318,0.35657,0.00000,0.00000,0.00000,
1631130119091245568,0.02992,-0.03733,0.19906,0.99788,0.05992,-0.02304,-0.01044,-0.00769,0.00213,0.00291,0.02618,-0.01286,0.35639,0.00000,0.00000,0.00000,
1631130119158216704,0.02895,-0.03692,0.19917,0.99791,0.05943,-0.02308,-0.01053,-0.00372,0.00117,0.00137,0.02551,-0.01293,0.35642,0.00000,0.00000,0.00000,
1631130119224887040,0.02821,-0.03664,0.19923,0.99794,0.05895,-0.02318,-0.01043,0.00101,-0.00370,0.00048,0.02525,-0.01300,0.35647,0.00000,0.00000,0.00000,
1631130119291558400,0.02799,-0.03668,0.19932,0.99796,0.05866,-0.02299,-0.01064,0.00638,0.00115,0.00251,0.02537,-0.01298,0.35642,0.00000,0.00000,0.00000,
1631130119358229760,0.02806,-0.03669,0.19939,0.99798,0.05830,-0.02295,-0.01062,0.01192,0.00008,0.00087,0.02549,-0.01292,0.35639,0.00000,0.00000,0.00000,
1631130119424900096,0.02824,-0.03623,0.19924,0.99802,0.05777,-0.02268,-0.01062,0.01029,0.00130,0.00162,0.02548,-0.01293,0.35639,0.00000,0.00000,0.00000,
1631130119491571456,0.02823,-0.03628,0.19929,0.99804,0.05738,-0.02265,-0.01064,0.00780,0.00064,0.00197,0.02540,-0.01295,0.35641,0.00000,0.00000,0.00000,
1631130119558241792,0.02823,-0.03630,0.19937,0.99806,0.05705,-0.02260,-0.01065,0.00922,0.00030,0.00145,0.02542,-0.01296,0.35641,0.00000,0.00000,0.00000,
1631130119624913152,0.02832,-0.03581,0.19926,0.99809,0.05662,-0.02240,-0.01070,0.01039,0.00140,0.00086,0.02548,-0.01288,0.35631,0.00000,0.00000,0.00000,
1631130119691583744,0.02837,-0.03561,0.19935,0.99812,0.05609,-0.02233,-0.01070,0.00992,0.00052,0.00106,0.02545,-0.01296,0.35639,0.00000,0.00000,0.00000,
1631130119758255360,0.02834,-0.03551,0.19938,0.99815,0.05560,-0.02235,-0.01069,0.00919,-0.00048,0.00082,0.02543,-0.01296,0.35641,0.00000,0.00000,0.00000,
1631130119824925184,0.02838,-0.03569,0.19934,0.99817,0.05519,-0.02238,-0.01067,0.00979,-0.00023,0.00036,0.02545,-0.01296,0.35639,0.00000,0.00000,0.00000,
1631130119891596800,0.02846,-0.03558,0.19938,0.99819,0.05480,-0.02225,-0.01068,0.01043,0.00100,0.00027,0.02546,-0.01295,0.35639,0.00000,0.00000,0.00000,
1631130119958266880,0.02844,-0.03517,0.19944,0.99822,0.05442,-0.02213,-0.01071,0.00947,0.00057,0.00016,0.02545,-0.01296,0.35639,0.00000,0.00000,0.00000,
1631130120024938496,0.02848,-0.03514,0.19948,0.99824,0.05406,-0.02198,-0.01073,0.00935,0.00084,-0.00009,0.02545,-0.01295,0.35638,0.00000,0.00000,0.00000,
1631130120091609088,0.02854,-0.03495,0.19947,0.99826,0.05366,-0.02185,-0.01073,0.01025,0.00103,-0.00055,0.02547,-0.01295,0.35638,0.00000,0.00000,0.00000,
1631130120158280448,0.02853,-0.03470,0.19961,0.99828,0.05329,-0.02178,-0.01074,0.01005,-0.00004,-0.00031,0.02547,-0.01295,0.35639,0.00000,0.00000,0.00000,
1631130120224949760,0.02856,-0.03451,0.19964,0.99831,0.05287,-0.02164,-0.01077,0.00975,0.00066,-0.00051,0.02546,-0.01298,0.35638,0.00000,0.00000,0.00000,
1631130120291620608,0.02861,-0.03430,0.19962,0.99833,0.05249,-0.02147,-0.01079,0.00960,0.00214,-0.00039,0.02547,-0.01295,0.35638,0.00000,0.00000,0.00000,
1631130120358290176,0.02864,-0.03414,0.19973,0.99835,0.05217,-0.02141,-0.01079,0.01055,0.00190,-0.00065,0.02547,-0.01295,0.35636,0.00000,0.00000,0.00000,
1631130120424960768,0.02861,-0.03408,0.19982,0.99837,0.05186,-0.02150,-0.01076,0.01042,0.00107,-0.00036,0.02547,-0.01296,0.35638,0.00000,0.00000,0.00000,
1631130120491630592,0.02861,-0.03394,0.19990,0.99838,0.05149,-0.02148,-0.01077,0.01039,0.00159,-0.00032,0.02546,-0.01295,0.35639,0.00000,0.00000,0.00000,
1631130120558301184,0.02863,-0.03372,0.19988,0.99841,0.05108,-0.02140,-0.01079,0.01023,0.00164,-0.00053,0.02547,-0.01297,0.35637,0.00000,0.00000,0.00000,
1631130120624970752,0.02867,-0.03363,0.19994,0.99843,0.05072,-0.02137,-0.01078,0.01022,0.00268,-0.00071,0.02548,-0.01296,0.35638,0.00000,0.00000,0.00000,
1631130120691641344,0.02867,-0.03338,0.19992,0.99845,0.05031,-0.02133,-0.01080,0.00982,0.00335,-0.00100,0.02548,-0.01296,0.35637,0.00000,0.00000,0.00000,
1631130120758311936,0.02862,-0.03345,0.20002,0.99846,0.04998,-0.02149,-0.01077,0.01059,0.00221,-0.00096,0.02548,-0.01296,0.35637,0.00000,0.00000,0.00000,
1631130120824981504,0.02862,-0.03331,0.19987,0.99848,0.04951,-0.02159,-0.01076,0.01029,0.00293,-0.00132,0.02550,-0.01303,0.35634,0.00000,0.00000,0.00000,
1631130120891652096,0.02861,-0.03282,0.19978,0.99851,0.04898,-0.02150,-0.01079,0.00974,0.00377,-0.00174,0.02549,-0.01296,0.35635,0.00000,0.00000,0.00000,
1631130120958321664,0.02859,-0.03305,0.19993,0.99853,0.04860,-0.02169,-0.01074,0.01011,0.00191,-0.00128,0.02549,-0.01296,0.35636,0.00000,0.00000,0.00000,
1631130121024992256,0.02860,-0.03285,0.20010,0.99854,0.04827,-0.02164,-0.01076,0.01092,0.00300,-0.00085,0.02550,-0.01296,0.35638,0.00000,0.00000,0.00000,
1631130121091661568,0.02851,-0.03277,0.20007,0.99856,0.04786,-0.02178,-0.01074,0.00952,0.00208,-0.00135,0.02549,-0.01296,0.35637,0.00000,0.00000,0.00000,
1631130121158332160,0.02851,-0.03291,0.20019,0.99857,0.04758,-0.02183,-0.01072,0.01040,0.00271,-0.00145,0.02550,-0.01297,0.35637,0.00000,0.00000,0.00000,
1631130121225002496,0.02843,-0.03254,0.20035,0.99858,0.04736,-0.02187,-0.01073,0.00994,0.00202,-0.00128,0.02550,-0.01296,0.35636,0.00000,0.00000,0.00000,
1631130121291673600,0.02840,-0.03218,0.20038,0.99859,0.04712,-0.02176,-0.01077,0.00979,0.00167,-0.00210,0.02554,-0.01292,0.35641,0.00000,0.00000,0.00000,
1631130121358344192,0.02841,-0.03281,0.19971,0.99860,0.04691,-0.02199,-0.01069,0.00922,0.00158,-0.00177,0.02550,-0.01296,0.35636,0.00000,0.00000,0.00000,
1631130121425015552,0.02839,-0.03276,0.19986,0.99861,0.04674,-0.02208,-0.01070,0.00992,0.00175,-0.00171,0.02551,-0.01296,0.35636,0.00000,0.00000,0.00000,
1631130121491685632,0.02840,-0.03274,0.19978,0.99861,0.04652,-0.02219,-0.01068,0.00935,0.00189,-0.00173,0.02551,-0.01295,0.35635,0.00000,0.00000,0.00000,
1631130121558356992,0.02840,-0.03264,0.19976,0.99863,0.04622,-0.02227,-0.01068,0.00995,0.00276,-0.00211,0.02552,-0.01303,0.35630,0.00000,0.00000,0.00000,
1631130121625027328,0.02837,-0.03257,0.19986,0.99863,0.04601,-0.02232,-0.01068,0.01054,0.00264,-0.00159,0.02551,-0.01295,0.35634,0.00000,0.00000,0.00000,
1631130121691698432,0.02831,-0.03246,0.19988,0.99864,0.04581,-0.02238,-0.01067,0.00939,0.00181,-0.00144,0.02555,-0.01291,0.35638,0.00000,0.00000,0.00000,
1631130121758369024,0.02834,-0.03237,0.19988,0.99865,0.04557,-0.02231,-0.01068,0.00899,0.00331,-0.00217,0.02551,-0.01295,0.35634,0.00000,0.00000,0.00000,
1631130121825040384,0.02832,-0.03240,0.19995,0.99866,0.04543,-0.02234,-0.01066,0.00914,0.00179,-0.00170,0.02551,-0.01295,0.35634,0.00000,0.00000,0.00000,
1631130121891710720,0.02831,-0.03225,0.19999,0.99867,0.04531,-0.02228,-0.01070,0.00935,0.00201,-0.00200,0.02552,-0.01296,0.35634,0.00000,0.00000,0.00000,
1631130121958381824,0.02830,-0.03215,0.19986,0.99868,0.04509,-0.02228,-0.01067,0.00799,0.00295,-0.00197,0.02556,-0.01292,0.35639,0.00000,0.00000,0.00000,
1631130122025053184,0.02830,-0.03226,0.19992,0.99868,0.04498,-0.02240,-0.01066,0.00840,0.00286,-0.00245,0.02555,-0.01290,0.35639,0.00000,0.00000,0.00000,
1631130122091723776,0.02830,-0.03219,0.20009,0.99868,0.04487,-0.02246,-0.01066,0.01038,0.00300,-0.00209,0.02551,-0.01296,0.35634,0.00000,0.00000,0.00000,
1631130122158395136,0.02830,-0.03202,0.20003,0.99869,0.04471,-0.02249,-0.01067,0.01060,0.00315,-0.00213,0.02552,-0.01294,0.35633,0.00000,0.00000,0.00000,
1631130122225065472,0.02829,-0.03207,0.19996,0.99870,0.04454,-0.02257,-0.01065,0.00983,0.00251,-0.00218,0.02556,-0.01290,0.35639,0.00000,0.00000,0.00000,
1631130122291737088,0.02829,-0.03199,0.19994,0.99871,0.04430,-0.02262,-0.01065,0.00966,0.00369,-0.00223,0.02552,-0.01295,0.35634,0.00000,0.00000,0.00000,
1631130122358407680,0.02825,-0.03191,0.19998,0.99871,0.04412,-0.02272,-0.01065,0.01051,0.00184,-0.00282,0.02552,-0.01296,0.35633,0.00000,0.00000,0.00000,
1631130122425079296,0.02825,-0.03176,0.20003,0.99872,0.04387,-0.02271,-0.01065,0.01125,0.00200,-0.00239,0.02552,-0.01295,0.35633,0.00000,0.00000,0.00000,
1631130122491749888,0.02826,-0.03157,0.19994,0.99874,0.04352,-0.02264,-0.01068,0.01015,0.00293,-0.00259,0.02552,-0.01296,0.35633,0.00000,0.00000,0.00000,
1631130122558421248,0.02827,-0.03154,0.20018,0.99875,0.04331,-0.02259,-0.01066,0.01135,0.00209,-0.00272,0.02552,-0.01296,0.35632,0.00000,0.00000,0.00000,
1631130122625092096,0.02827,-0.03148,0.20018,0.99876,0.04301,-0.02262,-0.01067,0.01073,0.00255,-0.00253,0.02557,-0.01290,0.35638,0.00000,0.00000,0.00000,
1631130122691763712,0.02825,-0.03141,0.20014,0.99877,0.04277,-0.02260,-0.01067,0.01049,0.00300,-0.00250,0.02553,-0.01296,0.35632,0.00000,0.00000,0.00000,
1631130122758434304,0.02825,-0.03124,0.20003,0.99878,0.04254,-0.02263,-0.01067,0.00992,0.00298,-0.00299,0.02553,-0.01297,0.35633,0.00000,0.00000,0.00000,
1631130122825105920,0.02826,-0.03110,0.20003,0.99880,0.04217,-0.02272,-0.01065,0.01046,0.00333,-0.00288,0.02554,-0.01297,0.35632,0.00000,0.00000,0.00000,
1631130122891776512,0.02825,-0.03116,0.20024,0.99880,0.04194,-0.02278,-0.01064,0.01147,0.00278,-0.00229,0.02553,-0.01295,0.35633,0.00000,0.00000,0.00000,
1631130122958448128,0.02822,-0.03105,0.20029,0.99881,0.04173,-0.02282,-0.01064,0.01101,0.00278,-0.00257,0.02554,-0.01303,0.35628,0.00000,0.00000,0.00000,
1631130123025118976,0.02817,-0.03093,0.20034,0.99882,0.04154,-0.02282,-0.01065,0.01046,0.00225,-0.00240,0.02553,-0.01297,0.35633,0.00000,0.00000,0.00000,
1631130123091790592,0.02817,-0.03083,0.20029,0.99883,0.04139,-0.02283,-0.01065,0.01032,0.00408,-0.00319,0.02558,-0.01292,0.35637,0.00000,0.00000,0.00000,
1631130123158461440,0.02814,-0.03076,0.20033,0.99883,0.04129,-0.02288,-0.01066,0.01025,0.00387,-0.00252,0.02554,-0.01303,0.35627,0.00000,0.00000,0.00000,
1631130123225133056,0.02807,-0.03070,0.20039,0.99883,0.04114,-0.02299,-0.01065,0.00957,0.00310,-0.00280,0.02554,-0.01297,0.35632,0.00000,0.00000,0.00000,
1631130123291803392,0.02810,-0.03069,0.20062,0.99884,0.04107,-0.02294,-0.01065,0.01174,0.00375,-0.00238,0.02554,-0.01296,0.35632,0.00000,0.00000,0.00000,
1631130123358475264,0.02807,-0.03064,0.20046,0.99884,0.04097,-0.02295,-0.01067,0.01002,0.00306,-0.00314,0.02554,-0.01295,0.35632,0.00000,0.00000,0.00000,
1631130123425146880,0.02806,-0.03060,0.20049,0.99884,0.04091,-0.02289,-0.01065,0.00946,0.00272,-0.00251,0.02559,-0.01298,0.35632,0.00000,0.00000,0.00000,
1631130123491817472,0.02806,-0.03060,0.20042,0.99885,0.04085,-0.02286,-0.01065,0.00828,0.00472,-0.00258,0.02558,-0.01292,0.35636,0.00000,0.00000,0.00000,
1631130123558489088,0.02809,-0.03083,0.20071,0.99884,0.04095,-0.02288,-0.01062,0.01019,0.00233,-0.00238,0.02555,-0.01296,0.35631,0.00000,0.00000,0.00000,
1631130123625159680,0.02805,-0.03067,0.20052,0.99884,0.04091,-0.02292,-0.01064,0.00858,0.00391,-0.00305,0.02558,-0.01292,0.35636,0.00000,0.00000,0.00000,
1631130123691831296,0.02807,-0.03064,0.20057,0.99885,0.04086,-0.02293,-0.01064,0.01028,0.00402,-0.00283,0.02559,-0.01290,0.35637,0.00000,0.00000,0.00000,
1631130123758501888,0.02806,-0.03076,0.20057,0.99884,0.04085,-0.02297,-0.01062,0.01032,0.00143,-0.00270,0.02555,-0.01295,0.35631,0.00000,0.00000,0.00000,
1631130123825173504,0.02811,-0.03072,0.20054,0.99885,0.04079,-0.02292,-0.01064,0.01057,0.00381,-0.00317,0.02554,-0.01296,0.35632,0.00000,0.00000,0.00000,
1631130123891844352,0.02808,-0.03076,0.20047,0.99885,0.04076,-0.02299,-0.01063,0.00930,0.00346,-0.00255,0.02559,-0.01293,0.35636,0.00000,0.00000,0.00000,
1631130123958515968,0.02805,-0.03084,0.20067,0.99885,0.04078,-0.02304,-0.01062,0.01030,0.00245,-0.00285,0.02558,-0.01292,0.35635,0.00000,0.00000,0.00000,
1631130124025186560,0.02801,-0.03062,0.20056,0.99885,0.04075,-0.02300,-0.01063,0.00941,0.00318,-0.00354,0.02555,-0.01296,0.35631,0.00000,0.00000,0.00000,
1631130124091858432,0.02808,-0.03074,0.20059,0.99885,0.04077,-0.02301,-0.01063,0.01041,0.00403,-0.00340,0.02559,-0.01291,0.35635,0.00000,0.00000,0.00000,
1631130124158529024,0.02806,-0.03078,0.20060,0.99884,0.04079,-0.02308,-0.01063,0.00974,0.00336,-0.00266,0.02555,-0.01296,0.35631,0.00000,0.00000,0.00000,
1631130124225200640,0.02805,-0.03078,0.20056,0.99884,0.04078,-0.02314,-0.01063,0.00959,0.00451,-0.00335,0.02555,-0.01296,0.35630,0.00000,0.00000,0.00000,
1631130124291871232,0.02805,-0.03082,0.20073,0.99884,0.04085,-0.02316,-0.01063,0.01135,0.00398,-0.00295,0.02556,-0.01303,0.35627,0.00000,0.00000,0.00000,
1631130124358542848,0.02795,-0.03066,0.20059,0.99884,0.04087,-0.02323,-0.01065,0.00943,0.00424,-0.00346,0.02554,-0.01295,0.35630,0.00000,0.00000,0.00000,
1631130124425213696,0.02799,-0.03079,0.20056,0.99884,0.04088,-0.02329,-0.01062,0.00968,0.00454,-0.00334,0.02555,-0.01296,0.35630,0.00000,0.00000,0.00000,
1631130124491885312,0.02797,-0.03097,0.20089,0.99883,0.04102,-0.02336,-0.01061,0.01164,0.00283,-0.00250,0.02555,-0.01295,0.35630,0.00000,0.00000,0.00000,
1631130124558555904,0.02785,-0.03072,0.20060,0.99882,0.04110,-0.02343,-0.01063,0.00826,0.00569,-0.00336,0.02555,-0.01295,0.35630,0.00000,0.00000,0.00000,
1631130124625227776,0.02782,-0.03079,0.20059,0.99882,0.04118,-0.02347,-0.01063,0.00832,0.00530,-0.00344,0.02556,-0.01303,0.35626,0.00000,0.00000,0.00000,
1631130124691899392,0.02782,-0.03103,0.20079,0.99881,0.04134,-0.02352,-0.01060,0.01040,0.00268,-0.00320,0.02556,-0.01296,0.35629,0.00000,0.00000,0.00000,
1631130124758569984,0.02785,-0.03117,0.20076,0.99881,0.04142,-0.02361,-0.01057,0.01034,0.00379,-0.00323,0.02556,-0.01303,0.35625,0.00000,0.00000,0.00000,
1631130124825242112,0.02788,-0.03121,0.20064,0.99880,0.04145,-0.02368,-0.01058,0.01022,0.00401,-0.00360,0.02555,-0.01296,0.35629,0.00000,0.00000,0.00000,
1631130124891912704,0.02789,-0.03102,0.20051,0.99880,0.04146,-0.02366,-0.01061,0.01039,0.00438,-0.00360,0.02556,-0.01296,0.35629,0.00000,0.00000,0.00000,
1631130124958584576,0.02791,-0.03099,0.20049,0.99880,0.04150,-0.02358,-0.01062,0.01025,0.00374,-0.00297,0.02555,-0.01296,0.35630,0.00000,0.00000,0.00000,
1631130125025255168,0.02794,-0.03112,0.20057,0.99880,0.04156,-0.02351,-0.01062,0.01102,0.00291,-0.00283,0.02555,-0.01295,0.35629,0.00000,0.00000,0.00000,
1631130125091927040,0.02794,-0.03108,0.20054,0.99880,0.04159,-0.02344,-0.01063,0.01070,0.00262,-0.00338,0.02556,-0.01296,0.35629,0.00000,0.00000,0.00000,
1631130125158597632,0.02790,-0.03103,0.20040,0.99880,0.04159,-0.02342,-0.01063,0.00864,0.00241,-0.00292,0.02560,-0.01292,0.35634,0.00000,0.00000,0.00000,
1631130125225269760,0.02798,-0.03094,0.20057,0.99881,0.04161,-0.02325,-0.01066,0.01100,0.00455,-0.00344,0.02559,-0.01291,0.35633,0.00000,0.00000,0.00000,
1631130125291940608,0.02802,-0.03090,0.20047,0.99881,0.04163,-0.02312,-0.01067,0.01004,0.00501,-0.00310,0.02559,-0.01292,0.35634,0.00000,0.00000,0.00000,
1631130125358612480,0.02803,-0.03109,0.20058,0.99880,0.04174,-0.02312,-0.01064,0.00963,0.00224,-0.00255,0.02559,-0.01292,0.35633,0.00000,0.00000,0.00000,
1631130125425283584,0.02801,-0.03116,0.20066,0.99880,0.04185,-0.02312,-0.01065,0.01016,0.00220,-0.00283,0.02553,-0.01295,0.35614,0.00000,0.00000,0.00000,
1631130125491955456,0.02801,-0.03118,0.20069,0.99880,0.04197,-0.02311,-0.01063,0.01052,0.00270,-0.00277,0.02557,-0.01293,0.35615,0.00000,0.00000,0.00000,
1631130125558626560,0.02802,-0.03103,0.20041,0.99880,0.04197,-0.02307,-0.01067,0.00874,0.00477,-0.00380,0.02550,-0.01315,0.35620,0.00000,0.00000,0.00000,
1631130125625298688,0.02801,-0.03115,0.20041,0.99879,0.04202,-0.02309,-0.01065,0.00834,0.00151,-0.00322,0.02548,-0.01307,0.35623,0.00000,0.00000,0.00000,
1631130125691969536,0.02807,-0.03121,0.20052,0.99879,0.04204,-0.02307,-0.01066,0.01029,0.00358,-0.00358,0.02549,-0.01307,0.35623,0.00000,0.00000,0.00000,
1631130125758641920,0.02811,-0.03135,0.20048,0.99879,0.04207,-0.02309,-0.01064,0.01070,0.00355,-0.00304,0.02550,-0.01314,0.35619,0.00000,0.00000,0.00000,
1631130125825313024,0.02800,-0.03123,0.20032,0.99879,0.04213,-0.02314,-0.01065,0.00847,0.00271,-0.00320,0.02557,-0.01301,0.35632,0.00000,0.00000,0.00000,
1631130125891985152,0.02798,-0.03106,0.20036,0.99879,0.04213,-0.02307,-0.01066,0.00972,0.00307,-0.00413,0.02554,-0.01313,0.35624,0.00000,0.00000,0.00000,
1631130125958656256,0.02807,-0.03118,0.20045,0.99879,0.04220,-0.02301,-0.01069,0.01118,0.00238,-0.00315,0.02554,-0.01301,0.35627,0.00000,0.00000,0.00000,
1631130126025328384,0.02809,-0.03114,0.20042,0.99879,0.04218,-0.02302,-0.01068,0.01090,0.00235,-0.00370,0.02554,-0.01301,0.35627,0.00000,0.00000,0.00000,
1631130126092000768,0.02812,-0.03105,0.20029,0.99879,0.04211,-0.02305,-0.01067,0.01049,0.00479,-0.00371,0.02553,-0.01306,0.35627,0.00000,0.00000,0.00000,
1631130126158671872,0.02811,-0.03125,0.20024,0.99879,0.04205,-0.02316,-0.01066,0.00959,0.00215,-0.00336,0.02553,-0.01307,0.35627,0.00000,0.00000,0.00000,
1631130126225342976,0.02802,-0.03107,0.20028,0.99879,0.04202,-0.02319,-0.01067,0.00937,0.00313,-0.00319,0.02549,-0.01308,0.35624,0.00000,0.00000,0.00000,
1631130126292013312,0.02801,-0.03101,0.20047,0.99879,0.04205,-0.02315,-0.01069,0.01044,0.00284,-0.00275,0.02559,-0.01309,0.35627,0.00000,0.00000,0.00000,
1631130126358684416,0.02802,-0.03114,0.20046,0.99879,0.04208,-0.02318,-0.01068,0.01022,0.00160,-0.00340,0.02549,-0.01307,0.35623,0.00000,0.00000,0.00000,
1631130126425354752,0.02808,-0.03128,0.20047,0.99879,0.04212,-0.02324,-0.01066,0.01117,0.00334,-0.00288,0.02559,-0.01312,0.35615,0.00000,0.00000,0.00000,
1631130126492026112,0.02690,-0.03332,0.20336,0.99864,0.04529,-0.02373,-0.01050,0.00007,0.00044,-0.00108,0.02586,-0.01274,0.35616,0.00000,0.00000,0.00000,
1631130126558696192,0.02666,-0.03434,0.20328,0.99846,0.04860,-0.02474,-0.01033,0.00108,-0.00524,-0.00190,0.02546,-0.01288,0.35647,0.00000,0.00000,0.00000,
1631130126625367296,0.02579,-0.03577,0.20345,0.99824,0.05215,-0.02632,-0.01022,-0.01703,-0.00947,0.00496,0.02495,-0.01284,0.35694,0.00000,0.00000,0.00000,
1631130126692037888,0.02494,-0.03712,0.20376,0.99802,0.05541,-0.02776,-0.01028,0.00298,-0.00865,0.00432,0.02627,-0.01240,0.35961,0.00000,0.00000,0.00000,
1631130126758708992,0.02147,-0.04187,0.20414,0.99786,0.05912,-0.02626,-0.00979,-0.12265,-0.12780,0.03642,0.02701,-0.01223,0.36497,0.00000,0.00000,0.00000,
1631130126825379072,0.01285,-0.04986,0.20740,0.99665,0.07487,-0.03056,-0.01191,-0.41644,-0.27561,-0.02318,0.02562,-0.00978,0.36788,0.00000,0.00000,0.00000,
1631130126892050432,0.01936,-0.03879,0.21305,0.99677,0.07314,-0.03086,-0.01190,-0.18089,-0.09881,0.03120,0.02226,-0.00698,0.37062,0.00000,0.00000,0.00000,
1631130126958720768,0.01387,-0.03009,0.21841,0.99889,0.03962,-0.02356,-0.00987,-0.16036,0.06890,-0.01151,0.01881,0.00074,0.37884,0.00000,0.00000,0.00000,
1631130127025391872,0.02622,-0.02285,0.21673,0.99917,0.03965,0.00924,-0.00265,0.08031,0.31392,0.22611,0.02013,0.01214,0.38905,0.00000,0.00000,0.00000,
1631130127092062208,0.02451,-0.05795,0.22700,0.99667,0.08112,-0.00577,0.00654,0.09284,-0.42859,0.08936,0.02150,0.01895,0.39054,0.00000,0.00000,0.00000,
1631130127158733312,0.02426,-0.03005,0.23656,0.99811,0.05547,-0.02626,0.00156,0.06020,-0.07174,-0.01759,0.02315,0.02784,0.38608,0.00000,0.00000,0.00000,
1631130127225403648,0.02161,-0.01363,0.23434,0.99760,0.06153,-0.03141,0.00364,0.02695,0.03471,-0.05612,0.01989,0.03324,0.38354,0.00000,0.00000,0.00000,
1631130127292075008,0.02225,0.00013,0.22907,0.99871,0.04422,-0.02461,0.00344,-0.01751,0.06925,-0.09124,0.01867,0.03191,0.38806,0.00000,0.00000,0.00000,
1631130127358746112,0.01892,-0.00665,0.22841,0.99826,0.05350,-0.02447,-0.00281,0.01328,-0.13040,0.01607,0.01602,0.03080,0.38075,0.00000,0.00000,0.00000,
1631130127425416192,0.01648,-0.01180,0.22972,0.99722,0.06991,-0.02595,-0.00008,-0.00512,-0.00276,-0.12112,0.01238,0.02579,0.37154,0.00000,0.00000,0.00000,
1631130127492087296,0.01263,-0.01930,0.22501,0.99663,0.07823,-0.02262,-0.00947,-0.03557,-0.15443,-0.14006,0.00927,0.02073,0.36821,0.00000,0.00000,0.00000,
1631130127558757888,0.01354,-0.01968,0.21547,0.99648,0.08165,-0.01465,-0.01186,-0.03307,-0.09025,-0.08363,0.00978,0.02259,0.37488,0.00000,0.00000,0.00000,
1631130127625428992,0.00870,-0.02055,0.21245,0.99650,0.08114,-0.01431,-0.01405,-0.00698,-0.03947,0.14743,0.01214,0.02557,0.38358,0.00000,0.00000,0.00000,
1631130127692099072,0.01013,-0.02574,0.22533,0.99711,0.07459,-0.01459,-0.00206,0.03733,-0.05017,0.15699,0.01639,0.02880,0.38666,0.00000,0.00000,0.00000,
1631130127758770176,0.01329,-0.01969,0.23865,0.99723,0.07053,-0.02153,-0.00960,0.09383,0.02736,0.12030,0.02669,0.03581,0.38706,0.00000,0.00000,0.00000,
1631130127825440768,0.02407,-0.01095,0.23719,0.99694,0.07451,-0.01995,-0.01260,0.16945,0.10283,0.04878,0.04619,0.05337,0.38251,0.00000,0.00000,0.00000,
1631130127892111872,0.04217,0.00701,0.23447,0.99805,0.05936,-0.01032,-0.01649,0.28322,0.27820,0.00027,0.06425,0.06494,0.38882,0.00000,0.00000,0.00000,
1631130127958781952,0.06305,0.02315,0.24088,0.99822,0.05402,-0.01132,-0.02280,0.35955,0.15511,0.16004,0.08024,0.08011,0.40348,0.00000,0.00000,0.00000,
1631130128025453056,0.08653,0.05101,0.25359,0.99729,0.06879,-0.01233,-0.02319,0.17926,0.15039,0.30151,0.09857,0.08754,0.39902,0.00000,0.00000,0.00000,
1631130128092123392,0.09617,0.04685,0.24493,0.99495,0.09472,-0.02254,-0.02456,0.26952,0.15465,-0.12909,0.10972,0.09003,0.40078,0.00000,0.00000,0.00000,
1631130128158794752,0.11173,0.05077,0.24226,0.99816,0.05102,-0.02306,-0.02333,0.17311,-0.03078,0.07097,0.12052,0.08287,0.40317,0.00000,0.00000,0.00000,
1631130128225464832,0.11790,0.05568,0.24335,0.99894,0.01410,-0.03042,-0.03149,0.15053,-0.10071,-0.06496,0.12767,0.08120,0.40802,0.00000,0.00000,0.00000,
1631130128292136192,0.12684,0.05725,0.24554,0.99952,0.01108,-0.02028,-0.02051,0.06932,-0.07390,0.13769,0.13509,0.06779,0.41211,0.00000,0.00000,0.00000,
1631130128358806272,0.12911,0.03307,0.25114,0.99896,0.01849,-0.03083,-0.02798,0.06127,-0.08038,-0.01144,0.13951,0.06710,0.41245,0.00000,0.00000,0.00000,
1631130128425477632,0.13663,0.04012,0.25114,0.99946,0.00253,-0.02183,-0.02423,0.03510,-0.01565,-0.01087,0.14389,0.06465,0.41060,0.00000,0.00000,0.00000,
1631130128492147968,0.14195,0.03694,0.25088,0.99946,-0.00613,-0.01478,-0.02872,0.01049,0.05667,0.01637,0.14549,0.06696,0.41258,0.00000,0.00000,0.00000,
1631130128558819072,0.14731,0.03718,0.25198,0.99960,0.00794,-0.01532,-0.02259,0.06424,-0.02501,0.04692,0.15102,0.06697,0.41317,0.00000,0.00000,0.00000,
1631130128625489408,0.15207,0.03603,0.25314,0.99956,0.01497,-0.00890,-0.02382,0.07644,0.04681,-0.05354,0.15706,0.06533,0.40697,0.00000,0.00000,0.00000,
1631130128692160512,0.15548,0.03840,0.24803,0.99954,0.01883,-0.00132,-0.02367,0.04932,-0.10098,-0.02274,0.16185,0.05647,0.40474,0.00000,0.00000,0.00000,
1631130128758831616,0.16178,0.02816,0.24161,0.99912,0.03149,0.00677,-0.02669,0.06173,-0.11091,-0.03897,0.16692,0.04761,0.40006,0.00000,0.00000,0.00000,
1631130128825502208,0.16878,0.01931,0.23790,0.99883,0.03898,0.01394,-0.02508,0.08919,-0.16116,-0.06319,0.17390,0.04049,0.40498,0.00000,0.00000,0.00000,
1631130128892173312,0.17634,0.01132,0.24276,0.99902,0.03497,0.01806,-0.02018,0.10391,-0.13787,0.17999,0.17876,0.03173,0.41253,0.00000,0.00000,0.00000,
1631130128958843392,0.18246,0.00352,0.24942,0.99915,0.03215,0.00636,-0.02482,0.08043,-0.10647,0.04294,0.18455,0.02427,0.41386,0.00000,0.00000,0.00000,
1631130129025514752,0.18733,-0.00131,0.25078,0.99918,0.03407,0.00357,-0.02174,0.05322,-0.05999,0.05341,0.18783,0.02226,0.41261,0.00000,0.00000,0.00000,
1631130129092185088,0.19217,-0.00496,0.25018,0.99954,0.01951,0.00516,-0.02257,0.02260,0.00847,-0.01939,0.18873,0.02269,0.41245,0.00000,0.00000,0.00000,
1631130129158856448,0.19566,-0.00490,0.24745,0.99971,0.01487,0.00421,-0.01827,0.01123,-0.03431,0.09763,0.18978,0.01988,0.41743,0.00000,0.00000,0.00000,
1631130129225526784,0.19456,-0.00721,0.25552,0.99952,0.02366,-0.00062,-0.02009,0.03786,0.00836,-0.02092,0.19246,0.01769,0.41184,0.00000,0.00000,0.00000,
1631130129292198144,0.19683,-0.00646,0.25039,0.99953,0.02360,0.00461,-0.01887,0.03700,-0.05430,-0.04067,0.19510,0.01203,0.41076,0.00000,0.00000,0.00000,
1631130129358868736,0.20104,-0.01646,0.24636,0.99932,0.02944,0.00822,-0.02078,0.04556,-0.07174,-0.02607,0.19746,0.00610,0.40869,0.00000,0.00000,0.00000,
1631130129425540096,0.20334,-0.01908,0.24470,0.99919,0.03347,0.01190,-0.01869,0.06572,-0.08809,-0.04569,0.20314,0.00003,0.40756,0.00000,0.00000,0.00000,
1631130129492210688,0.20830,-0.01905,0.23898,0.99925,0.03028,0.01559,-0.01822,0.08161,-0.04691,0.14734,0.20874,-0.00618,0.41737,0.00000,0.00000,0.00000,
1631130129558882304,0.21243,-0.03017,0.25240,0.99928,0.03090,0.00379,-0.02162,0.08307,-0.08972,0.09253,0.21377,-0.01121,0.42191,0.00000,0.00000,0.00000,
1631130129625552640,0.22059,-0.03844,0.25764,0.99918,0.03352,0.00079,-0.02276,0.07615,-0.03132,-0.00649,0.21796,-0.01246,0.42043,0.00000,0.00000,0.00000,
1631130129692224256,0.22531,-0.03511,0.25451,0.99954,0.01609,0.00761,-0.02442,0.05927,0.06881,-0.04120,0.22407,-0.00660,0.41686,0.00000,0.00000,0.00000,
1631130129758894592,0.23101,-0.03160,0.25038,0.99972,0.00769,0.00920,-0.02058,0.07124,0.07752,0.01522,0.23007,-0.00173,0.41702,0.00000,0.00000,0.00000,
1631130129825566208,0.23793,-0.02702,0.25164,0.99967,0.01724,0.00775,-0.01736,0.10817,0.06275,-0.03577,0.23534,-0.00144,0.41374,0.00000,0.00000,0.00000,
1631130129892236800,0.24260,-0.02595,0.24666,0.99967,0.01446,0.00605,-0.02055,0.08919,-0.03868,-0.03682,0.24533,-0.00730,0.40881,0.00000,0.00000,0.00000,
1631130129958908672,0.25127,-0.03307,0.24288,0.99947,0.01916,0.01097,-0.02383,0.08576,-0.08617,-0.04868,0.24887,-0.01441,0.40663,0.00000,0.00000,0.00000,
1631130130025580288,0.25761,-0.04027,0.23954,0.99918,0.02789,0.01557,-0.02485,0.08683,-0.16344,-0.06254,0.25361,-0.02178,0.40333,0.00000,0.00000,0.00000,
1631130130092250624,0.26448,-0.05179,0.23618,0.99906,0.02963,0.01819,-0.02592,0.14529,-0.11110,0.05431,0.26426,-0.03341,0.40866,0.00000,0.00000,0.00000,
1631130130158922240,0.27379,-0.06117,0.23898,0.99918,0.02973,0.01146,-0.02507,0.10783,-0.10958,-0.00345,0.27470,-0.03750,0.40876,0.00000,0.00000,0.00000,
1631130130225592320,0.27912,-0.06487,0.24104,0.99913,0.03452,0.00612,-0.02245,0.11376,-0.00786,0.01192,0.28047,-0.03699,0.40686,0.00000,0.00000,0.00000,
1631130130292263680,0.28831,-0.06219,0.24001,0.99955,0.01900,0.01124,-0.02035,0.10026,0.03918,-0.04899,0.28841,-0.03240,0.40428,0.00000,0.00000,0.00000,
1631130130358934016,0.29778,-0.05859,0.23763,0.99973,0.00756,0.01275,-0.01795,0.12017,0.09800,0.00697,0.29740,-0.03098,0.41002,0.00000,0.00000,0.00000,
1631130130425605376,0.30458,-0.05495,0.24348,0.99953,0.01872,0.01161,-0.02115,0.13129,0.03974,0.07427,0.30471,-0.02935,0.40851,0.00000,0.00000,0.00000,
1631130130492275456,0.31314,-0.05345,0.24120,0.99965,0.01620,0.00891,-0.01905,0.11794,0.01176,-0.04548,0.31047,-0.03175,0.40611,0.00000,0.00000,0.00000,
1631130130558946560,0.31960,-0.05688,0.23849,0.99949,0.01853,0.01103,-0.02352,0.10006,-0.06698,-0.01013,0.32002,-0.03961,0.40229,0.00000,0.00000,0.00000,
1631130130625617152,0.32892,-0.06320,0.23590,0.99923,0.02647,0.01527,-0.02472,0.08712,-0.12273,-0.03824,0.32771,-0.04715,0.40190,0.00000,0.00000,0.00000,
1631130130692288256,0.33466,-0.06950,0.23330,0.99917,0.02669,0.01642,-0.02622,0.12988,-0.09761,0.06426,0.33582,-0.05332,0.40789,0.00000,0.00000,0.00000,
1631130130758958592,0.34693,-0.07882,0.23923,0.99928,0.02566,0.01415,-0.02430,0.12080,-0.11365,0.06539,0.34396,-0.05663,0.40835,0.00000,0.00000,0.00000,
1631130130825629696,0.35075,-0.08289,0.24216,0.99915,0.03244,0.00615,-0.02484,0.11602,-0.02831,0.04078,0.35196,-0.05611,0.40597,0.00000,0.00000,0.00000,
1631130130892299776,0.35676,-0.07547,0.23955,0.99950,0.01979,0.01026,-0.02236,0.11015,0.04396,-0.04401,0.35915,-0.04883,0.40247,0.00000,0.00000,0.00000,
1631130130958971136,0.36776,-0.07113,0.23551,0.99966,0.00541,0.01358,-0.02167,0.11537,0.11356,-0.00676,0.37147,-0.04352,0.40935,0.00000,0.00000,0.00000,
1631130131025641472,0.37520,-0.06759,0.24240,0.99954,0.01436,0.01231,-0.02372,0.11927,0.02345,0.15455,0.38024,-0.04300,0.40732,0.00000,0.00000,0.00000,
1631130131092312832,0.38363,-0.06305,0.24419,0.99963,0.01579,0.00612,-0.02151,0.11285,0.03921,-0.00318,0.38670,-0.04608,0.40581,0.00000,0.00000,0.00000,
1631130131158982912,0.38968,-0.06299,0.24183,0.99954,0.01445,0.00618,-0.02586,0.09472,-0.02768,-0.01300,0.38972,-0.04836,0.40443,0.00000,0.00000,0.00000,
1631130131225654016,0.39747,-0.06669,0.24131,0.99942,0.01919,0.00712,-0.02714,0.06717,-0.07595,-0.01694,0.39197,-0.05244,0.40429,0.00000,0.00000,0.00000,
1631130131292324608,0.40094,-0.07134,0.23862,0.99927,0.02169,0.00661,-0.03066,0.09110,-0.07729,0.02794,0.39923,-0.05570,0.40770,0.00000,0.00000,0.00000,
1631130131358995712,0.40807,-0.07676,0.24405,0.99931,0.02298,0.00624,-0.02838,0.09571,-0.06885,0.01043,0.40819,-0.05505,0.40522,0.00000,0.00000,0.00000,
1631130131425667072,0.41522,-0.07795,0.24126,0.99926,0.02613,0.00130,-0.02827,0.11041,0.03427,-0.00163,0.41870,-0.04872,0.40129,0.00000,0.00000,0.00000,
1631130131492337152,0.42529,-0.06964,0.23762,0.99953,0.01771,0.00694,-0.02416,0.13545,0.09355,-0.05873,0.42988,-0.03694,0.39664,0.00000,0.00000,0.00000,
1631130131559008512,0.43393,-0.06387,0.23439,0.99961,0.00926,0.01101,-0.02387,0.15360,0.15442,-0.03105,0.43923,-0.03275,0.39804,0.00000,0.00000,0.00000,
1631130131625678848,0.44126,-0.05634,0.22865,0.99953,0.01620,0.01017,-0.02402,0.19765,0.07095,0.05570,0.45034,-0.02488,0.40235,0.00000,0.00000,0.00000,
1631130131692350208,0.45275,-0.04536,0.23548,0.99968,0.00973,0.00335,-0.02329,0.16790,0.10771,0.02093,0.46095,-0.02142,0.40343,0.00000,0.00000,0.00000,
1631130131759020288,0.46579,-0.04077,0.24133,0.99967,0.00684,0.00110,-0.02491,0.13616,0.00913,0.05249,0.46983,-0.02386,0.40303,0.00000,0.00000,0.00000,
1631130131825691648,0.47522,-0.04010,0.24038,0.99959,0.01255,0.00430,-0.02522,0.11927,-0.01828,-0.02008,0.47804,-0.02954,0.39981,0.00000,0.00000,0.00000,
1631130131892361984,0.48363,-0.04474,0.23732,0.99945,0.02202,0.00761,-0.02362,0.11382,-0.10753,-0.03350,0.48422,-0.03470,0.40870,0.00000,0.00000,0.00000,
1631130131959033344,0.49163,-0.04954,0.24607,0.99942,0.02548,0.00381,-0.02218,0.09829,-0.09195,0.17521,0.49186,-0.04158,0.41721,0.00000,0.00000,0.00000,
1631130132025703424,0.49284,-0.05850,0.25553,0.99896,0.03467,-0.00932,-0.02818,0.08935,-0.08570,0.08882,0.50001,-0.04384,0.41675,0.00000,0.00000,0.00000,
1631130132092374784,0.50429,-0.05812,0.25744,0.99913,0.02884,-0.00564,-0.02960,0.10282,0.00163,-0.01295,0.50777,-0.04190,0.41533,0.00000,0.00000,0.00000,
1631130132159044864,0.51025,-0.05726,0.25488,0.99935,0.01488,0.00110,-0.03293,0.08951,0.05018,-0.00595,0.51544,-0.03742,0.41648,0.00000,0.00000,0.00000,
1631130132225716480,0.51560,-0.05428,0.25359,0.99933,0.02067,-0.00265,-0.03005,0.11232,0.07123,0.06884,0.52207,-0.03753,0.41473,0.00000,0.00000,0.00000,
1631130132292386816,0.52331,-0.05126,0.25500,0.99934,0.02095,-0.00514,-0.02914,0.10082,0.02269,-0.02734,0.52695,-0.04032,0.41434,0.00000,0.00000,0.00000,
1631130132359058176,0.52919,-0.05040,0.25621,0.99925,0.02032,-0.00558,-0.03240,0.06682,-0.03699,0.04275,0.53044,-0.04515,0.41149,0.00000,0.00000,0.00000,
1631130132425728256,0.53428,-0.05461,0.25452,0.99911,0.02571,-0.00159,-0.03329,0.05309,-0.05060,-0.03223,0.53409,-0.05246,0.41146,0.00000,0.00000,0.00000,
1631130132492399616,0.53541,-0.05803,0.25325,0.99900,0.02917,0.00011,-0.03383,0.03896,-0.11194,0.00760,0.53904,-0.05834,0.41514,0.00000,0.00000,0.00000,
1631130132559070208,0.53925,-0.06579,0.25657,0.99898,0.02834,0.00143,-0.03508,0.06342,-0.09466,0.08814,0.54382,-0.06214,0.41615,0.00000,0.00000,0.00000,
1631130132625741568,0.54459,-0.07299,0.25966,0.99867,0.03523,-0.00624,-0.03717,0.07067,-0.06017,0.03537,0.54884,-0.06006,0.41325,0.00000,0.00000,0.00000,
1631130132692412928,0.54793,-0.07122,0.25759,0.99883,0.03158,-0.00419,-0.03645,0.06543,0.04024,-0.01654,0.55387,-0.05396,0.41132,0.00000,0.00000,0.00000,
1631130132759083008,0.55388,-0.06750,0.25304,0.99931,0.01425,0.00135,-0.03429,0.06591,0.09591,-0.03154,0.56102,-0.04969,0.41146,0.00000,0.00000,0.00000,
1631130132825754368,0.55971,-0.06262,0.25196,0.99939,0.01745,-0.00046,-0.03022,0.10401,0.09906,0.00174,0.56762,-0.04956,0.40744,0.00000,0.00000,0.00000,
1631130132892424704,0.56709,-0.05843,0.25200,0.99941,0.01873,-0.00218,-0.02868,0.09546,0.01601,-0.03763,0.57283,-0.05547,0.40319,0.00000,0.00000,0.00000,
1631130132959096320,0.57067,-0.05787,0.24986,0.99931,0.01632,-0.00306,-0.03316,0.07894,-0.02729,-0.06316,0.57798,-0.06510,0.39835,0.00000,0.00000,0.00000,
1631130133025766656,0.57877,-0.06307,0.24585,0.99911,0.02450,0.00305,-0.03408,0.07774,-0.08702,-0.06486,0.58548,-0.07147,0.40124,0.00000,0.00000,0.00000,
1631130133092437760,0.58128,-0.06994,0.24048,0.99882,0.02978,0.00808,-0.03750,0.08648,-0.13931,-0.07023,0.59019,-0.07682,0.40217,0.00000,0.00000,0.00000,
1631130133159108096,0.58905,-0.07852,0.24129,0.99879,0.03247,0.01096,-0.03513,0.09546,-0.07348,0.08289,0.59570,-0.07814,0.40287,0.00000,0.00000,0.00000,
1631130133225779456,0.59486,-0.08424,0.24339,0.99872,0.03594,0.00049,-0.03551,0.08458,-0.08116,-0.01710,0.59933,-0.07833,0.40114,0.00000,0.00000,0.00000,
1631130133292450048,0.59830,-0.08386,0.24397,0.99892,0.03522,-0.00242,-0.03037,0.07730,-0.01109,0.01827,0.60246,-0.07586,0.40379,0.00000,0.00000,0.00000,
1631130133359121408,0.60518,-0.08537,0.24256,0.99922,0.02490,0.00093,-0.03076,0.06184,0.01550,-0.03882,0.60331,-0.07512,0.40472,0.00000,0.00000,0.00000,
1631130133425791744,0.61028,-0.08307,0.24031,0.99943,0.02148,-0.00006,-0.02610,0.06461,0.00937,0.12485,0.60992,-0.07469,0.40485,0.00000,0.00000,0.00000,
1631130133492463104,0.61268,-0.08406,0.25008,0.99927,0.02573,-0.00400,-0.02810,0.09063,0.01372,0.02422,0.61484,-0.07842,0.40229,0.00000,0.00000,0.00000,
1631130133559133440,0.61784,-0.08325,0.24482,0.99934,0.02503,-0.00146,-0.02614,0.08412,-0.04230,-0.02956,0.62388,-0.09235,0.39942,0.00000,0.00000,0.00000,
1631130133625804800,0.62435,-0.09006,0.24195,0.99912,0.02924,0.00298,-0.02980,0.06471,-0.08236,-0.01662,0.62938,-0.09796,0.40903,0.00000,0.00000,0.00000,
1631130133692475392,0.62763,-0.09418,0.23976,0.99901,0.03277,0.00614,-0.02951,0.06382,-0.10797,-0.01679,0.63548,-0.10255,0.40927,0.00000,0.00000,0.00000,
1631130133759146752,0.63458,-0.10163,0.24141,0.99914,0.02926,0.01016,-0.02760,0.08408,-0.05502,0.18018,0.64190,-0.10195,0.40687,0.00000,0.00000,0.00000,
1631130133825817088,0.63722,-0.10930,0.25129,0.99901,0.03337,-0.00270,-0.02930,0.08571,-0.10263,0.04442,0.64694,-0.09799,0.40526,0.00000,0.00000,0.00000,
1631130133892488448,0.64165,-0.11200,0.25121,0.99892,0.03627,-0.00485,-0.02873,0.08795,-0.01689,0.01696,0.65719,-0.09248,0.40737,0.00000,0.00000,0.00000,
1631130133959158784,0.64730,-0.10852,0.24857,0.99953,0.01358,0.00204,-0.02756,0.07696,0.06227,-0.03908,0.66462,-0.09324,0.40518,0.00000,0.00000,0.00000,
1631130134025830144,0.65349,-0.10452,0.24758,0.99960,0.01298,0.00042,-0.02529,0.09449,0.07268,0.04647,0.67562,-0.09878,0.40330,0.00000,0.00000,0.00000,
1631130134092501760,0.66178,-0.10055,0.25003,0.99948,0.02093,0.00248,-0.02455,0.13762,0.05190,0.01876,0.68616,-0.10823,0.39777,0.00000,0.00000,0.00000,
1631130134159172096,0.67035,-0.09792,0.24840,0.99951,0.01861,-0.00032,-0.02515,0.14130,-0.03035,-0.01069,0.70016,-0.11883,0.39981,0.00000,0.00000,0.00000,
1631130134225843456,0.67820,-0.10312,0.24598,0.99932,0.02352,0.00250,-0.02842,0.14397,-0.07966,-0.06521,0.71189,-0.12683,0.40648,0.00000,0.00000,0.00000,
1631130134292513536,0.69036,-0.11093,0.24164,0.99903,0.03288,0.00916,-0.02781,0.15520,-0.16795,-0.05827,0.72579,-0.13101,0.40667,0.00000,0.00000,0.00000,
1631130134359184640,0.69973,-0.11716,0.23208,0.99896,0.03411,0.01339,-0.02709,0.19703,-0.08076,0.08576,0.73892,-0.12801,0.40258,0.00000,0.00000,0.00000,
1631130134425855232,0.71018,-0.12654,0.24392,0.99906,0.03323,0.00171,-0.02777,0.17426,-0.12374,0.07649,0.75212,-0.12355,0.40106,0.00000,0.00000,0.00000,
1631130134492526336,0.72464,-0.13564,0.24987,0.99889,0.03896,-0.00353,-0.02613,0.19295,-0.04033,0.01856,0.76678,-0.12222,0.40403,0.00000,0.00000,0.00000,
1631130134559196416,0.73966,-0.13470,0.24677,0.99940,0.02377,0.00048,-0.02519,0.18456,0.03909,-0.04775,0.78127,-0.12232,0.40144,0.00000,0.00000,0.00000,
1631130134625867776,0.75150,-0.12781,0.24328,0.99969,0.00780,0.00242,-0.02368,0.21967,0.10228,-0.03221,0.79474,-0.12962,0.39897,0.00000,0.00000,0.00000,
1631130134692538112,0.76624,-0.12530,0.24727,0.99949,0.01780,0.00237,-0.02623,0.22297,0.05028,0.02869,0.80813,-0.14004,0.39340,0.00000,0.00000,0.00000,
1631130134759209216,0.77954,-0.12075,0.24666,0.99953,0.01846,0.00105,-0.02453,0.20312,-0.00242,-0.03687,0.82360,-0.14951,0.40028,0.00000,0.00000,0.00000,
1631130134825879552,0.79071,-0.12517,0.24426,0.99935,0.02158,0.00166,-0.02866,0.18523,-0.07737,-0.03853,0.83485,-0.15614,0.40373,0.00000,0.00000,0.00000,
1631130134892550656,0.80665,-0.13279,0.24038,0.99917,0.02985,0.00625,-0.02716,0.19129,-0.13668,-0.07050,0.84767,-0.15620,0.40337,0.00000,0.00000,0.00000,
1631130134959220992,0.81406,-0.14045,0.23775,0.99901,0.03463,0.00802,-0.02692,0.21926,-0.10194,0.07570,0.85862,-0.15235,0.40028,0.00000,0.00000,0.00000,
1631130135025892352,0.82919,-0.14943,0.24650,0.99912,0.03316,0.00161,-0.02579,0.18066,-0.13848,0.10590,0.87208,-0.14646,0.40162,0.00000,0.00000,0.00000,
1631130135092562432,0.84223,-0.15566,0.24767,0.99899,0.03683,-0.00552,-0.02521,0.18250,-0.02255,0.02019,0.88534,-0.14337,0.40237,0.00000,0.00000,0.00000,
1631130135159233536,0.85353,-0.15145,0.24549,0.99942,0.02452,-0.00302,-0.02349,0.16126,0.04152,-0.04035,0.89362,-0.14522,0.40208,0.00000,0.00000,0.00000,
1631130135225903872,0.86393,-0.14517,0.24402,0.99970,0.01099,-0.00129,-0.02178,0.17841,0.13356,-0.01449,0.90346,-0.14886,0.40036,0.00000,0.00000,0.00000,
1631130135292575232,0.87546,-0.14138,0.24954,0.99952,0.01993,-0.00403,-0.02323,0.18725,0.04945,0.05566,0.91054,-0.15748,0.39809,0.00000,0.00000,0.00000,
1631130135359246592,0.88673,-0.13721,0.25096,0.99958,0.01835,-0.00546,-0.02153,0.16030,0.02262,0.00508,0.91953,-0.16393,0.40610,0.00000,0.00000,0.00000,
1631130135425916672,0.89565,-0.13863,0.24969,0.99951,0.01831,-0.00535,-0.02493,0.13437,-0.04990,0.00670,0.92688,-0.16814,0.40728,0.00000,0.00000,0.00000,
1631130135492588032,0.90580,-0.14338,0.24788,0.99943,0.02376,-0.00030,-0.02400,0.11800,-0.09116,-0.04444,0.93513,-0.16814,0.40710,0.00000,0.00000,0.00000,
1631130135559258112,0.91403,-0.14911,0.24439,0.99932,0.02791,0.00162,-0.02405,0.13344,-0.08543,0.08910,0.94089,-0.16287,0.40347,0.00000,0.00000,0.00000,
1631130135625929472,0.92557,-0.16065,0.25510,0.99929,0.02978,-0.00243,-0.02285,0.13676,-0.12435,0.06633,0.94802,-0.15870,0.40660,0.00000,0.00000,0.00000,
1631130135692599808,0.92788,-0.16458,0.25646,0.99902,0.03540,-0.01028,-0.02442,0.11767,-0.03543,0.00433,0.95518,-0.15586,0.40486,0.00000,0.00000,0.00000,
1631130135759271168,0.93519,-0.15931,0.25526,0.99949,0.02288,-0.00621,-0.02124,0.10311,0.02982,-0.04830,0.96225,-0.15735,0.40142,0.00000,0.00000,0.00000,
1631130135825941248,0.93970,-0.15398,0.25448,0.99972,0.00834,-0.00516,-0.02150,0.09235,0.11163,-0.01383,0.96746,-0.16308,0.39897,0.00000,0.00000,0.00000,
1631130135892612608,0.94744,-0.14951,0.25720,0.99965,0.01786,-0.00578,-0.01850,0.12658,0.03389,0.07188,0.97250,-0.17002,0.39742,0.00000,0.00000,0.00000,
1631130135959282944,0.95446,-0.14449,0.25712,0.99967,0.01715,-0.00828,-0.01752,0.12672,0.03168,-0.05900,0.98122,-0.17455,0.40364,0.00000,0.00000,0.00000,
1631130136025954048,0.96101,-0.14735,0.25290,0.99955,0.02012,-0.00270,-0.02218,0.10502,-0.04543,-0.02907,0.98972,-0.17594,0.40261,0.00000,0.00000,0.00000,
1631130136092624384,0.96909,-0.15209,0.25130,0.99938,0.02615,0.00061,-0.02367,0.08338,-0.09638,-0.03854,1.00073,-0.17156,0.39990,0.00000,0.00000,0.00000,
1631130136159295488,0.97442,-0.15757,0.24748,0.99928,0.02750,0.00241,-0.02585,0.11481,-0.08247,0.02591,1.01372,-0.16098,0.39451,0.00000,0.00000,0.00000,
1631130136225966080,0.97983,-0.16267,0.25467,0.99939,0.02553,0.00168,-0.02359,0.12264,-0.06884,0.06162,1.02719,-0.15505,0.39577,0.00000,0.00000,0.00000,
1631130136292637184,0.98459,-0.16595,0.25540,0.99919,0.03112,-0.00468,-0.02518,0.13885,0.03881,0.01314,1.03974,-0.14779,0.39975,0.00000,0.00000,0.00000,
1631130136359307264,0.99670,-0.15704,0.25244,0.99957,0.01954,0.00246,-0.02175,0.16846,0.12432,-0.08032,1.05060,-0.14462,0.39916,0.00000,0.00000,0.00000,
1631130136425978624,1.00645,-0.14870,0.24882,0.99969,0.00716,0.00814,-0.02248,0.18910,0.19272,-0.03789,1.06374,-0.14654,0.39768,0.00000,0.00000,0.00000,
1631130136492648960,1.02209,-0.13861,0.24654,0.99948,0.01836,0.01163,-0.02367,0.24911,0.07213,0.08804,1.08094,-0.16014,0.39026,0.00000,0.00000,0.00000,
1631130136559320064,1.03561,-0.12957,0.25088,0.99960,0.01554,0.00401,-0.02339,0.22468,0.13166,-0.00335,1.09864,-0.16710,0.39340,0.00000,0.00000,0.00000,
1631130136625990144,1.04742,-0.12775,0.25083,0.99957,0.01219,-0.00008,-0.02666,0.20774,-0.00891,-0.01696,1.11339,-0.17390,0.39575,0.00000,0.00000,0.00000,
1631130136692661504,1.05993,-0.13243,0.24838,0.99928,0.02452,0.00401,-0.02853,0.18423,-0.10103,-0.07991,1.12919,-0.17282,0.39544,0.00000,0.00000,0.00000,
1631130136759332608,1.07400,-0.14214,0.24215,0.99886,0.03435,0.00841,-0.03198,0.22874,-0.19003,-0.06616,1.14421,-0.16597,0.39040,0.00000,0.00000,0.00000,
1631130136826002944,1.09071,-0.14925,0.24377,0.99909,0.03156,0.01118,-0.02638,0.22603,-0.08565,0.07830,1.16368,-0.15900,0.39260,0.00000,0.00000,0.00000,
1631130136892674304,1.10523,-0.15484,0.24742,0.99915,0.03017,0.00092,-0.02820,0.21499,-0.06405,-0.01117,1.17849,-0.15194,0.39843,0.00000,0.00000,0.00000,
1631130136959344384,1.11660,-0.15401,0.24849,0.99927,0.02865,-0.00187,-0.02502,0.22181,0.03819,-0.03519,1.18920,-0.14917,0.39879,0.00000,0.00000,0.00000,
1631130137026015488,1.13445,-0.14843,0.24401,0.99960,0.01260,0.00524,-0.02484,0.22747,0.13410,-0.06916,1.19937,-0.15237,0.39752,0.00000,0.00000,0.00000,
1631130137092685824,1.14858,-0.14047,0.24405,0.99961,0.01213,0.00499,-0.02476,0.26506,0.04933,0.10608,1.21167,-0.16185,0.39604,0.00000,0.00000,0.00000,
1631130137159357184,1.16833,-0.13757,0.25418,0.99940,0.01611,0.00550,-0.03008,0.22505,0.12140,0.10755,1.22068,-0.16855,0.40637,0.00000,0.00000,0.00000,
1631130137226027264,1.17694,-0.12889,0.25504,0.99951,0.01095,-0.00011,-0.02921,0.17958,0.01389,0.03202,1.22626,-0.17454,0.40778,0.00000,0.00000,0.00000,
1631130137292698368,1.18617,-0.13170,0.25483,0.99933,0.01695,0.00085,-0.03242,0.14753,-0.04270,-0.03966,1.23078,-0.17806,0.40864,0.00000,0.00000,0.00000,
1631130137359368704,1.19848,-0.13601,0.25230,0.99904,0.03032,0.00467,-0.03124,0.13878,-0.11887,-0.02041,1.23271,-0.17866,0.40699,0.00000,0.00000,0.00000,
1631130137426039808,1.20553,-0.14237,0.26048,0.99916,0.02870,0.00398,-0.02885,0.12681,-0.08051,0.20853,1.23297,-0.18318,0.40985,0.00000,0.00000,0.00000,
1631130137492710144,1.21104,-0.15112,0.26723,0.99900,0.03004,-0.00731,-0.03233,0.09188,-0.09900,0.04907,1.23591,-0.18560,0.40605,0.00000,0.00000,0.00000,
1631130137559381504,1.21753,-0.15380,0.26891,0.99896,0.03420,-0.01154,-0.02789,0.05910,-0.03918,0.05560,1.23863,-0.19150,0.40201,0.00000,0.00000,0.00000,
1631130137626051584,1.22089,-0.15603,0.26741,0.99943,0.01591,-0.00903,-0.02823,0.02263,-0.01427,-0.02040,1.24292,-0.19733,0.39820,0.00000,0.00000,0.00000,
1631130137692722688,1.22232,-0.15747,0.26708,0.99946,0.01593,-0.01198,-0.02616,-0.00695,-0.02645,0.05463,1.24748,-0.20381,0.39731,0.00000,0.00000,0.00000,
1631130137759393280,1.22381,-0.16161,0.27123,0.99918,0.02752,-0.00852,-0.02836,0.04001,-0.01310,0.00872,1.25320,-0.20907,0.40335,0.00000,0.00000,0.00000,
1631130137826064384,1.22601,-0.16217,0.26273,0.99921,0.02956,-0.00351,-0.02651,0.04906,-0.07178,-0.08200,1.25972,-0.21425,0.40412,0.00000,0.00000,0.00000,
1631130137892734464,1.22952,-0.17010,0.26066,0.99896,0.03489,0.00143,-0.02915,0.05692,-0.08888,0.00551,1.26650,-0.21370,0.40373,0.00000,0.00000,0.00000,
1631130137959405824,1.23377,-0.17490,0.25619,0.99885,0.03913,0.00538,-0.02732,0.08708,-0.09620,-0.04788,1.27410,-0.20718,0.40070,0.00000,0.00000,0.00000,
1631130138026076928,1.23833,-0.18002,0.25257,0.99908,0.02846,0.01007,-0.03050,0.10350,-0.05440,0.11591,1.28158,-0.20150,0.40329,0.00000,0.00000,0.00000,
1631130138092747264,1.24442,-0.18381,0.25753,0.99913,0.02854,0.00097,-0.03050,0.10414,-0.07106,-0.01221,1.28945,-0.19749,0.40490,0.00000,0.00000,0.00000,
1631130138159418624,1.25315,-0.18806,0.26153,0.99908,0.03109,-0.00221,-0.02956,0.10671,0.00998,0.02020,1.29525,-0.19773,0.40157,0.00000,0.00000,0.00000,
1631130138226088704,1.26006,-0.18400,0.25872,0.99946,0.01756,0.00326,-0.02771,0.10225,0.08007,-0.05280,1.30119,-0.20182,0.39600,0.00000,0.00000,0.00000,
1631130138292760320,1.26695,-0.17932,0.25756,0.99958,0.01368,0.00366,-0.02537,0.11491,0.12249,-0.00694,1.30779,-0.21095,0.39162,0.00000,0.00000,0.00000,
1631130138359430400,1.27374,-0.17331,0.26266,0.99947,0.01857,0.00164,-0.02663,0.11504,0.05601,0.09281,1.31541,-0.21371,0.39772,0.00000,0.00000,0.00000,
1631130138426102016,1.28042,-0.16815,0.26249,0.99956,0.01338,-0.00295,-0.02622,0.11538,0.02806,-0.04632,1.31938,-0.21603,0.39825,0.00000,0.00000,0.00000,
1631130138492772096,1.28712,-0.17056,0.25705,0.99943,0.01583,0.00311,-0.02979,0.09536,-0.03746,-0.06898,1.32989,-0.21241,0.39547,0.00000,0.00000,0.00000,
1631130138559443456,1.29510,-0.17565,0.25230,0.99916,0.02484,0.00928,-0.03132,0.09864,-0.11067,-0.07257,1.33775,-0.20577,0.39211,0.00000,0.00000,0.00000,
1631130138626113536,1.29786,-0.17995,0.24985,0.99907,0.02456,0.01021,-0.03398,0.11485,-0.01874,0.09177,1.34909,-0.19957,0.39598,0.00000,0.00000,0.00000,
1631130138692785152,1.30591,-0.18393,0.25600,0.99925,0.02468,0.00510,-0.02952,0.09265,-0.06192,0.04148,1.35902,-0.19068,0.39906,0.00000,0.00000,0.00000,
1631130138759455232,1.31222,-0.18685,0.25591,0.99918,0.02820,-0.00187,-0.02902,0.09483,0.05051,0.02664,1.36775,-0.18870,0.40079,0.00000,0.00000,0.00000,
1631130138826126848,1.32173,-0.17741,0.25356,0.99955,0.01547,0.00610,-0.02510,0.12423,0.09304,-0.04077,1.37352,-0.18852,0.39913,0.00000,0.00000,0.00000,
1631130138892797184,1.32851,-0.17209,0.24975,0.99957,0.01019,0.00742,-0.02645,0.12519,0.12672,-0.01313,1.37852,-0.19280,0.39775,0.00000,0.00000,0.00000,
1631130138959468288,1.33776,-0.16542,0.25298,0.99931,0.01905,0.00832,-0.03080,0.14030,0.03210,0.14505,1.38537,-0.19692,0.40417,0.00000,0.00000,0.00000,
1631130139026138880,1.34722,-0.15670,0.25807,0.99956,0.01198,-0.00032,-0.02730,0.14145,0.12543,0.00246,1.39147,-0.20073,0.40649,0.00000,0.00000,0.00000,
1631130139092810240,1.35351,-0.15287,0.25882,0.99943,0.00948,-0.00332,-0.03225,0.10299,0.02005,0.03986,1.39477,-0.20222,0.40649,0.00000,0.00000,0.00000,
1631130139159480320,1.36398,-0.15266,0.25713,0.99930,0.02239,0.00142,-0.02993,0.10330,0.01414,-0.05835,1.40060,-0.19835,0.40488,0.00000,0.00000,0.00000,
1631130139226151680,1.36675,-0.15339,0.25643,0.99919,0.02668,0.00179,-0.02998,0.07411,-0.06536,0.01333,1.40450,-0.19471,0.40433,0.00000,0.00000,0.00000,
1631130139292821760,1.37415,-0.15673,0.25953,0.99930,0.02407,0.00271,-0.02846,0.09520,-0.06237,0.11651,1.41105,-0.19243,0.40558,0.00000,0.00000,0.00000,
1631130139359493376,1.37869,-0.16217,0.26339,0.99914,0.02560,-0.00520,-0.03232,0.09736,-0.05655,-0.00614,1.41789,-0.19250,0.40157,0.00000,0.00000,0.00000,
1631130139426164480,1.38516,-0.16177,0.26227,0.99914,0.02557,-0.00515,-0.03221,0.08278,0.02184,-0.00925,1.42345,-0.19778,0.39997,0.00000,0.00000,0.00000,
1631130139492834816,1.38893,-0.16038,0.26077,0.99932,0.02082,-0.00371,-0.03035,0.06810,0.05960,-0.02748,1.42874,-0.20571,0.39677,0.00000,0.00000,0.00000,
1631130139559505920,1.39317,-0.15656,0.26134,0.99939,0.01974,-0.00444,-0.02845,0.08627,0.07768,-0.02838,1.43724,-0.21548,0.39893,0.00000,0.00000,0.00000,
1631130139626176000,1.39932,-0.15359,0.26288,0.99946,0.01948,-0.00536,-0.02599,0.09384,0.01357,-0.01048,1.44408,-0.22314,0.40591,0.00000,0.00000,0.00000,
1631130139692847616,1.40605,-0.15419,0.25977,0.99940,0.01868,-0.00524,-0.02880,0.10161,-0.04446,-0.05002,1.45337,-0.22795,0.40610,0.00000,0.00000,0.00000,
1631130139759517696,1.41066,-0.15913,0.25869,0.99922,0.02527,-0.00010,-0.03043,0.08835,-0.08725,-0.04436,1.46086,-0.22664,0.40299,0.00000,0.00000,0.00000,
1631130139826189056,1.41623,-0.16586,0.25572,0.99909,0.03048,0.00333,-0.02953,0.08953,-0.13372,-0.04282,1.46847,-0.22239,0.40410,0.00000,0.00000,0.00000,
1631130139892859136,1.42309,-0.17380,0.25304,0.99912,0.02791,0.00685,-0.03056,0.12492,-0.08508,0.10055,1.47657,-0.22331,0.40666,0.00000,0.00000,0.00000,
1631130139959530496,1.43068,-0.18253,0.26066,0.99897,0.03255,-0.00286,-0.03164,0.11410,-0.14320,0.08409,1.48564,-0.22682,0.40189,0.00000,0.00000,0.00000,
1631130140026200832,1.44018,-0.18969,0.26276,0.99872,0.03774,-0.00791,-0.03270,0.12420,-0.06818,0.00739,1.49532,-0.23516,0.39854,0.00000,0.00000,0.00000,
1631130140092871936,1.44790,-0.18839,0.26033,0.99938,0.01606,-0.00257,-0.03136,0.10529,0.03159,-0.05975,1.50613,-0.24789,0.39309,0.00000,0.00000,0.00000,
1631130140159542272,1.45459,-0.18415,0.25840,0.99957,0.00530,-0.00201,-0.02870,0.11621,0.05217,0.01399,1.51926,-0.25988,0.39996,0.00000,0.00000,0.00000,
1631130140226213376,1.46215,-0.18368,0.26431,0.99942,0.01834,-0.00432,-0.02838,0.14117,-0.00992,0.02807,1.53130,-0.26993,0.40505,0.00000,0.00000,0.00000,
1631130140292883968,1.47113,-0.18442,0.26098,0.99943,0.01963,-0.00265,-0.02740,0.14660,-0.06306,-0.05861,1.54205,-0.27300,0.40589,0.00000,0.00000,0.00000,
1631130140359555072,1.47978,-0.19111,0.25719,0.99915,0.02660,0.00292,-0.03141,0.14117,-0.12932,-0.04946,1.55101,-0.27143,0.40270,0.00000,0.00000,0.00000,
1631130140426225408,1.49183,-0.19936,0.25213,0.99884,0.03581,0.01098,-0.03038,0.16087,-0.16593,-0.08476,1.55726,-0.26869,0.40237,0.00000,0.00000,0.00000,
1631130140492896768,1.50078,-0.21008,0.24867,0.99880,0.03513,0.01479,-0.03063,0.19925,-0.14633,0.10428,1.56656,-0.26987,0.40770,0.00000,0.00000,0.00000,
1631130140559566848,1.51411,-0.22303,0.25958,0.99895,0.03436,0.00430,-0.03016,0.17995,-0.18507,0.11647,1.57517,-0.26929,0.40281,0.00000,0.00000,0.00000,
1631130140626238464,1.52487,-0.23090,0.26186,0.99872,0.04104,-0.00410,-0.02931,0.17519,-0.08343,0.02321,1.58190,-0.27409,0.40107,0.00000,0.00000,0.00000,
1631130140692909568,1.53649,-0.23286,0.26089,0.99932,0.02411,-0.00261,-0.02794,0.15030,-0.01197,-0.03951,1.59107,-0.28199,0.39730,0.00000,0.00000,0.00000,
1631130140759579904,1.54523,-0.22783,0.25753,0.99964,0.00417,0.00168,-0.02644,0.15731,0.06940,-0.01501,1.60256,-0.29189,0.39911,0.00000,0.00000,0.00000,
1631130140826251008,1.55441,-0.22719,0.26466,0.99948,0.01779,-0.00252,-0.02661,0.15156,-0.02829,0.07837,1.61487,-0.29989,0.40344,0.00000,0.00000,0.00000,
1631130140892921344,1.56351,-0.22615,0.26144,0.99942,0.02300,0.00106,-0.02497,0.14525,-0.00747,-0.07189,1.62682,-0.29974,0.40156,0.00000,0.00000,0.00000,
1631130140959592704,1.57309,-0.23052,0.25679,0.99921,0.02652,0.00587,-0.02895,0.12884,-0.09503,-0.01846,1.63780,-0.29314,0.39717,0.00000,0.00000,0.00000,
1631130141026263040,1.58094,-0.23604,0.25418,0.99899,0.03287,0.00944,-0.02917,0.11564,-0.10183,-0.04020,1.65202,-0.28799,0.40100,0.00000,0.00000,0.00000,
1631130141092934144,1.58938,-0.24282,0.25012,0.99901,0.03057,0.01255,-0.02992,0.16693,-0.13257,0.01800,1.66119,-0.28541,0.40187,0.00000,0.00000,0.00000,
1631130141159604480,1.60187,-0.25221,0.25732,0.99906,0.03074,0.00878,-0.02940,0.16702,-0.11088,0.05791,1.67250,-0.28735,0.39931,0.00000,0.00000,0.00000,
1631130141226275584,1.60925,-0.25780,0.25878,0.99879,0.03730,0.00222,-0.03209,0.16570,-0.05675,0.00907,1.68505,-0.29570,0.39468,0.00000,0.00000,0.00000,
1631130141292945920,1.61913,-0.25445,0.25573,0.99922,0.02430,0.00773,-0.03000,0.15647,0.07057,-0.06178,1.69817,-0.30830,0.39030,0.00000,0.00000,0.00000,
1631130141359617280,1.62865,-0.24855,0.25219,0.99946,0.01003,0.01209,-0.02901,0.17080,0.10402,-0.02011,1.71568,-0.31873,0.39801,0.00000,0.00000,0.00000,
1631130141426287360,1.64243,-0.24333,0.25356,0.99923,0.02358,0.01364,-0.02811,0.19911,0.02313,0.10917,1.72921,-0.32344,0.39970,0.00000,0.00000,0.00000,
1631130141492958464,1.65309,-0.23905,0.25601,0.99936,0.01900,0.00945,-0.02875,0.18815,0.04094,-0.03693,1.74046,-0.32020,0.39650,0.00000,0.00000,0.00000,
1631130141559629056,1.66351,-0.24032,0.25411,0.99925,0.01893,0.00887,-0.03253,0.17798,-0.07517,-0.03989,1.74772,-0.31573,0.39377,0.00000,0.00000,0.00000,
1631130141626300160,1.67729,-0.24850,0.24858,0.99879,0.03160,0.01562,-0.03433,0.17109,-0.15743,-0.09515,1.75638,-0.31510,0.39936,0.00000,0.00000,0.00000,
1631130141692970240,1.69127,-0.25877,0.24183,0.99855,0.03369,0.01756,-0.03811,0.22015,-0.15372,0.01628,1.76678,-0.31274,0.40330,0.00000,0.00000,0.00000,
1631130141759641600,1.70308,-0.26648,0.24795,0.99881,0.03363,0.01456,-0.03225,0.19755,-0.12267,0.07046,1.77669,-0.31294,0.40222,0.00000,0.00000,0.00000,
1631130141826311936,1.71303,-0.27516,0.25050,0.99868,0.03897,0.00402,-0.03329,0.18511,-0.06519,0.01286,1.78580,-0.31689,0.40090,0.00000,0.00000,0.00000,
1631130141892983040,1.72452,-0.27232,0.24869,0.99901,0.03201,0.00567,-0.03041,0.17590,0.01912,-0.05559,1.79470,-0.32135,0.39853,0.00000,0.00000,0.00000,
1631130141959653120,1.73524,-0.26800,0.24489,0.99938,0.01212,0.01253,-0.03066,0.17176,0.11162,-0.05475,1.80618,-0.32899,0.40245,0.00000,0.00000,0.00000,
1631130142026324480,1.74732,-0.26541,0.24736,0.99931,0.01832,0.00562,-0.03167,0.17065,-0.04098,0.14416,1.81535,-0.33491,0.40673,0.00000,0.00000,0.00000,
1631130142092995584,1.75676,-0.26127,0.25268,0.99930,0.02182,0.00333,-0.03009,0.18546,0.10419,-0.07970,1.82563,-0.33457,0.40566,0.00000,0.00000,0.00000,
1631130142159665920,1.76917,-0.26231,0.25061,0.99919,0.02310,0.00527,-0.03262,0.15616,-0.04327,-0.03021,1.83493,-0.32924,0.40142,0.00000,0.00000,0.00000,
1631130142226337280,1.77929,-0.26609,0.24576,0.99897,0.02774,0.01317,-0.03349,0.14908,-0.03483,-0.09704,1.84369,-0.32048,0.39904,0.00000,0.00000,0.00000,
1631130142293007360,1.78796,-0.27195,0.23794,0.99849,0.03622,0.02471,-0.03299,0.15663,-0.13753,-0.10570,1.85614,-0.31616,0.40409,0.00000,0.00000,0.00000,
1631130142359678720,1.79886,-0.27880,0.23975,0.99853,0.03623,0.02617,-0.03074,0.15808,-0.09172,0.07424,1.86835,-0.31081,0.40471,0.00000,0.00000,0.00000,
1631130142426348800,1.80567,-0.28603,0.24116,0.99815,0.04251,0.02573,-0.03493,0.14276,-0.06571,-0.04983,1.88024,-0.31407,0.40329,0.00000,0.00000,0.00000,
1631130142493020416,1.81552,-0.28264,0.23660,0.99827,0.04122,0.02807,-0.03125,0.14524,0.06253,-0.03648,1.89174,-0.32193,0.39791,0.00000,0.00000,0.00000,
1631130142559690496,1.82479,-0.27778,0.23277,0.99847,0.02576,0.03797,-0.03088,0.13378,0.11028,-0.08401,1.89652,-0.32751,0.39576,0.00000,0.00000,0.00000,
1631130142626361600,1.83429,-0.26854,0.22970,0.99849,0.02853,0.03854,-0.02670,0.18041,0.15653,-0.03527,1.91861,-0.34312,0.39756,0.00000,0.00000,0.00000,
1631130142693031936,1.84614,-0.26542,0.23722,0.99787,0.04182,0.03925,-0.03109,0.19183,0.05981,0.08573,1.93587,-0.35270,0.40046,0.00000,0.00000,0.00000,
1631130142759703040,1.85803,-0.25852,0.23674,0.99842,0.03588,0.03193,-0.02904,0.17853,0.01461,-0.02753,1.95086,-0.35262,0.39935,0.00000,0.00000,0.00000,
1631130142826373632,1.86808,-0.26308,0.23433,0.99811,0.03941,0.03229,-0.03444,0.17110,-0.07586,-0.07740,1.97155,-0.34281,0.39205,0.00000,0.00000,0.00000,
1631130142893044736,1.88003,-0.27103,0.22953,0.99716,0.05385,0.03974,-0.03457,0.16289,-0.17982,-0.10337,1.99244,-0.33829,0.39453,0.00000,0.00000,0.00000,
1631130142959715072,1.89295,-0.28187,0.22285,0.99700,0.05282,0.04221,-0.03779,0.22755,-0.16772,-0.00510,2.01135,-0.33276,0.39648,0.00000,0.00000,0.00000,
1631130143026386176,1.90818,-0.29278,0.22802,0.99708,0.05390,0.04271,-0.03316,0.21765,-0.15755,0.06650,2.03141,-0.33661,0.39557,0.00000,0.00000,0.00000,
1631130143093056768,1.92233,-0.30134,0.22968,0.99711,0.05980,0.03150,-0.03461,0.22349,-0.06208,0.01435,2.05129,-0.35007,0.38829,0.00000,0.00000,0.00000,
1631130143159727872,1.93557,-0.29958,0.22811,0.99756,0.05389,0.03093,-0.03172,0.22176,0.02136,-0.06776,2.06360,-0.35895,0.38456,0.00000,0.00000,0.00000,
1631130143226398208,1.95209,-0.29370,0.22268,0.99843,0.02636,0.03926,-0.02990,0.23257,0.15550,-0.06773,2.08211,-0.36977,0.39193,0.00000,0.00000,0.00000,
1631130143293069312,1.96873,-0.28819,0.22357,0.99818,0.03428,0.03856,-0.03116,0.31196,0.02548,0.00905,2.10338,-0.38142,0.39659,0.00000,0.00000,0.00000,
1631130143359740672,1.99022,-0.28708,0.22941,0.99776,0.04105,0.04075,-0.03347,0.26069,0.09005,0.05755,2.12371,-0.38014,0.39282,0.00000,0.00000,0.00000,
1631130143426411008,2.00462,-0.28010,0.22938,0.99818,0.03600,0.03371,-0.03478,0.23367,-0.02969,0.04611,2.14044,-0.37339,0.38680,0.00000,0.00000,0.00000,
1631130143493082368,2.01810,-0.28399,0.22786,0.99794,0.03955,0.03419,-0.03720,0.22924,-0.07042,-0.11222,2.15985,-0.37202,0.38994,0.00000,0.00000,0.00000,
1631130143559752448,2.03482,-0.29410,0.22131,0.99708,0.05299,0.04043,-0.03727,0.23825,-0.18905,-0.07037,2.17909,-0.36652,0.39193,0.00000,0.00000,0.00000,
1631130143626423808,2.05209,-0.30390,0.21369,0.99714,0.05222,0.04310,-0.03359,0.29106,-0.10348,0.02589,2.19681,-0.37022,0.39195,0.00000,0.00000,0.00000,
1631130143693093888,2.06798,-0.31662,0.22245,0.99744,0.05467,0.03142,-0.03367,0.25140,-0.21837,0.11454,2.21542,-0.37982,0.38597,0.00000,0.00000,0.00000,
1631130143759765504,2.08692,-0.32843,0.22629,0.99734,0.06084,0.02057,-0.03437,0.26645,-0.09671,-0.00361,2.23367,-0.39391,0.38153,0.00000,0.00000,0.00000,
1631130143826435584,2.10673,-0.32871,0.22338,0.99832,0.04153,0.02372,-0.03261,0.25203,0.02310,-0.07100,2.25024,-0.40225,0.38823,0.00000,0.00000,0.00000,
1631130143893106944,2.12482,-0.31928,0.21592,0.99897,0.01388,0.03007,-0.03095,0.29322,0.11226,-0.09142,2.26670,-0.41160,0.39095,0.00000,0.00000,0.00000,
1631130143959777024,2.14393,-0.31774,0.22027,0.99819,0.03067,0.03474,-0.03840,0.28616,-0.04496,0.14463,2.28174,-0.41386,0.39066,0.00000,0.00000,0.00000,
1631130144026448128,2.16179,-0.31340,0.22366,0.99808,0.03866,0.03282,-0.03548,0.26541,0.05069,-0.00310,2.29264,-0.40976,0.38913,0.00000,0.00000,0.00000,
1631130144093118720,2.17617,-0.31373,0.22181,0.99810,0.03660,0.02881,-0.04025,0.24098,-0.09012,0.01063,2.30880,-0.40950,0.39164,0.00000,0.00000,0.00000,
1631130144159789824,2.19293,-0.31940,0.21667,0.99780,0.04269,0.02962,-0.04107,0.24019,-0.13523,-0.10273,2.32285,-0.40344,0.39261,0.00000,0.00000,0.00000,
1631130144226460160,2.20976,-0.33166,0.20906,0.99704,0.05424,0.03367,-0.04281,0.28521,-0.24344,-0.14457,2.33442,-0.40785,0.38904,0.00000,0.00000,0.00000,
1631130144293131520,2.22890,-0.34039,0.21001,0.99713,0.05500,0.04041,-0.03281,0.25119,-0.12606,0.15009,2.34461,-0.41366,0.38633,0.00000,0.00000,0.00000,
1631130144359801856,2.24400,-0.35057,0.21780,0.99777,0.04972,0.02556,-0.03654,0.21827,-0.11819,0.04004,2.35817,-0.42608,0.37989,0.00000,0.00000,0.00000,
1631130144426473216,2.25731,-0.35270,0.21819,0.99817,0.04694,0.02182,-0.03116,0.21017,-0.03756,0.03331,2.37681,-0.43643,0.38223,0.00000,0.00000,0.00000,
1631130144493143296,2.27021,-0.35290,0.21704,0.99860,0.03473,0.02242,-0.03314,0.17662,0.07562,-0.02192,2.38558,-0.44172,0.38532,0.00000,0.00000,0.00000,
1631130144559814656,2.28261,-0.34847,0.21518,0.99897,0.02991,0.02016,-0.02753,0.22080,0.06532,-0.02590,2.39929,-0.44211,0.38764,0.00000,0.00000,0.00000,
1631130144626484992,2.29661,-0.35022,0.21888,0.99801,0.03785,0.02771,-0.04211,0.18981,-0.00238,0.09851,2.41301,-0.43614,0.38377,0.00000,0.00000,0.00000,
1631130144693156352,2.31320,-0.35021,0.21939,0.99819,0.04208,0.02706,-0.03349,0.19435,0.03890,-0.09393,2.42614,-0.42631,0.37897,0.00000,0.00000,0.00000,
1631130144759827712,2.32206,-0.35177,0.21510,0.99805,0.03760,0.02840,-0.04099,0.18304,-0.10593,-0.04540,2.44048,-0.42356,0.38296,0.00000,0.00000,0.00000,
1631130144826497792,2.33238,-0.35597,0.21281,0.99786,0.04159,0.02890,-0.04141,0.17867,-0.11872,-0.08561,2.45470,-0.41186,0.38731,0.00000,0.00000,0.00000,
1631130144893169152,2.34609,-0.36736,0.20472,0.99719,0.05069,0.03404,-0.04348,0.23702,-0.16252,-0.07441,2.46613,-0.41014,0.38669,0.00000,0.00000,0.00000,
1631130144959839232,2.36029,-0.37365,0.20314,0.99748,0.04609,0.04067,-0.03530,0.21204,-0.13309,0.04090,2.47686,-0.41075,0.38649,0.00000,0.00000,0.00000,
1631130145026510592,2.37216,-0.38002,0.20661,0.99796,0.04412,0.02844,-0.03641,0.19897,-0.03737,0.02815,2.48473,-0.41672,0.38323,0.00000,0.00000,0.00000,
1631130145093180928,2.38425,-0.38006,0.20882,0.99825,0.04398,0.02281,-0.03215,0.20149,0.01984,-0.00577,2.49213,-0.42202,0.38261,0.00000,0.00000,0.00000,
1631130145159852288,2.39616,-0.37469,0.20591,0.99864,0.02861,0.02797,-0.03352,0.18815,0.18014,-0.06119,2.49997,-0.42467,0.38728,0.00000,0.00000,0.00000,
1631130145226522368,2.41277,-0.36278,0.19993,0.99889,0.01993,0.03148,-0.02890,0.26743,0.11313,-0.03491,2.50509,-0.42997,0.38746,0.00000,0.00000,0.00000,
1631130145293193728,2.42786,-0.35756,0.20535,0.99805,0.02863,0.03534,-0.04267,0.22779,0.16101,0.12178,2.51652,-0.42988,0.38883,0.00000,0.00000,0.00000,
1631130145359864064,2.44331,-0.34879,0.20748,0.99859,0.02513,0.02783,-0.03765,0.20526,0.06519,-0.01723,2.52509,-0.42809,0.38816,0.00000,0.00000,0.00000,
1631130145426535424,2.45407,-0.34731,0.20755,0.99855,0.01840,0.02249,-0.04532,0.17620,-0.01449,-0.00072,2.53054,-0.42509,0.38584,0.00000,0.00000,0.00000,
1631130145493205760,2.46439,-0.34882,0.20533,0.99832,0.02792,0.02269,-0.04552,0.14627,-0.10217,-0.07661,2.53054,-0.42509,0.38584,0.00000,0.00000,0.00000,
1631130145559876864,2.47617,-0.35635,0.19944,0.99770,0.04060,0.02358,-0.04880,0.15227,-0.06370,0.13210,2.53054,-0.42509,0.38584,0.00000,0.00000,0.00000,
1631130145626547456,2.48379,-0.35999,0.20725,0.99824,0.03609,0.02612,-0.03916,0.14506,-0.09913,0.04864,2.53054,-0.42509,0.38584,0.00000,0.00000,0.00000,
1631130145693218560,2.49453,-0.36525,0.21119,0.99825,0.03718,0.01705,-0.04280,0.14189,-0.00837,0.02596,2.53054,-0.42509,0.38584,0.00000,0.00000,0.00000,
1631130145759888896,2.50486,-0.36154,0.20894,0.99859,0.03477,0.01588,-0.03686,0.15620,0.06560,-0.00647,2.53054,-0.42509,0.38584,0.00000,0.00000,0.00000,
1631130145826560000,2.51743,-0.35665,0.20597,0.99882,0.02395,0.02117,-0.03669,0.17141,0.15115,-0.03541,2.54751,-0.41241,0.37970,0.00000,0.00000,0.00000,
1631130145893230336,2.52942,-0.34633,0.20265,0.99886,0.02354,0.02427,-0.03370,0.22418,0.15559,-0.05873,2.55983,-0.40920,0.38142,0.00000,0.00000,0.00000,
1631130145959901696,2.54360,-0.34197,0.20641,0.99789,0.03399,0.03218,-0.04489,0.19401,0.11633,0.15783,2.57448,-0.39761,0.38827,0.00000,0.00000,0.00000,
1631130146026573056,2.55609,-0.33154,0.21228,0.99858,0.02798,0.02208,-0.03953,0.19002,0.09354,0.01531,2.58217,-0.39754,0.38842,0.00000,0.00000,0.00000,
1631130146093243136,2.56648,-0.33136,0.21311,0.99858,0.02461,0.01652,-0.04430,0.17090,-0.03710,0.02020,2.59387,-0.39917,0.38791,0.00000,0.00000,0.00000,
1631130146159914496,2.57885,-0.33453,0.21042,0.99836,0.03177,0.01882,-0.04369,0.16219,-0.09673,-0.07423,2.60676,-0.40917,0.38346,0.00000,0.00000,0.00000,
1631130146226584576,2.59139,-0.34316,0.20410,0.99793,0.03775,0.02095,-0.04772,0.19260,-0.12430,0.00230,2.61769,-0.41332,0.38632,0.00000,0.00000,0.00000,
1631130146293255936,2.60329,-0.34837,0.21306,0.99815,0.04031,0.02387,-0.03867,0.17530,-0.10872,0.09066,2.63427,-0.42284,0.39191,0.00000,0.00000,0.00000,
1631130146359926272,2.61270,-0.35755,0.21470,0.99800,0.04194,0.01508,-0.04472,0.15845,-0.06217,0.00732,2.64245,-0.42155,0.39131,0.00000,0.00000,0.00000,
1631130146426597632,2.62648,-0.35235,0.21176,0.99841,0.03682,0.01659,-0.03945,0.18117,0.08549,-0.01628,2.65452,-0.41603,0.38627,0.00000,0.00000,0.00000,
1631130146493267712,2.63921,-0.34653,0.20749,0.99872,0.01754,0.02565,-0.03979,0.18619,0.14919,-0.07919,2.66613,-0.40585,0.38128,0.00000,0.00000,0.00000,
1631130146559938816,2.65303,-0.33422,0.20360,0.99876,0.02199,0.02699,-0.03558,0.23551,0.16204,-0.02437,2.68799,-0.39311,0.38640,0.00000,0.00000,0.00000,
1631130146626609408,2.66784,-0.32763,0.20784,0.99793,0.03228,0.03161,-0.04569,0.21713,0.15344,0.12580,2.69866,-0.38573,0.38908,0.00000,0.00000,0.00000,
1631130146693280512,2.68009,-0.31593,0.21333,0.99875,0.02086,0.01861,-0.04141,0.19757,0.09230,0.04923,2.70675,-0.38463,0.39113,0.00000,0.00000,0.00000,
1631130146759950848,2.69011,-0.31399,0.21562,0.99865,0.01740,0.01229,-0.04728,0.17309,0.02122,0.00375,2.71990,-0.38664,0.38855,0.00000,0.00000,0.00000,
1631130146826621952,2.70172,-0.31582,0.21187,0.99821,0.03404,0.01590,-0.04654,0.15046,-0.09163,-0.06522,2.72703,-0.39347,0.38604,0.00000,0.00000,0.00000,
1631130146893292544,2.71178,-0.32356,0.20542,0.99772,0.04154,0.01781,-0.05019,0.15215,-0.06191,0.08805,2.74157,-0.39767,0.39245,0.00000,0.00000,0.00000,
1631130146959963648,2.71966,-0.32707,0.21116,0.99820,0.03874,0.02038,-0.04088,0.14792,-0.09878,-0.00729,2.75040,-0.40171,0.39259,0.00000,0.00000,0.00000,
1631130147026633728,2.72793,-0.33211,0.21163,0.99820,0.03777,0.01318,-0.04470,0.14205,-0.00404,-0.03211,2.76021,-0.39934,0.39262,0.00000,0.00000,0.00000,
