1630698550081125632,0.00055,-0.00209,0.02229,0.99998,0.00552,0.00238,0.00028,-0.00038,0.00475,-0.00679,
1630698550147794944,0.00050,-0.00210,0.02230,0.99998,0.00670,0.00180,0.00030,0.00044,-0.00129,-0.00616,
1630698550214465280,0.00133,-0.00220,0.02109,0.99997,0.00814,0.00133,0.00023,0.00281,0.00141,-0.00520,
1630698550281134848,0.00123,-0.00215,0.02102,0.99996,0.00939,0.00054,0.00028,0.00242,0.00068,-0.00443,
1630698550347804928,0.00113,-0.00236,0.02099,0.99994,0.01080,-0.00027,0.00029,0.00239,-0.00066,-0.00429,
1630698550414474240,0.00109,-0.00238,0.02102,0.99993,0.01211,-0.00112,0.00033,0.00152,0.00144,-0.00383,
1630698550481144320,0.00103,-0.00243,0.02113,0.99991,0.01343,-0.00193,0.00034,0.00134,-0.00086,-0.00359,
1630698550547813888,0.00089,-0.00250,0.02115,0.99989,0.01480,-0.00277,0.00035,0.00098,0.00069,-0.00353,
1630698550614484224,0.00083,-0.00253,0.02107,0.99986,0.01615,-0.00368,0.00040,0.00126,-0.00026,-0.00322,
1630698550681153536,0.00083,-0.00260,0.02108,0.99984,0.01752,-0.00461,0.00039,0.00120,0.00020,-0.00325,
1630698550747823616,0.00081,-0.00263,0.02101,0.99981,0.01886,-0.00558,0.00044,0.00077,0.00073,-0.00299,
1630698550814494208,0.00075,-0.00266,0.02101,0.99977,0.02023,-0.00654,0.00046,0.00064,0.00026,-0.00316,
1630698550881163776,0.00066,-0.00273,0.02102,0.99974,0.02158,-0.00757,0.00050,0.00063,0.00065,-0.00319,
1630698550947834368,0.00049,-0.00284,0.02106,0.99970,0.02294,-0.00863,0.00056,0.00010,0.00016,-0.00293,
1630698551014504192,0.00047,-0.00292,0.02099,0.99966,0.02426,-0.00972,0.00060,0.00034,0.00055,-0.00306,
1630698551081174784,0.00047,-0.00292,0.02099,0.99961,0.02556,-0.01081,0.00064,0.00062,0.00094,-0.00323,
1630698551147844608,0.00035,-0.00302,0.02093,0.99957,0.02689,-0.01197,0.00071,0.00076,0.00098,-0.00303,
1630698551214515200,0.00015,-0.00317,0.02110,0.99952,0.02820,-0.01316,0.00077,0.00050,0.00077,-0.00283,
1630698551281185024,0.00007,-0.00324,0.02116,0.99946,0.02948,-0.01435,0.00083,0.00032,0.00094,-0.00278,
1630698551347855616,0.00009,-0.00327,0.02109,0.99941,0.03066,-0.01518,0.00091,-0.00020,0.00322,0.00285,
1630698551414524928,-0.00013,-0.00289,0.02428,0.99943,0.02882,-0.01776,0.00108,-0.00475,0.00313,0.06293,
1630698551481195776,-0.00091,-0.00284,0.02871,0.99936,0.02870,-0.02152,0.00092,-0.01324,-0.00713,0.07266,
1630698551547865344,-0.00157,-0.00429,0.03325,0.99921,0.03096,-0.02504,0.00024,-0.00821,-0.02446,0.05702,
1630698551614535936,-0.00148,-0.00659,0.03606,0.99903,0.03471,-0.02701,-0.00069,-0.00312,-0.03554,0.03308,
1630698551681205760,-0.00080,-0.00908,0.03733,0.99882,0.03953,-0.02810,-0.00132,0.00358,-0.03595,0.01507,
1630698551747876352,0.00037,-0.01125,0.03829,0.99873,0.04207,-0.02778,-0.00149,0.01043,-0.01390,0.00965,
1630698551814546176,0.00102,-0.01088,0.03905,0.99867,0.04313,-0.02816,-0.00087,0.01163,0.01845,0.01263,
1630698551881216256,0.00139,-0.00919,0.04060,0.99866,0.04202,-0.03005,-0.00028,0.00455,0.03069,0.02676,
1630698551947885568,0.00103,-0.00766,0.04371,0.99861,0.04023,-0.03404,0.00044,-0.00447,0.02381,0.05016,
1630698552014555392,0.00008,-0.00755,0.04801,0.99839,0.04037,-0.03973,0.00068,-0.01425,-0.00105,0.06029,
1630698552081225728,-0.00089,-0.00917,0.05167,0.99790,0.04634,-0.04517,0.00100,-0.01066,-0.02753,0.06325,
1630698552147894528,-0.00062,-0.01213,0.05453,0.99745,0.05271,-0.04817,0.00024,0.01301,-0.04104,0.03825,
1630698552214564608,0.00039,-0.01433,0.05734,0.99711,0.05729,-0.04997,-0.00040,0.01900,-0.02728,0.05179,
1630698552281233664,0.00139,-0.01454,0.06043,0.99700,0.05796,-0.05126,-0.00056,0.01925,0.01191,0.04898,
1630698552347903488,0.00246,-0.01396,0.06309,0.99710,0.05614,-0.05144,-0.00018,0.01645,0.01048,0.04213,
1630698552414572544,0.00322,-0.01371,0.06552,0.99716,0.05514,-0.05133,0.00000,0.01294,-0.00064,0.03336,
1630698552481242368,0.00302,-0.01392,0.06799,0.99710,0.05482,-0.05278,0.00010,-0.00828,-0.00203,0.04326,
1630698552547911424,0.00211,-0.01449,0.07020,0.99697,0.05486,-0.05519,-0.00043,-0.01208,-0.00753,0.03406,
1630698552614581248,0.00138,-0.01471,0.07265,0.99682,0.05530,-0.05733,-0.00033,-0.00694,-0.00327,0.03313,
1630698552681250304,-0.00445,-0.01716,0.07197,0.99666,0.05560,-0.05978,-0.00030,-0.00158,-0.00468,0.01833,
1630698552747920128,-0.00370,-0.01833,0.07597,0.99647,0.05648,-0.06209,-0.00060,-0.00049,-0.01141,0.03403,
1630698552814588672,-0.00364,-0.01945,0.07942,0.99616,0.05854,-0.06512,-0.00062,0.00164,-0.02951,0.05910,
1630698552881259520,-0.00404,-0.02128,0.08451,0.99589,0.05919,-0.06861,-0.00120,0.00392,-0.01506,0.07936,
1630698552947929088,-0.00333,-0.02283,0.08985,0.99580,0.05778,-0.07105,-0.00120,0.00892,-0.00573,0.07638,
1630698553014599680,-0.00177,-0.02347,0.09198,0.99581,0.05705,-0.07147,-0.00129,0.02105,-0.01328,0.06443,
1630698553081269504,0.00023,-0.02363,0.09376,0.99594,0.05615,-0.07030,-0.00131,0.02423,-0.00726,0.04761,
1630698553147939840,0.00169,-0.02346,0.09451,0.99607,0.05598,-0.06858,-0.00129,0.01365,-0.00906,0.03569,
1630698553214609664,0.00153,-0.02475,0.09875,0.99598,0.05772,-0.06851,-0.00161,-0.00209,-0.01993,0.04703,
1630698553281280256,0.00182,-0.02649,0.10125,0.99575,0.06097,-0.06899,-0.00139,-0.00175,-0.01739,0.03860,
1630698553347950080,0.00098,-0.02592,0.10235,0.99568,0.06204,-0.06908,0.00015,-0.00542,-0.00119,0.03567,
1630698553414620672,0.00019,-0.02571,0.10458,0.99573,0.06116,-0.06911,0.00015,-0.00606,0.00627,0.04143,
1630698553481291264,-0.00004,-0.02640,0.11261,0.99579,0.06050,-0.06889,0.00061,-0.00691,0.00882,0.04606,
1630698553547960832,0.00108,-0.02701,0.11628,0.99600,0.05998,-0.06624,0.00017,-0.00413,0.00738,0.04775,
1630698553614631424,0.00218,-0.02707,0.11939,0.99633,0.06073,-0.06036,-0.00019,0.00920,0.00436,0.03359,
1630698553681300992,0.00452,-0.02658,0.11718,0.99674,0.06311,-0.05022,-0.00093,0.02624,-0.00365,0.01997,
1630698553747971840,0.00780,-0.02545,0.11087,0.99707,0.06677,-0.03724,-0.00093,0.03737,-0.01035,-0.00079,
1630698553814640896,0.01166,-0.02679,0.11114,0.99712,0.07117,-0.02610,-0.00185,0.02644,-0.01827,0.02536,
1630698553881312256,0.01375,-0.02838,0.11390,0.99693,0.07599,-0.01880,-0.00213,0.01340,-0.02432,0.05762,
1630698553947982336,0.01440,-0.03085,0.11940,0.99659,0.08102,-0.01523,-0.00247,-0.00156,-0.02623,0.06597,
1630698554014653696,0.01391,-0.03336,0.12375,0.99629,0.08472,-0.01496,-0.00357,-0.01563,-0.02511,0.06604,
1630698554081323264,0.01367,-0.03594,0.12935,0.99605,0.08725,-0.01583,-0.00461,-0.01522,-0.01036,0.04749,
1630698554147994624,0.01461,-0.03792,0.13326,0.99588,0.08944,-0.01344,-0.00600,-0.01271,0.00882,0.02082,
1630698554214664704,0.01449,-0.03763,0.13237,0.99574,0.09126,-0.01164,-0.00620,-0.01366,0.00874,0.01945,
1630698554281335808,0.01440,-0.03829,0.13338,0.99552,0.09375,-0.01047,-0.00709,-0.01520,0.00883,0.00160,
1630698554348005888,0.01317,-0.03751,0.13272,0.99516,0.09770,-0.00819,-0.00728,-0.00837,-0.00236,-0.01590,
1630698554414677248,0.01685,-0.04466,0.13203,0.99450,0.10411,-0.00847,-0.00721,-0.00131,-0.02600,-0.00788,
1630698554481347328,0.01743,-0.04813,0.13354,0.99369,0.11154,-0.00896,-0.00762,0.01254,-0.03778,-0.00338,
1630698554548018432,0.01838,-0.05168,0.13462,0.99275,0.11974,-0.00818,-0.00671,0.02406,-0.04840,0.00183,
1630698554614688512,0.02040,-0.05758,0.13885,0.99191,0.12631,-0.01020,-0.00729,0.02412,-0.04626,0.06628,
1630698554681359872,0.02013,-0.05861,0.14198,0.99156,0.12854,-0.01570,-0.00669,0.01850,-0.01380,0.10996,
1630698554748031232,0.02109,-0.06159,0.15255,0.99141,0.12884,-0.02124,-0.00673,0.02277,-0.00582,0.09886,
1630698554814701312,0.02283,-0.06274,0.15813,0.99152,0.12797,-0.02140,-0.00784,0.03045,0.01726,0.08212,
1630698554881372416,0.02185,-0.05889,0.16765,0.99214,0.12343,-0.01908,-0.00768,0.02731,0.02114,0.05609,
1630698554948042752,0.02628,-0.05902,0.16908,0.99255,0.12102,-0.01197,-0.00765,0.02723,0.01938,-0.00008,
1630698555014714368,0.02911,-0.05766,0.16720,0.99278,0.11965,-0.00383,-0.00793,0.01994,-0.00316,-0.01419,
1630698555081384448,0.03063,-0.05709,0.16352,0.99269,0.12048,0.00059,-0.00769,0.00328,-0.01614,-0.01340,
1630698555148055808,0.02992,-0.05809,0.16019,0.99245,0.12231,0.00090,-0.00885,-0.01480,-0.02947,-0.00578,
1630698555214726144,0.02764,-0.05927,0.15904,0.99217,0.12457,-0.00191,-0.00881,-0.02676,-0.03025,0.01014,
1630698555281397760,0.02374,-0.06090,0.15981,0.99187,0.12671,-0.00773,-0.00882,-0.03656,-0.02665,0.03053,
1630698555348068096,0.01965,-0.06185,0.16160,0.99160,0.12821,-0.01452,-0.00858,-0.03373,-0.01893,0.04177,
1630698555414739712,0.01674,-0.06291,0.16392,0.99140,0.12915,-0.01958,-0.00848,-0.02093,-0.01957,0.04770,
1630698555481410048,0.01503,-0.06405,0.16675,0.99127,0.12944,-0.02363,-0.00893,-0.00662,-0.00881,0.05156,
1630698555548081408,0.01501,-0.06488,0.16988,0.99122,0.12956,-0.02486,-0.00922,0.01611,-0.00581,0.03188,
1630698555614751744,0.01655,-0.06465,0.17032,0.99128,0.12941,-0.02299,-0.00904,0.03172,0.00332,0.01472,
1630698555681423104,0.01938,-0.06378,0.16939,0.99144,0.12872,-0.01982,-0.00911,0.04552,0.00296,-0.00077,
1630698555748093696,0.02181,-0.06375,0.17130,0.99147,0.12863,-0.01898,-0.00878,0.04338,-0.00071,0.00873,
1630698555814765056,0.02326,-0.06507,0.17317,0.99137,0.12921,-0.02025,-0.00892,0.03019,-0.01918,0.01921,
1630698555881435904,0.02416,-0.06622,0.17526,0.99125,0.12974,-0.02238,-0.00902,0.02094,-0.01464,0.01947,
1630698555948107520,0.02444,-0.06679,0.17659,0.99115,0.13054,-0.02259,-0.00854,0.01722,-0.01677,0.01054,
1630698556014778112,0.02408,-0.06857,0.18025,0.99102,0.13116,-0.02425,-0.00888,0.00939,-0.03148,0.02399,
1630698556081449984,0.02433,-0.07103,0.18209,0.99088,0.13169,-0.02680,-0.00959,0.00591,-0.02368,0.02255,
1630698556148121600,0.02436,-0.07239,0.18409,0.99078,0.13220,-0.02793,-0.01009,0.00765,-0.01963,0.01671,
1630698556214792448,0.02421,-0.07393,0.18637,0.99073,0.13219,-0.02954,-0.01066,0.00436,-0.01608,0.03079,
1630698556281464320,0.02364,-0.07461,0.18876,0.99068,0.13191,-0.03206,-0.01081,0.00157,-0.01181,0.02464,
1630698556348134912,0.02309,-0.07490,0.19061,0.99073,0.13129,-0.03286,-0.01134,0.00653,-0.00761,0.01558,
1630698556414806784,0.02275,-0.07494,0.19210,0.99081,0.13062,-0.03345,-0.01116,0.01044,-0.00488,0.00428,
1630698556481477632,0.02271,-0.07393,0.19087,0.99096,0.12934,-0.03400,-0.01102,0.01223,-0.01032,-0.01997,
1630698556548149504,0.02242,-0.07357,0.19318,0.99127,0.12692,-0.03402,-0.01114,0.00783,-0.01248,-0.01102,
1630698556614820608,0.02320,-0.07458,0.19370,0.99147,0.12524,-0.03439,-0.01109,0.00774,-0.00448,-0.01288,
1630698556681492224,0.02273,-0.07392,0.19467,0.99177,0.12279,-0.03461,-0.01127,0.00451,-0.00698,-0.00692,
1630698556748163328,0.02284,-0.07308,0.19512,0.99205,0.12056,-0.03436,-0.01113,0.00641,-0.00582,-0.00887,
1630698556814835200,0.02289,-0.07296,0.19560,0.99232,0.11828,-0.03431,-0.01129,0.00663,-0.00979,-0.00802,
1630698556881505792,0.02283,-0.07241,0.19631,0.99262,0.11589,-0.03407,-0.01108,0.00890,-0.00495,-0.00520,
1630698556948177152,0.02298,-0.07098,0.19693,0.99305,0.11231,-0.03347,-0.01124,0.01070,-0.00641,-0.00509,
1630698557014847488,0.02356,-0.06961,0.19764,0.99353,0.10821,-0.03262,-0.01133,0.00934,-0.00661,-0.00461,
1630698557081519104,0.02498,-0.07007,0.19710,0.99398,0.10425,-0.03186,-0.01133,0.00736,-0.00728,-0.00456,
1630698557148189440,0.02513,-0.06801,0.19828,0.99451,0.09942,-0.03054,-0.01149,0.00684,-0.00565,-0.00353,
1630698557214860800,0.02554,-0.06587,0.19981,0.99513,0.09348,-0.02888,-0.01167,0.00669,-0.00426,-0.00280,
1630698557281531648,0.02639,-0.06429,0.20074,0.99578,0.08684,-0.02725,-0.01173,0.00520,-0.00509,-0.00262,
1630698557348203008,0.02712,-0.06208,0.20258,0.99642,0.07977,-0.02550,-0.01184,0.00405,-0.00443,-0.00223,
1630698557414874624,0.02776,-0.05985,0.20454,0.99700,0.07272,-0.02378,-0.01192,0.00337,-0.00388,-0.00156,
1630698557481544960,0.02837,-0.05777,0.20619,0.99748,0.06636,-0.02219,-0.01195,0.00304,-0.00380,-0.00110,
1630698557548216576,0.02876,-0.05586,0.20728,0.99778,0.06201,-0.02098,-0.01206,0.00218,-0.00344,-0.00073,
1630698557614886912,0.02914,-0.05454,0.20806,0.99804,0.05809,-0.01991,-0.01208,0.00153,-0.00365,-0.00027,
1630698557681558528,0.02967,-0.05420,0.20844,0.99820,0.05559,-0.01924,-0.01205,0.00148,-0.00344,-0.00030,
1630698557748229120,0.02981,-0.05356,0.20881,0.99829,0.05393,-0.01885,-0.01205,0.00108,-0.00347,0.00008,
1630698557814900736,0.02969,-0.05242,0.20929,0.99836,0.05276,-0.01845,-0.01213,0.00087,-0.00298,0.00025,
1630698557881571072,0.02994,-0.05237,0.20926,0.99840,0.05210,-0.01842,-0.01212,0.00061,-0.00332,0.00012,
1630698557948242688,0.03008,-0.05275,0.20931,0.99842,0.05176,-0.01845,-0.01206,0.00019,-0.00301,0.00021,
1630698558014913024,0.02979,-0.05239,0.20970,0.99843,0.05150,-0.01838,-0.01207,0.00011,-0.00297,0.00030,
1630698558081584640,0.03017,-0.05262,0.20935,0.99844,0.05134,-0.01834,-0.01207,0.00019,-0.00288,-0.00011,
1630698558148255232,0.03027,-0.05255,0.20928,0.99845,0.05120,-0.01836,-0.01209,-0.00012,-0.00291,0.00013,
1630698558214926592,0.03033,-0.05255,0.20926,0.99845,0.05114,-0.01851,-0.01207,0.00028,-0.00291,0.00037,
1630698558281597440,0.03021,-0.05187,0.20935,0.99847,0.05076,-0.01842,-0.01213,0.00023,-0.00178,0.00065,
1630698558348268800,0.02971,-0.05140,0.20985,0.99849,0.05041,-0.01841,-0.01211,0.00023,-0.00282,0.00109,
1630698558414939392,0.03018,-0.05223,0.20946,0.99848,0.05045,-0.01867,-0.01205,-0.00019,-0.00268,0.00084,
1630698558481611008,0.03016,-0.05222,0.20946,0.99848,0.05046,-0.01881,-0.01204,-0.00042,-0.00240,0.00079,
1630698558548281600,0.02974,-0.05177,0.20988,0.99849,0.05022,-0.01877,-0.01204,-0.00011,-0.00302,0.00110,
1630698558614952960,0.02957,-0.05113,0.21006,0.99850,0.04993,-0.01866,-0.01210,-0.00032,-0.00132,0.00107,
1630698558681623808,0.02958,-0.05104,0.21007,0.99852,0.04964,-0.01865,-0.01208,-0.00027,-0.00383,0.00124,
1630698558748295424,0.03011,-0.05199,0.20957,0.99850,0.04988,-0.01884,-0.01207,-0.00132,-0.00475,0.00123,
1630698558814967040,0.03000,-0.05202,0.20955,0.99850,0.04993,-0.01906,-0.01204,-0.00096,-0.00088,0.00112,
1630698558881638144,0.02996,-0.05189,0.20953,0.99850,0.04986,-0.01924,-0.01203,-0.00086,-0.00180,0.00111,
1630698558948309760,0.02978,-0.05136,0.20963,0.99850,0.04975,-0.01922,-0.01210,-0.00122,-0.00483,0.00148,
1630698559014980352,0.02936,-0.05105,0.21012,0.99851,0.04957,-0.01912,-0.01211,-0.00078,-0.00275,0.00193,
1630698559081652224,0.02983,-0.05168,0.20973,0.99851,0.04956,-0.01922,-0.01201,0.00007,-0.00033,0.00097,
1630698559148322816,0.02974,-0.05165,0.20962,0.99851,0.04956,-0.01946,-0.01200,-0.00100,-0.00450,0.00123,
1630698559214994432,0.02975,-0.05171,0.20961,0.99851,0.04959,-0.01953,-0.01200,0.00008,-0.00230,0.00091,
1630698559281665280,0.03009,-0.05202,0.20922,0.99850,0.04961,-0.01971,-0.01195,-0.00162,-0.00208,0.00207,
1630698559348337152,0.02998,-0.05205,0.20918,0.99850,0.04967,-0.01983,-0.01197,-0.00243,-0.00341,0.00173,
1630698559415007744,0.02963,-0.05163,0.20957,0.99851,0.04950,-0.01968,-0.01200,-0.00091,-0.00222,0.00170,
1630698559481679616,0.02939,-0.05125,0.20989,0.99853,0.04922,-0.01949,-0.01202,-0.00006,-0.00381,0.00099,
1630698559548350464,0.02964,-0.05095,0.20962,0.99853,0.04911,-0.01947,-0.01206,-0.00036,-0.00365,0.00180,
1630698559615022336,0.02973,-0.05125,0.20930,0.99853,0.04912,-0.01970,-0.01208,-0.00270,-0.00493,0.00174,
1630698559681693440,0.02938,-0.05091,0.20971,0.99853,0.04897,-0.01961,-0.01216,-0.00146,-0.00364,0.00159,
1630698559748365056,0.02901,-0.05059,0.21008,0.99855,0.04866,-0.01953,-0.01222,-0.00170,-0.00366,0.00143,
1630698559815036160,0.02912,-0.05098,0.20999,0.99855,0.04862,-0.01954,-0.01219,-0.00130,-0.00334,0.00179,
1630698559881707008,0.02945,-0.05131,0.20957,0.99854,0.04870,-0.01972,-0.01221,-0.00080,-0.00403,0.00120,
1630698559948376576,0.02979,-0.05171,0.20900,0.99853,0.04883,-0.02007,-0.01218,-0.00129,-0.00219,0.00107,
1630698560015047424,0.02977,-0.05180,0.20885,0.99852,0.04900,-0.02034,-0.01218,-0.00136,-0.00312,-0.00037,
1630698560081718528,0.02944,-0.05148,0.20919,0.99852,0.04889,-0.02026,-0.01219,-0.00069,-0.00264,0.00179,
1630698560148388352,0.02911,-0.05099,0.20971,0.99854,0.04871,-0.01997,-0.01219,-0.00088,-0.00381,0.00169,
1630698560215058944,0.02936,-0.05123,0.20937,0.99854,0.04864,-0.02011,-0.01220,-0.00040,-0.00537,0.00152,
1630698560281729024,0.02955,-0.05136,0.20918,0.99854,0.04865,-0.02012,-0.01222,-0.00011,-0.00641,0.00048,
1630698560348399616,0.02965,-0.05160,0.20936,0.99853,0.04885,-0.01996,-0.01229,0.00009,-0.00687,0.00081,
1630698560415069696,0.02993,-0.05193,0.20896,0.99852,0.04895,-0.02015,-0.01227,-0.00194,-0.00254,0.00201,
1630698560481740544,0.02984,-0.05182,0.20887,0.99852,0.04898,-0.02029,-0.01227,-0.00150,-0.00170,0.00005,
1630698560548410112,0.02984,-0.05179,0.20882,0.99852,0.04898,-0.02030,-0.01226,-0.00037,-0.00454,0.00032,
1630698560615080960,0.02983,-0.05184,0.20884,0.99851,0.04905,-0.02031,-0.01227,-0.00200,-0.00607,0.00117,
1630698560681750784,0.02965,-0.05190,0.20901,0.99851,0.04912,-0.02039,-0.01229,-0.00342,-0.00372,0.00138,
1630698560748421376,0.02953,-0.05183,0.20899,0.99851,0.04911,-0.02043,-0.01219,-0.00290,-0.00169,0.00099,
1630698560815091456,0.02915,-0.05097,0.20896,0.99852,0.04890,-0.02031,-0.01200,-0.00531,-0.00229,0.00090,
1630698560881762816,0.02855,-0.05107,0.20919,0.99852,0.04899,-0.02058,-0.01196,-0.00606,-0.00854,0.00145,
1630698560948433152,0.02844,-0.05182,0.20914,0.99850,0.04926,-0.02060,-0.01187,-0.00785,-0.00479,-0.00003,
1630698561015104768,0.02797,-0.05185,0.20917,0.99850,0.04935,-0.02069,-0.01182,-0.00870,-0.00470,0.00114,
1630698561081775104,0.02752,-0.05152,0.20950,0.99851,0.04917,-0.02036,-0.01209,-0.00469,-0.00172,-0.00011,
1630698561148446464,0.02744,-0.05136,0.20936,0.99852,0.04898,-0.02026,-0.01195,-0.00265,-0.00574,-0.00023,
1630698561215117312,0.02768,-0.05175,0.20883,0.99851,0.04905,-0.02045,-0.01209,-0.00439,-0.00490,0.00059,
1630698561281788672,0.02724,-0.05148,0.20928,0.99852,0.04901,-0.02035,-0.01207,-0.00344,-0.00519,0.00108,
1630698561348459264,0.02716,-0.05142,0.20937,0.99852,0.04899,-0.02028,-0.01210,-0.00095,-0.00606,0.00076,
1630698561415130624,0.02760,-0.05164,0.20883,0.99851,0.04907,-0.02038,-0.01209,-0.00172,-0.00290,0.00016,
1630698561481802240,0.02740,-0.05162,0.20894,0.99851,0.04910,-0.02045,-0.01208,-0.00378,-0.00436,0.00095,
1630698561548472832,0.02738,-0.05168,0.20890,0.99851,0.04917,-0.02051,-0.01209,-0.00299,-0.00607,0.00050,
1630698561615144192,0.02738,-0.05168,0.20887,0.99851,0.04916,-0.02056,-0.01209,-0.00251,-0.00387,0.00026,
1630698561681814784,0.02734,-0.05160,0.20890,0.99851,0.04912,-0.02059,-0.01210,-0.00217,-0.00417,0.00014,
1630698561748486400,0.02730,-0.05165,0.20893,0.99850,0.04912,-0.02070,-0.01211,-0.00270,-0.00610,0.00005,
1630698561815156992,0.02726,-0.05161,0.20895,0.99850,0.04908,-0.02080,-0.01210,-0.00236,-0.00290,0.00093,
1630698561881828608,0.02724,-0.05146,0.20895,0.99851,0.04895,-0.02084,-0.01210,-0.00194,-0.00281,-0.00027,
1630698561948499200,0.02729,-0.05156,0.20883,0.99851,0.04891,-0.02103,-0.01210,-0.00192,-0.00512,0.00007,
1630698562015170816,0.02733,-0.05163,0.20872,0.99850,0.04888,-0.02130,-0.01211,-0.00221,-0.00414,0.00069,
1630698562081841408,0.02508,-0.05429,0.21772,0.99799,0.05791,-0.02231,-0.01251,-0.03071,-0.08774,0.18445,
1630698562148513024,0.02177,-0.06114,0.22836,0.99705,0.06929,-0.02805,-0.01751,-0.05937,-0.05269,0.13941,
1630698562215183616,0.02084,-0.06438,0.23318,0.99724,0.06336,-0.03346,-0.01943,-0.11999,-0.02886,0.05919,
1630698562281855488,0.01754,-0.06892,0.23042,0.99729,0.06811,-0.01918,-0.02021,-0.13243,0.00387,-0.08335,
1630698562348526592,0.00582,-0.07298,0.21489,0.99774,0.06393,0.00842,-0.01882,-0.15433,0.13336,-0.43769,
1630698562415198208,-0.00608,-0.06166,0.20022,0.99669,0.06537,0.04821,-0.00403,-0.12478,0.19378,-0.18676,
1630698562481868800,-0.01314,-0.05740,0.19887,0.99529,0.07276,0.06399,0.00168,-0.05417,0.10472,0.06648,
1630698562548540416,-0.01734,-0.05489,0.22913,0.99091,0.13222,0.02471,-0.00141,0.02913,0.15336,0.23035,
1630698562615211264,-0.01409,-0.03710,0.24655,0.99167,0.12804,0.00877,-0.01056,0.08245,0.31344,0.13234,
1630698562681882880,-0.00858,-0.01812,0.25913,0.99137,0.13037,0.00067,-0.01387,0.12263,0.22156,0.15820,
1630698562748554752,-0.00657,0.00121,0.26745,0.99113,0.13131,-0.00772,-0.01916,0.08540,0.09136,0.21354,
1630698562815225344,0.00393,0.01043,0.28355,0.99273,0.11780,-0.00373,-0.02447,0.12541,0.08883,0.17233,
1630698562881896704,0.01696,0.01579,0.29479,0.99415,0.10531,0.01065,-0.02141,0.12614,-0.00586,0.01294,
1630698562948567040,0.02840,0.01306,0.29034,0.99289,0.11464,0.02405,-0.02094,0.12733,-0.05688,-0.15732,
1630698563015238400,0.03949,0.00486,0.27955,0.99101,0.12736,0.03465,-0.02187,0.12058,-0.15481,-0.14085,
1630698563081908480,0.04870,-0.00685,0.27114,0.99097,0.12534,0.04105,-0.02395,0.13928,-0.16937,-0.16015,
1630698563148579840,0.06205,-0.01798,0.26735,0.99156,0.12031,0.04419,-0.01965,0.14711,-0.16391,0.05876,
1630698563215249920,0.07015,-0.02727,0.27290,0.99098,0.12786,0.03230,-0.02371,0.12166,-0.10724,0.03635,
1630698563281921280,0.07755,-0.02826,0.27194,0.99121,0.12615,0.03181,-0.02412,0.12139,0.03225,-0.02998,
1630698563348591616,0.08507,-0.02148,0.26844,0.99272,0.11195,0.03889,-0.02151,0.10128,0.10599,-0.02830,
1630698563415262976,0.09090,-0.01299,0.26810,0.99294,0.10973,0.04005,-0.02082,0.09990,0.09915,-0.00234,
1630698563481933312,0.09646,-0.00714,0.26516,0.99183,0.11856,0.04101,-0.02325,0.12495,0.03311,0.02634,
1630698563548604416,0.10235,-0.00233,0.27466,0.99221,0.11649,0.03890,-0.02081,0.09608,0.04388,0.13695,
1630698563615275008,0.10779,-0.00200,0.28001,0.99258,0.11444,0.03618,-0.01955,0.05792,-0.06704,0.06698,
1630698563681946368,0.11064,-0.00501,0.27663,0.99233,0.11609,0.03767,-0.01959,0.03144,-0.07813,0.03363,
1630698563748616448,0.11250,-0.00933,0.27388,0.99217,0.11767,0.03776,-0.01782,0.03509,-0.10614,0.03868,
1630698563815287808,0.11624,-0.01481,0.26927,0.99235,0.11537,0.04021,-0.01792,0.06599,-0.08014,0.02634,
1630698563881958144,0.12026,-0.01855,0.27397,0.99292,0.11146,0.03772,-0.01644,0.08527,-0.06900,0.13346,
1630698563948629760,0.12462,-0.02200,0.27916,0.99275,0.11442,0.02997,-0.02139,0.09981,-0.02592,0.04758,
1630698564015300352,0.13032,-0.02067,0.27690,0.99330,0.10822,0.03365,-0.02281,0.10613,0.08290,0.00984,
1630698564081971968,0.13888,-0.01072,0.27290,0.99466,0.09265,0.04117,-0.01917,0.13111,0.19659,-0.00928,
1630698564148643328,0.14964,0.00380,0.27033,0.99418,0.09733,0.04277,-0.01765,0.19625,0.22344,0.00416,
1630698564215313664,0.16751,0.01971,0.26333,0.99297,0.10568,0.05019,-0.01825,0.24166,0.19165,0.12692,
1630698564281985280,0.18365,0.02824,0.27815,0.99530,0.08868,0.03361,-0.01970,0.21099,0.12477,0.19152,
1630698564348655616,0.19733,0.03605,0.28224,0.99611,0.08204,0.02442,-0.02077,0.19967,0.07557,0.05985,
1630698564415327232,0.20890,0.03859,0.27970,0.99392,0.10412,0.02832,-0.02179,0.17023,-0.00053,-0.02377,
1630698564481997824,0.22044,0.03644,0.27271,0.99166,0.12290,0.03328,-0.01989,0.16719,-0.07608,-0.03282,
1630698564548669440,0.23177,0.02949,0.26759,0.99251,0.11557,0.03297,-0.02188,0.20717,-0.05384,-0.00299,
1630698564615339776,0.24445,0.02299,0.27191,0.99318,0.10988,0.03395,-0.01930,0.19335,-0.07957,-0.01573,
1630698564682011392,0.25731,0.01704,0.27603,0.99270,0.11574,0.02613,-0.02165,0.19527,-0.04377,0.04507,
1630698564748681728,0.27036,0.01731,0.27517,0.99326,0.11023,0.02845,-0.02197,0.19658,0.06929,-0.03573,
1630698564815353600,0.28370,0.02572,0.27254,0.99428,0.09959,0.03292,-0.02031,0.20698,0.16116,-0.01886,
1630698564882024192,0.29918,0.03907,0.26848,0.99438,0.09729,0.03676,-0.01994,0.26264,0.16141,-0.00886,
1630698564948696064,0.31501,0.04851,0.27369,0.99407,0.09875,0.03821,-0.02491,0.23178,0.12912,0.17584,
1630698565015366912,0.32806,0.05717,0.28031,0.99534,0.08905,0.02853,-0.02376,0.20740,0.10343,0.07855,
1630698565082038528,0.34096,0.06062,0.28324,0.99535,0.08966,0.02423,-0.02539,0.17734,0.02229,0.01513,
1630698565148709376,0.35202,0.05899,0.27757,0.99324,0.10922,0.02983,-0.02541,0.14737,-0.04088,-0.05866,
1630698565215380992,0.35701,0.05420,0.27016,0.99237,0.11570,0.03255,-0.02743,0.14366,-0.11807,-0.04889,
1630698565282051840,0.36394,0.04674,0.26800,0.99246,0.11445,0.03657,-0.02436,0.15682,-0.05809,0.03154,
1630698565348723456,0.37121,0.04027,0.27289,0.99229,0.11784,0.02922,-0.02488,0.12669,-0.07366,0.02728,
1630698565415395328,0.37818,0.03532,0.27567,0.99200,0.12150,0.02307,-0.02513,0.12012,-0.02027,0.05361,
1630698565482066176,0.38432,0.03562,0.27488,0.99325,0.11074,0.02544,-0.02344,0.09564,0.05727,0.00257,
1630698565548738048,0.38938,0.03960,0.27393,0.99423,0.10137,0.02766,-0.02163,0.08856,0.09048,0.03230,
1630698565615408640,0.39522,0.04449,0.27376,0.99393,0.10420,0.02797,-0.02142,0.11678,0.03945,0.06331,
1630698565682080512,0.40099,0.04726,0.27853,0.99388,0.10446,0.02773,-0.02281,0.10227,0.08889,0.06910,
1630698565748751360,0.40679,0.05021,0.27917,0.99441,0.10040,0.02402,-0.02235,0.09745,0.00903,0.02930,
1630698565815423232,0.41152,0.04874,0.27825,0.99409,0.10235,0.02628,-0.02502,0.07496,-0.02607,0.00313,
1630698565882093312,0.41434,0.04498,0.27370,0.99349,0.10739,0.02906,-0.02449,0.06022,-0.08768,-0.01808,
1630698565948764928,0.41748,0.03837,0.26739,0.99269,0.11346,0.03288,-0.02468,0.08333,-0.09864,-0.05997,
1630698566015435008,0.42148,0.03223,0.27115,0.99265,0.11386,0.03536,-0.02084,0.08658,-0.12497,0.11748,
1630698566082106112,0.42601,0.02540,0.27296,0.99240,0.11820,0.02346,-0.02492,0.10043,-0.08504,0.04599,
1630698566148776192,0.43371,0.02383,0.27233,0.99242,0.11770,0.02369,-0.02633,0.11382,0.00839,0.00314,
1630698566215447552,0.44025,0.02598,0.27029,0.99385,0.10472,0.02711,-0.02350,0.11453,0.09096,-0.01303,
1630698566282117632,0.44812,0.03410,0.26956,0.99432,0.09982,0.02979,-0.02161,0.14361,0.13369,0.00191,
1630698566348788992,0.45901,0.04280,0.26709,0.99418,0.09988,0.03436,-0.02124,0.17316,0.06644,0.06311,
1630698566415459072,0.46853,0.04771,0.27180,0.99476,0.09637,0.02699,-0.02108,0.14941,0.06835,0.04823,
1630698566482130176,0.47873,0.05069,0.27536,0.99518,0.09305,0.02255,-0.02131,0.14216,-0.00932,0.03001,
1630698566548800512,0.48715,0.04980,0.27321,0.99463,0.09763,0.02627,-0.02197,0.12221,-0.04447,-0.03995,
1630698566615471616,0.49439,0.04457,0.26803,0.99380,0.10489,0.03038,-0.02109,0.11282,-0.12388,-0.07608,
1630698566682141696,0.50236,0.03590,0.25967,0.99281,0.11220,0.03628,-0.02062,0.12971,-0.13970,-0.01116,
1630698566748812800,0.51231,0.02520,0.26549,0.99246,0.11689,0.03115,-0.01994,0.13019,-0.19371,0.14280,
1630698566815484160,0.51835,0.01493,0.26937,0.99169,0.12522,0.01573,-0.02497,0.12929,-0.12024,-0.00335,
1630698566882154496,0.52693,0.01240,0.26772,0.99240,0.11984,0.01616,-0.02272,0.11246,0.01051,-0.01962,
1630698566948825600,0.53187,0.01353,0.26684,0.99501,0.09596,0.02033,-0.01837,0.08911,0.04007,-0.02620,
1630698567015495680,0.53780,0.01713,0.26725,0.99496,0.09726,0.01883,-0.01572,0.09427,0.04701,0.03675,
1630698567082166784,0.54511,0.02089,0.26867,0.99419,0.10486,0.02099,-0.01232,0.13063,0.06359,0.02525,
1630698567148837376,0.55298,0.02388,0.26740,0.99455,0.10191,0.01908,-0.01107,0.11306,-0.00335,-0.02271,
1630698567215508480,0.55969,0.02122,0.26623,0.99427,0.10384,0.02083,-0.01439,0.10147,-0.06694,-0.00587,
1630698567282178560,0.56663,0.01663,0.26234,0.99344,0.11041,0.02612,-0.01446,0.09109,-0.10309,-0.06156,
1630698567348849664,0.57317,0.00718,0.25595,0.99222,0.11950,0.03179,-0.01441,0.11335,-0.15636,-0.08876,
1630698567415520000,0.58075,-0.00255,0.24953,0.99186,0.12064,0.03868,-0.01256,0.14743,-0.12651,-0.00205,
1630698567482191360,0.58761,-0.01255,0.25621,0.99236,0.11898,0.02992,-0.01299,0.11655,-0.18366,0.12137,
1630698567548861440,0.59601,-0.02397,0.26084,0.99160,0.12745,0.01636,-0.01467,0.11294,-0.13811,0.02026,
1630698567615532544,0.60229,-0.03003,0.26226,0.99236,0.12212,0.01214,-0.01247,0.07431,-0.05418,0.01557,
1630698567682202880,0.60530,-0.03332,0.26186,0.99513,0.09693,0.01396,-0.01139,0.04476,-0.03836,-0.01188,
1630698567748873984,0.60725,-0.03682,0.26360,0.99474,0.10155,0.00807,-0.01097,0.01571,-0.05708,0.08414,
1630698567815544064,0.60871,-0.04019,0.26623,0.99403,0.10774,0.01085,-0.01304,0.04849,-0.01033,-0.00070,
1630698567882215168,0.61231,-0.04013,0.25965,0.99409,0.10705,0.01394,-0.01182,0.06325,-0.04898,-0.05933,
1630698567948885504,0.61702,-0.04521,0.25596,0.99332,0.11278,0.01899,-0.01551,0.07605,-0.08920,-0.02830,
1630698568015556608,0.62223,-0.05131,0.25008,0.99252,0.11880,0.02349,-0.01559,0.09269,-0.11436,-0.06417,
1630698568082227712,0.62777,-0.05617,0.24195,0.99157,0.12512,0.02924,-0.01662,0.14849,-0.12926,-0.10277,
1630698568148897792,0.63808,-0.06394,0.24265,0.99243,0.11697,0.03465,-0.01403,0.16517,-0.09391,0.08336,
1630698568215568896,0.64799,-0.07177,0.24826,0.99324,0.11229,0.02463,-0.01600,0.14996,-0.10543,0.05950,
1630698568282238976,0.65956,-0.07758,0.25249,0.99271,0.11796,0.01815,-0.01698,0.14868,-0.03702,0.05905,
1630698568348910080,0.66984,-0.07610,0.25202,0.99362,0.11003,0.01920,-0.01560,0.14211,0.07327,0.00290,
1630698568415580160,0.67865,-0.06817,0.25110,0.99494,0.09675,0.02356,-0.01355,0.14928,0.12760,0.00874,
1630698568482251520,0.68885,-0.06180,0.25269,0.99512,0.09425,0.02514,-0.01507,0.17712,0.06402,0.06940,
1630698568548921600,0.70038,-0.05689,0.25697,0.99508,0.09474,0.02322,-0.01708,0.14932,0.10656,0.09735,
1630698568615592704,0.71047,-0.05140,0.25836,0.99584,0.08750,0.01680,-0.01889,0.14257,0.04216,0.05628,
1630698568682262784,0.71830,-0.04963,0.25902,0.99568,0.08875,0.01404,-0.02331,0.11137,0.01413,0.01333,
1630698568748933888,0.72436,-0.04949,0.25583,0.99427,0.10298,0.01527,-0.02439,0.08981,-0.02580,-0.00782,
1630698568815603968,0.72972,-0.05023,0.25148,0.99415,0.10360,0.01376,-0.02717,0.09496,-0.02682,0.02608,
1630698568882275072,0.73542,-0.05041,0.25932,0.99445,0.10227,0.01455,-0.01996,0.08956,-0.00664,0.06621,
1630698568948945408,0.74263,-0.05084,0.25906,0.99422,0.10448,0.01117,-0.02217,0.10993,0.02700,-0.00334,
1630698569015616512,0.75103,-0.04613,0.25796,0.99457,0.10150,0.01312,-0.01881,0.13583,0.11066,-0.01644,
1630698569082286592,0.76062,-0.03755,0.25464,0.99541,0.09208,0.01964,-0.01700,0.15335,0.16284,-0.02200,
1630698569148957696,0.77265,-0.02638,0.25287,0.99576,0.08705,0.02478,-0.01612,0.20568,0.19279,-0.03901,
1630698569215628032,0.78870,-0.01673,0.25079,0.99479,0.09504,0.03120,-0.01958,0.22933,0.09166,0.09830,
1630698569282299392,0.80392,-0.00635,0.25955,0.99558,0.08903,0.02311,-0.01901,0.22328,0.16050,0.08630,
1630698569348969472,0.81787,0.00038,0.26185,0.99644,0.08044,0.01366,-0.02130,0.19975,0.08103,0.03888,
1630698569415640576,0.83053,0.00313,0.25988,0.99509,0.09512,0.01536,-0.02263,0.18028,0.01544,-0.07886,
1630698569482311680,0.84152,0.00070,0.25203,0.99254,0.11778,0.02198,-0.02274,0.17395,-0.05202,-0.09037,
1630698569548982016,0.85253,-0.00439,0.24803,0.99269,0.11612,0.02322,-0.02315,0.19868,-0.03048,-0.01683,
1630698569615653120,0.86298,-0.00956,0.25112,0.99347,0.11018,0.02281,-0.01879,0.16311,-0.07514,0.04131,
1630698569682323200,0.87402,-0.01357,0.25314,0.99305,0.11531,0.01385,-0.01899,0.17305,-0.02445,0.03408,
1630698569748994304,0.88520,-0.01378,0.25215,0.99334,0.11285,0.01426,-0.01830,0.17765,0.04970,-0.03447,
1630698569815664640,0.89640,-0.00772,0.24921,0.99481,0.09867,0.01852,-0.01675,0.18320,0.13269,-0.03196,
1630698569882335744,0.90972,0.00199,0.24638,0.99498,0.09662,0.02048,-0.01601,0.22336,0.15435,-0.04171,
1630698569949005568,0.92244,0.00545,0.25124,0.99463,0.09716,0.02630,-0.02400,0.19009,0.07853,0.13760,
1630698570015676672,0.93480,0.01185,0.25806,0.99523,0.09329,0.01812,-0.02218,0.18155,0.07327,0.02596,
1630698570082347008,0.94676,0.01417,0.25822,0.99537,0.09117,0.01542,-0.02620,0.16892,-0.01524,0.01997,
1630698570149018112,0.95686,0.01277,0.25480,0.99448,0.09978,0.01741,-0.02735,0.15135,-0.05320,-0.06358,
1630698570215687936,0.96637,0.00671,0.24953,0.99365,0.10695,0.01999,-0.02879,0.16277,-0.12438,-0.07979,
1630698570282359040,0.97884,0.00113,0.24767,0.99319,0.11108,0.02582,-0.02374,0.16018,-0.05462,0.07971,
1630698570349029376,0.98807,-0.00431,0.25174,0.99319,0.11282,0.01817,-0.02262,0.15537,-0.08784,0.05165,
1630698570415700224,0.99834,-0.00851,0.25231,0.99263,0.11836,0.00967,-0.02412,0.17901,-0.01844,-0.00944,
1630698570482370304,1.00909,-0.00804,0.25026,0.99372,0.10889,0.01258,-0.02257,0.17198,0.07925,-0.04678,
1630698570549041408,1.01852,-0.00252,0.24641,0.99503,0.09588,0.01633,-0.02154,0.17625,0.13134,-0.04301,
1630698570615711488,1.03174,0.00484,0.24480,0.99476,0.09869,0.01680,-0.02079,0.20730,0.11214,0.05539,
1630698570682382592,1.04325,0.00630,0.25246,0.99464,0.09847,0.01767,-0.02627,0.17687,0.08818,0.10572,
1630698570749053696,1.05463,0.01128,0.25413,0.99508,0.09535,0.01148,-0.02425,0.17509,0.04710,-0.01666,
1630698570815723776,1.06518,0.01069,0.25146,0.99483,0.09680,0.01264,-0.02810,0.16219,-0.03389,-0.06229,
1630698570882395136,1.07440,0.00559,0.24514,0.99373,0.10631,0.01623,-0.03067,0.15964,-0.09027,-0.11321,
1630698570949065216,1.08568,-0.00211,0.23659,0.99312,0.11016,0.02177,-0.03312,0.20091,-0.12546,-0.13893,
1630698571015736320,1.09804,-0.00862,0.23837,0.99338,0.10767,0.02862,-0.02786,0.17712,-0.07742,0.09965,
1630698571082406656,1.11006,-0.01331,0.24105,0.99318,0.11175,0.01759,-0.02828,0.19418,-0.05572,0.00332,
1630698571149078016,1.12312,-0.01410,0.24237,0.99300,0.11396,0.01299,-0.02836,0.22711,0.01112,-0.02252,
1630698571215748352,1.13799,-0.00841,0.23808,0.99445,0.09973,0.01882,-0.02762,0.23112,0.11556,-0.06169,
1630698571282419456,1.15455,0.00080,0.23445,0.99544,0.08863,0.02312,-0.02652,0.26645,0.16434,-0.04759,
1630698571349089536,1.17410,0.00841,0.23155,0.99448,0.09557,0.03002,-0.03134,0.28289,0.05073,0.06687,
1630698571415760896,1.18976,0.01769,0.24275,0.99518,0.08921,0.02270,-0.03390,0.25352,0.14838,0.13936,
1630698571482431232,1.20476,0.02481,0.24965,0.99629,0.07874,0.01214,-0.03262,0.23375,0.07342,0.03440,
1630698571549102592,1.21976,0.02636,0.24820,0.99547,0.08830,0.01197,-0.03310,0.21054,-0.01642,-0.05671,
1630698571615772672,1.23196,0.02299,0.24375,0.99329,0.10921,0.02000,-0.03225,0.20548,-0.07394,-0.09920,
1630698571682444032,1.24559,0.01454,0.24154,0.99328,0.10885,0.02142,-0.03299,0.21172,-0.12394,0.03697,
1630698571749114368,1.25695,0.00657,0.24633,0.99378,0.10622,0.02463,-0.02260,0.18149,-0.11473,0.09668,
1630698571815785472,1.26663,-0.00121,0.25157,0.99343,0.11137,0.00820,-0.02515,0.18764,-0.08071,0.01432,
1630698571882455808,1.27665,-0.00687,0.25276,0.99369,0.10925,0.00494,-0.02504,0.18046,-0.00439,-0.01552,
1630698571949126912,1.28729,-0.00484,0.25132,0.99571,0.08885,0.00872,-0.02444,0.17345,0.07190,-0.03001,
1630698572015797248,1.29932,0.00115,0.24945,0.99611,0.08415,0.01017,-0.02412,0.19273,0.11469,-0.00857,
1630698572082468608,1.31148,0.00243,0.25224,0.99526,0.09121,0.01466,-0.03024,0.17387,-0.00098,0.14902,
1630698572149139712,1.32290,0.00777,0.25874,0.99576,0.08733,0.00733,-0.02799,0.18198,0.08717,0.03023,
1630698572215809792,1.33401,0.01024,0.25985,0.99598,0.08505,0.00404,-0.02779,0.16606,-0.00752,0.00907,
1630698572282481152,1.34406,0.00830,0.25692,0.99562,0.08878,0.00782,-0.02821,0.15375,-0.06249,-0.04660,
1630698572349151488,1.35361,0.00147,0.25204,0.99483,0.09658,0.01350,-0.02826,0.15299,-0.13121,-0.08475,
1630698572415822848,1.36401,-0.00795,0.24716,0.99407,0.10380,0.01815,-0.02692,0.16900,-0.14456,0.02470,
1630698572482492928,1.37350,-0.01698,0.25426,0.99398,0.10595,0.01580,-0.02308,0.13651,-0.14437,0.13178,
1630698572549164032,1.38205,-0.02508,0.25688,0.99325,0.11328,0.00293,-0.02484,0.14540,-0.07393,0.01183,
1630698572615834368,1.39128,-0.02716,0.25594,0.99382,0.10880,0.00227,-0.02171,0.12788,0.01613,0.00341,
1630698572682505728,1.39843,-0.02547,0.25336,0.99593,0.08771,0.00588,-0.02014,0.11391,0.07061,-0.03390,
1630698572749176064,1.40649,-0.02081,0.25315,0.99606,0.08666,0.00553,-0.01809,0.13007,0.08156,0.01910,
1630698572815847168,1.41555,-0.01967,0.25589,0.99534,0.09397,0.00793,-0.01992,0.13330,0.05718,0.06301,
1630698572882517248,1.42435,-0.01683,0.25493,0.99549,0.09289,0.00507,-0.01837,0.12970,0.02370,-0.03302,
1630698572949188352,1.43281,-0.01851,0.25352,0.99533,0.09401,0.00618,-0.02096,0.12603,-0.04984,-0.02496,
1630698573015858688,1.44094,-0.02287,0.24934,0.99472,0.09988,0.00967,-0.02153,0.12058,-0.09512,-0.07840,
1630698573082529792,1.45010,-0.03102,0.24330,0.99387,0.10736,0.01429,-0.02202,0.15357,-0.14702,-0.11394,
1630698573149199872,1.46193,-0.03864,0.24025,0.99370,0.10859,0.02012,-0.01901,0.16073,-0.06605,0.07634,
1630698573215870976,1.47197,-0.04617,0.24447,0.99424,0.10501,0.01282,-0.01742,0.14572,-0.10599,0.03101,
1630698573282541312,1.48198,-0.05136,0.24558,0.99371,0.11037,0.00498,-0.01815,0.15860,-0.04634,0.00272,
1630698573349212416,1.49235,-0.05060,0.24357,0.99447,0.10341,0.00676,-0.01717,0.15297,0.05548,-0.05757,
1630698573415882240,1.50238,-0.04400,0.24047,0.99574,0.09019,0.01100,-0.01575,0.16251,0.12421,-0.05234,
1630698573482553600,1.51425,-0.03501,0.23886,0.99588,0.08846,0.01352,-0.01489,0.17501,0.07862,0.07256,
1630698573549224704,1.52610,-0.03157,0.24455,0.99584,0.08749,0.01500,-0.02075,0.15271,0.10558,0.08743,
1630698573615894784,1.53552,-0.02456,0.24715,0.99632,0.08309,0.00570,-0.02026,0.14636,0.06150,-0.01385,
1630698573682565888,1.54439,-0.02309,0.24677,0.99641,0.08059,0.00411,-0.02551,0.11906,0.00612,-0.04627,
1630698573749236224,1.55159,-0.02516,0.24379,0.99524,0.09308,0.00582,-0.02825,0.09265,-0.04951,-0.05603,
1630698573815907328,1.55856,-0.02978,0.24104,0.99478,0.09682,0.00699,-0.03137,0.10354,-0.07941,-0.05419,
1630698573882577408,1.56606,-0.03255,0.24760,0.99513,0.09475,0.00952,-0.02543,0.09554,-0.02022,0.07775,
1630698573949248512,1.57128,-0.03344,0.24860,0.99507,0.09554,0.00173,-0.02643,0.10104,-0.02853,-0.04587,
1630698574015918848,1.57854,-0.03241,0.24864,0.99501,0.09707,0.00060,-0.02319,0.11147,0.05840,-0.00212,
1630698574082589952,1.58597,-0.02675,0.24629,0.99598,0.08694,0.00740,-0.02006,0.10383,0.10145,-0.04262,
1630698574149260032,1.59352,-0.01801,0.24458,0.99652,0.08032,0.01147,-0.01887,0.12516,0.14324,-0.01504,
1630698574215931136,1.60377,-0.00900,0.24244,0.99584,0.08734,0.01647,-0.02021,0.16832,0.07990,0.02018,
1630698574282601472,1.61261,-0.00143,0.24821,0.99611,0.08457,0.01206,-0.02151,0.14629,0.14014,0.08773,
1630698574349272576,1.62128,0.00561,0.25314,0.99694,0.07493,0.00320,-0.02181,0.13889,0.06845,0.04551,
1630698574415942656,1.63006,0.00806,0.25455,0.99693,0.07425,0.00113,-0.02487,0.11407,0.02540,-0.01011,
1630698574482613760,1.63673,0.00728,0.25272,0.99562,0.09005,0.00470,-0.02485,0.08855,-0.02347,-0.04673,
1630698574549284096,1.64333,0.00555,0.24869,0.99515,0.09443,0.00569,-0.02708,0.08091,-0.03195,0.06068,
1630698574615955200,1.64797,0.00496,0.25573,0.99550,0.09227,0.00374,-0.02124,0.08278,-0.02823,0.03551,
1630698574682625280,1.65421,0.00275,0.25715,0.99527,0.09407,-0.00078,-0.02430,0.09221,-0.01139,-0.00801,
1630698574749296384,1.66230,0.00721,0.25724,0.99555,0.09179,0.00165,-0.02144,0.10998,0.08053,-0.00743,
1630698574815967488,1.67078,0.01455,0.25394,0.99636,0.08241,0.00922,-0.01976,0.11956,0.12427,-0.01470,
1630698574882637824,1.68071,0.02436,0.25242,0.99657,0.07918,0.01368,-0.01969,0.16597,0.16478,-0.01848,
1630698574949309184,1.69457,0.03376,0.25161,0.99569,0.08798,0.02136,-0.02027,0.19964,0.10063,0.07792,
1630698575015979264,1.70635,0.04152,0.26051,0.99625,0.08219,0.01477,-0.02263,0.17494,0.15001,0.12902,
1630698575082650624,1.71889,0.04856,0.26708,0.99707,0.07333,0.00468,-0.02141,0.16982,0.08610,0.05810,
1630698575149320960,1.72932,0.05318,0.26859,0.99638,0.08172,0.00580,-0.02248,0.14642,0.02224,-0.01584,
1630698575215992320,1.73869,0.05140,0.26552,0.99428,0.10435,0.01183,-0.01951,0.13012,-0.03354,-0.04962,
1630698575282662400,1.74796,0.04645,0.26279,0.99414,0.10514,0.01169,-0.02205,0.14384,-0.09114,-0.02147,
1630698575349333760,1.75795,0.04527,0.26477,0.99509,0.09648,0.01582,-0.01572,0.13518,-0.05721,0.09458,
1630698575416003840,1.76778,0.04055,0.26829,0.99466,0.10141,0.00694,-0.01788,0.14921,-0.07187,0.01901,
1630698575482675200,1.77974,0.03799,0.26905,0.99443,0.10346,0.00346,-0.01993,0.18419,0.00569,-0.00328,
1630698575549345536,1.79212,0.04263,0.26518,0.99557,0.09139,0.01189,-0.01863,0.18469,0.12133,-0.03198,
1630698575616016896,1.80476,0.05251,0.26281,0.99616,0.08447,0.01472,-0.01792,0.21363,0.16325,-0.02033,
1630698575682686976,1.82148,0.06399,0.25895,0.99506,0.09542,0.02021,-0.01842,0.26637,0.12965,0.02303,
1630698575749358336,1.83752,0.07011,0.26830,0.99558,0.08906,0.01721,-0.02438,0.22685,0.13746,0.16545,
1630698575816028672,1.85266,0.07980,0.27617,0.99665,0.07863,0.00542,-0.02172,0.22272,0.08702,0.02685,
1630698575882700032,1.86780,0.08162,0.27565,0.99615,0.08429,0.00478,-0.02382,0.19851,-0.03282,-0.02917,
1630698575949370112,1.88192,0.07778,0.26986,0.99391,0.10688,0.01346,-0.02316,0.19715,-0.08485,-0.10377,
1630698576016041216,1.89560,0.06962,0.26247,0.99310,0.11335,0.01838,-0.02373,0.22304,-0.15427,-0.11737,
1630698576082712320,1.91112,0.06327,0.26256,0.99362,0.10932,0.02337,-0.01502,0.17768,-0.11528,0.15964,
1630698576149382656,1.92301,0.05305,0.27080,0.99342,0.11302,0.00775,-0.01713,0.16032,-0.15284,0.09287,
1630698576216053760,1.93498,0.04518,0.27382,0.99259,0.12035,-0.00108,-0.01687,0.15766,-0.08841,0.02709,
1630698576282723840,1.94574,0.04236,0.27443,0.99430,0.10531,0.00069,-0.01633,0.12555,-0.00279,0.00617,
1630698576349394944,1.95390,0.04428,0.27216,0.99620,0.08534,0.00600,-0.01607,0.11537,0.02438,0.01554,
1630698576416065280,1.96120,0.04581,0.27459,0.99572,0.09067,0.00279,-0.01776,0.12323,-0.03628,0.07440,
1630698576482736384,1.96914,0.04626,0.27937,0.99495,0.09806,0.00392,-0.02128,0.10831,0.04161,0.06881,
1630698576549406464,1.97761,0.04808,0.27857,0.99504,0.09753,0.00274,-0.01951,0.11411,-0.02573,0.02349,
1630698576616077568,1.98536,0.04505,0.27628,0.99463,0.10112,0.00689,-0.02102,0.11258,-0.05218,-0.02747,
1630698576682747904,1.99284,0.04000,0.27108,0.99380,0.10878,0.01251,-0.01934,0.11922,-0.11606,-0.06085,
1630698576749419264,2.00173,0.03114,0.26407,0.99311,0.11414,0.01893,-0.01880,0.15351,-0.14723,-0.10680,
1630698576816089344,2.01336,0.02175,0.26371,0.99363,0.10996,0.02081,-0.01362,0.15540,-0.16253,0.12405,
1630698576882760448,2.02311,0.00965,0.27461,0.99369,0.11060,0.00509,-0.01768,0.13652,-0.15220,0.11600,
1630698576949430784,2.03290,0.00238,0.27543,0.99283,0.11796,-0.00389,-0.01916,0.14470,-0.05751,-0.01644,
1630698577016101888,2.04193,0.00232,0.27301,0.99497,0.09860,-0.00178,-0.01769,0.12843,0.05234,-0.03408,
1630698577082771968,2.05028,0.00570,0.26821,0.99641,0.08293,0.00441,-0.01630,0.11478,0.09172,0.00103,
1630698577149443072,2.05941,0.01290,0.26848,0.99569,0.09166,0.00148,-0.01400,0.17022,0.11840,-0.00624,
1630698577216113408,2.06941,0.01775,0.26944,0.99520,0.09642,0.00558,-0.01578,0.14219,0.09597,0.04289,
1630698577282784768,2.07854,0.02082,0.27045,0.99566,0.09155,0.00077,-0.01697,0.13501,0.00866,0.02328,
1630698577349454848,2.08826,0.01937,0.26947,0.99549,0.09295,0.00194,-0.01881,0.14196,-0.04609,-0.05756,
1630698577416125952,2.09785,0.01352,0.26363,0.99464,0.10133,0.00950,-0.01835,0.13575,-0.13786,-0.09709,
1630698577482797056,2.10885,0.00244,0.25519,0.99337,0.11232,0.01720,-0.01737,0.17993,-0.18935,-0.16457,
1630698577549467392,2.12350,-0.01120,0.24632,0.99279,0.11589,0.02692,-0.01474,0.21034,-0.13162,0.00436,
1630698577616138496,2.13692,-0.02337,0.25151,0.99331,0.11334,0.01777,-0.01282,0.17966,-0.19032,0.10873,
1630698577682808576,2.14919,-0.03380,0.25595,0.99284,0.11837,0.00386,-0.01576,0.19106,-0.11912,0.01835,
1630698577749479936,2.16222,-0.03886,0.25591,0.99328,0.11480,0.00029,-0.01452,0.16831,-0.00951,0.01305,
1630698577816150272,2.17404,-0.03791,0.25271,0.99562,0.09229,0.00357,-0.01469,0.16192,0.07021,-0.02963,
1630698577882821376,2.18561,-0.03194,0.25082,0.99629,0.08482,0.00545,-0.01317,0.18179,0.11588,-0.00396,
1630698577949491456,2.19862,-0.03155,0.25327,0.99559,0.09104,0.00916,-0.02065,0.16633,-0.02788,0.10235,
1630698578016162560,2.20963,-0.02685,0.25648,0.99541,0.09370,0.00558,-0.01880,0.16054,0.06530,-0.00346,
1630698578082832896,2.22026,-0.02658,0.25644,0.99548,0.09232,0.00308,-0.02187,0.14797,-0.03687,0.00384,
1630698578149504000,2.23010,-0.02978,0.25320,0.99497,0.09722,0.00548,-0.02361,0.13872,-0.06803,-0.07581,
1630698578216174080,2.23981,-0.03794,0.24688,0.99386,0.10717,0.01087,-0.02515,0.15448,-0.15366,-0.09590,
1630698578282845184,2.25196,-0.04918,0.23905,0.99338,0.11041,0.01815,-0.02593,0.18081,-0.15833,0.00558,
1630698578349515264,2.26637,-0.05852,0.23971,0.99335,0.11193,0.02023,-0.01772,0.16816,-0.14363,0.04087,
1630698578416186368,2.27761,-0.06712,0.24194,0.99283,0.11790,0.00550,-0.01906,0.17690,-0.10268,-0.01174,
1630698578482856448,2.29071,-0.07303,0.24103,0.99289,0.11764,0.00234,-0.01795,0.17326,-0.02918,-0.01884,
1630698578549527552,2.30258,-0.07238,0.23746,0.99541,0.09362,0.00838,-0.01816,0.16259,0.06961,-0.05247,
1630698578616197888,2.31394,-0.06562,0.23494,0.99633,0.08280,0.01263,-0.01749,0.17749,0.12480,-0.02234,
1630698578682868992,2.32727,-0.06201,0.23643,0.99557,0.08994,0.01662,-0.02199,0.17076,-0.01536,0.07995,
1630698578749540096,2.33745,-0.05653,0.24306,0.99543,0.09132,0.01189,-0.02510,0.15015,0.13656,0.06498,
1630698578816210176,2.34752,-0.05126,0.24379,0.99577,0.08772,0.00659,-0.02640,0.14472,0.02873,-0.01392,
1630698578882881280,2.35643,-0.05145,0.24281,0.99555,0.08886,0.00567,-0.03094,0.11704,-0.02261,-0.03784,
1630698578949551616,2.36379,-0.05538,0.23987,0.99484,0.09572,0.00688,-0.03288,0.11229,-0.07718,-0.06978,
1630698579016222720,2.37206,-0.06225,0.23499,0.99424,0.10096,0.01068,-0.03427,0.13203,-0.09302,-0.08350,
1630698579082892800,2.37921,-0.06704,0.23836,0.99421,0.10300,0.01656,-0.02564,0.10799,-0.05616,0.09789,
1630698579149563904,2.38594,-0.07364,0.24116,0.99391,0.10660,0.00579,-0.02740,0.10599,-0.07493,-0.00106,
1630698579216233984,2.39464,-0.07685,0.24005,0.99381,0.10805,0.00211,-0.02568,0.12673,0.00259,0.00102,
1630698579282905088,2.40330,-0.07539,0.23772,0.99483,0.09880,0.00576,-0.02296,0.12086,0.06835,-0.04308,
1630698579349575168,2.41165,-0.06863,0.23619,0.99552,0.09157,0.00929,-0.02175,0.12916,0.12948,-0.01223,
1630698579416246528,2.42225,-0.05968,0.23444,0.99535,0.09331,0.01224,-0.02078,0.16224,0.10238,0.06092,
1630698579482916608,2.43213,-0.05653,0.23948,0.99532,0.09145,0.01409,-0.02768,0.13631,0.10742,0.11166,
1630698579549587712,2.44157,-0.04918,0.24362,0.99572,0.08897,0.00590,-0.02427,0.13505,0.07706,-0.00447,
1630698579616257792,2.45043,-0.04807,0.24517,0.99586,0.08601,0.00376,-0.02912,0.11528,-0.00452,0.02596,
1630698579682928896,2.45754,-0.04943,0.24283,0.99543,0.09027,0.00578,-0.03049,0.09357,-0.05032,-0.04942,
1630698579749598976,2.46351,-0.05565,0.23902,0.99483,0.09559,0.00798,-0.03321,0.09911,-0.10357,-0.06537,
1630698579816270080,2.47104,-0.06080,0.23379,0.99413,0.10286,0.01455,-0.03033,0.10639,-0.03794,0.02262,
1630698579882940416,2.47691,-0.06471,0.23904,0.99429,0.10363,0.01171,-0.02256,0.08276,-0.08136,0.05934,
1630698579949611776,2.48337,-0.07017,0.23997,0.99368,0.10923,0.00269,-0.02557,0.11592,-0.03630,0.00654,
1630698580016282112,2.49058,-0.07004,0.23849,0.99413,0.10538,0.00530,-0.02373,0.12257,0.04664,-0.02837,
1630698580082953472,2.49863,-0.06597,0.23782,0.99518,0.09494,0.00905,-0.02267,0.13119,0.11995,-0.02580,
1630698580149624832,2.50872,-0.05715,0.23647,0.99559,0.09047,0.01203,-0.02191,0.17664,0.15920,-0.03640,
1630698580216295168,2.52071,-0.05082,0.23731,0.99517,0.09298,0.01938,-0.02495,0.16173,0.03611,0.09844,
1630698580282966528,2.53104,-0.04378,0.24426,0.99573,0.08844,0.01109,-0.02383,0.15432,0.11428,0.07298,
1630698580349637120,2.54182,-0.03981,0.24761,0.99614,0.08436,0.00681,-0.02340,0.15610,0.02095,0.02604,
1630698580416308480,2.55275,-0.03929,0.24631,0.99546,0.09181,0.01085,-0.02251,0.15518,-0.01391,-0.05627,
1630698580482979072,2.56299,-0.04305,0.24133,0.99437,0.10248,0.01702,-0.02072,0.15444,-0.11149,-0.07104,
1630698580549650432,2.57484,-0.05131,0.23471,0.99405,0.10469,0.02026,-0.02242,0.19912,-0.11885,-0.08710,
1630698580616320768,2.58768,-0.05679,0.23812,0.99411,0.10492,0.02364,-0.01307,0.16955,-0.11518,0.11178,
1630698580682992128,2.59994,-0.06505,0.24467,0.99364,0.11096,0.00845,-0.01703,0.18735,-0.09437,0.04839,
1630698580749662720,2.61367,-0.06819,0.24343,0.99358,0.11147,0.00598,-0.01816,0.21303,0.02168,-0.04674,
1630698580816334080,2.62840,-0.06357,0.24172,0.99543,0.09336,0.01138,-0.01666,0.21758,0.13904,-0.05955,
1630698580883004160,2.64372,-0.05297,0.23859,0.99621,0.08415,0.01558,-0.01572,0.25481,0.19346,-0.04909,
1630698580949675264,2.66294,-0.03978,0.23384,0.99517,0.09402,0.02279,-0.01641,0.27758,0.14013,0.00148,
1630698581016345600,2.67988,-0.02957,0.24388,0.99575,0.08789,0.01707,-0.02151,0.23519,0.19227,0.17656,
1630698581083016960,2.69547,-0.01844,0.25304,0.99705,0.07413,0.00340,-0.01981,0.22886,0.15174,0.06106,
1630698581149687040,2.71064,-0.01367,0.25337,0.99640,0.08195,0.00120,-0.02162,0.20121,0.03311,-0.02186,
1630698581216358144,2.72379,-0.01431,0.24872,0.99345,0.11198,0.00964,-0.02084,0.19058,-0.00996,-0.08720,
1630698581283028480,2.73641,-0.01904,0.24453,0.99335,0.11244,0.01181,-0.02190,0.20630,-0.10825,-0.04188,
1630698581349699584,2.75130,-0.02492,0.24227,0.99430,0.10319,0.01968,-0.01844,0.21297,-0.04554,0.04885,
1630698581416370688,2.76429,-0.02870,0.24456,0.99423,0.10520,0.01388,-0.01569,0.20319,-0.03674,0.02230,
1630698581483040768,2.77844,-0.03142,0.24579,0.99376,0.10987,0.00546,-0.01859,0.23351,0.04012,-0.00443,
1630698581549711872,2.79421,-0.02730,0.24242,0.99465,0.10112,0.01072,-0.01839,0.24281,0.16404,-0.07420,
1630698581616382208,2.81191,-0.01609,0.23768,0.99586,0.08724,0.01863,-0.01723,0.27027,0.26611,-0.08666,
1630698581683053312,2.83459,0.00190,0.22837,0.99569,0.08693,0.02661,-0.01856,0.36395,0.28331,-0.12957,
1630698581749723392,2.85979,0.01375,0.22851,0.99490,0.08878,0.03853,-0.02831,0.30707,0.17996,0.18749,
1630698581816394496,2.87956,0.02865,0.24058,0.99705,0.06931,0.01904,-0.02686,0.27807,0.23832,0.13049,
1630698581883065088,2.89715,0.03915,0.24838,0.99707,0.07196,0.00549,-0.02555,0.26078,0.16652,-0.00734,
1630698581949736192,2.91323,0.04313,0.25029,0.99397,0.10747,0.00857,-0.02024,0.24891,0.07277,-0.06737,
1630698582016406528,2.92816,0.04408,0.24989,0.99341,0.11291,0.01271,-0.01528,0.24171,0.00437,-0.03663,
1630698582083077888,2.94578,0.03980,0.24815,0.99554,0.09180,0.01179,-0.01827,0.28534,-0.07019,-0.11402,
1630698582149747968,2.96265,0.03695,0.24774,0.99596,0.08708,0.02008,-0.00854,0.23011,-0.09162,0.05158,
1630698582216419584,2.97652,0.02536,0.25355,0.99506,0.09805,0.00910,-0.01256,0.22043,-0.10996,0.02465,
1630698582283089664,2.99270,0.02109,0.25543,0.99517,0.09695,0.00347,-0.01528,0.24055,0.00933,-0.05492,
1630698582349761024,3.00878,0.02588,0.25258,0.99679,0.07804,0.01118,-0.01421,0.23129,0.13482,-0.06617,
1630698582416431104,3.02520,0.03716,0.24955,0.99748,0.06760,0.01631,-0.01384,0.25736,0.19028,-0.04133,
1630698582483102464,3.04573,0.05246,0.24197,0.99633,0.08133,0.02309,-0.01366,0.31958,0.22590,-0.06108,
1630698582549772800,3.06337,0.06285,0.24852,0.99659,0.07427,0.02809,-0.02239,0.24594,0.17504,0.18323,
1630698582616444160,3.07613,0.07146,0.26735,0.99823,0.05556,0.00452,-0.02090,0.21136,0.09870,0.21630,
1630698582683114496,3.09265,0.07734,0.27146,0.99797,0.06080,0.00046,-0.01871,0.21850,0.03551,0.00724,
1630698582749785600,3.10920,0.07839,0.26709,0.99545,0.09371,0.01082,-0.01334,0.21041,-0.04051,-0.06508,
1630698582816456960,3.12672,0.07471,0.25914,0.99365,0.11019,0.02052,-0.00936,0.23526,-0.15236,-0.08577,
1630698582883127296,3.14682,0.06593,0.25027,0.99442,0.10140,0.02775,-0.00843,0.28917,-0.12647,-0.11399,
1630698582949798656,3.16432,0.05548,0.25422,0.99456,0.10047,0.02767,0.00006,0.22059,-0.24410,0.17854,
1630698583016468992,3.17947,0.04184,0.26395,0.99344,0.11408,0.00515,-0.00552,0.20703,-0.16010,0.09640,
1630698583083140096,3.19398,0.03557,0.26411,0.99364,0.11238,-0.00019,-0.00703,0.18294,-0.04341,-0.00637,
1630698583149810432,3.20561,0.03851,0.26167,0.99670,0.08087,0.00348,-0.00643,0.15923,0.06940,-0.03674,
1630698583216482048,3.21862,0.04740,0.24876,0.99704,0.07608,0.01065,0.00105,0.19400,0.09716,-0.18168,
1630698583283152128,3.23001,0.04887,0.25025,0.99471,0.10261,0.00094,0.00432,0.13498,-0.00165,0.02811,
1630698583349823488,3.24056,0.04733,0.25197,0.99438,0.10555,-0.00750,0.00384,0.13602,0.00348,-0.03447,
1630698583416493824,3.25074,0.04730,0.25112,0.99472,0.10250,-0.00156,0.00484,0.10704,0.02014,0.00030,
1630698583483164928,3.25682,0.04946,0.25012,0.99541,0.09566,0.00267,0.00252,0.05185,0.04266,-0.01090,
1630698583549835520,3.25985,0.05280,0.25080,0.99586,0.09078,0.00518,0.00042,0.00064,0.06179,0.01687,
1630698583616506880,3.26020,0.05636,0.25209,0.99620,0.08698,0.00534,0.00040,-0.03280,0.03950,0.02404,
1630698583683176960,3.26145,0.05712,0.25305,0.99636,0.08512,0.00475,-0.00012,-0.03386,-0.00075,0.02134,
1630698583749848320,3.26055,0.05627,0.25344,0.99630,0.08583,0.00436,-0.00002,-0.02336,-0.02299,0.00653,
1630698583816518656,3.26060,0.05439,0.25350,0.99616,0.08745,0.00419,0.00024,-0.02034,-0.02606,0.00460,
1630698583883190016,3.26048,0.05322,0.25374,0.99607,0.08844,0.00384,0.00018,-0.02503,-0.00455,0.00937,
1630698583949859840,3.26035,0.05343,0.25408,0.99610,0.08815,0.00369,0.00029,-0.01620,0.01380,0.00569,
1630698584016530944,3.26100,0.05421,0.25415,0.99618,0.08723,0.00431,0.00024,-0.00250,0.01658,0.00006,
1630698584083202048,3.26188,0.05502,0.25402,0.99625,0.08640,0.00516,0.00028,-0.00624,0.01308,0.00092,
1630698584149872384,3.26203,0.05535,0.25416,0.99628,0.08604,0.00543,0.00023,-0.01700,0.00291,0.00423,
1630698584216543488,3.26179,0.05503,0.25444,0.99625,0.08632,0.00525,0.00019,-0.01732,-0.00558,0.00297,
1630698584283213312,3.26171,0.05444,0.25456,0.99620,0.08695,0.00515,0.00015,-0.01323,-0.00537,0.00102,
1630698584349884416,3.26179,0.05420,0.25473,0.99617,0.08724,0.00520,0.00014,-0.01198,0.00407,0.00136,
1630698584416554752,3.26189,0.05450,0.25488,0.99620,0.08698,0.00538,0.00011,-0.00904,0.01120,0.00086,
1630698584483225856,3.26209,0.05501,0.25496,0.99623,0.08650,0.00574,0.00011,-0.00588,0.01116,-0.00057,
1630698584549895680,3.26238,0.05530,0.25506,0.99626,0.08620,0.00606,0.00008,-0.00807,0.00673,-0.00002,
1630698584616566784,3.26238,0.05526,0.25526,0.99625,0.08627,0.00613,0.00008,-0.01195,0.00149,0.00109,
1630698584683237120,3.26223,0.05494,0.25547,0.99623,0.08657,0.00604,0.00007,-0.01138,-0.00028,0.00044,
1630698584749908224,3.26221,0.05471,0.25563,0.99621,0.08681,0.00604,0.00007,-0.00889,0.00270,-0.00029,
1630698584816578048,3.26227,0.05478,0.25574,0.99621,0.08680,0.00615,0.00005,-0.00739,0.00721,-0.00074,
1630698584883249408,3.26239,0.05501,0.25584,0.99623,0.08655,0.00633,0.00006,-0.00650,0.00837,-0.00083,
1630698584949919488,3.26256,0.05522,0.25593,0.99624,0.08634,0.00650,0.00003,-0.00629,0.00609,-0.00111,
1630698585016590592,3.26262,0.05525,0.25607,0.99625,0.08631,0.00661,0.00004,-0.00757,0.00266,-0.00055,
1630698585083260672,3.26256,0.05508,0.25620,0.99623,0.08649,0.00659,0.00005,-0.00825,0.00149,-0.00040,
1630698585149932032,3.26253,0.05492,0.25628,0.99622,0.08666,0.00658,0.00004,-0.00704,0.00257,-0.00079,
1630698585216601856,3.26256,0.05493,0.25639,0.99622,0.08666,0.00664,0.00003,-0.00539,0.00519,-0.00103,
1630698585283272960,3.26263,0.05504,0.25646,0.99622,0.08658,0.00675,0.00003,-0.00502,0.00640,-0.00105,
1630698585349943040,3.26269,0.05515,0.25652,0.99623,0.08647,0.00686,0.00005,-0.00479,0.00573,-0.00100,
1630698585416614400,3.26273,0.05516,0.25664,0.99623,0.08646,0.00694,0.00005,-0.00529,0.00385,-0.00076,
1630698585483285504,3.26268,0.05508,0.25681,0.99622,0.08654,0.00698,0.00005,-0.00545,0.00311,-0.00048,
1630698585549955584,3.26264,0.05506,0.25699,0.99621,0.08668,0.00701,0.00003,-0.00462,0.00403,-0.00074,
1630698585616626688,3.26263,0.05508,0.25715,0.99621,0.08673,0.00709,0.00004,-0.00354,0.00545,-0.00065,
1630698585683297024,3.26267,0.05513,0.25731,0.99621,0.08670,0.00720,0.00004,-0.00293,0.00655,-0.00109,
1630698585749967872,3.26273,0.05522,0.25741,0.99621,0.08664,0.00728,0.00001,-0.00276,0.00617,-0.00122,
1630698585816637952,3.26272,0.05524,0.25749,0.99621,0.08665,0.00734,0.00004,-0.00294,0.00467,-0.00115,
1630698585883309056,3.26269,0.05522,0.25756,0.99621,0.08671,0.00734,0.00001,-0.00246,0.00407,-0.00110,
1630698585949979392,3.26271,0.05515,0.25765,0.99620,0.08679,0.00735,0.00003,-0.00194,0.00380,-0.00101,
1630698586016650496,3.26275,0.05507,0.25769,0.99620,0.08683,0.00735,0.00001,-0.00122,0.00486,-0.00122,
1630698586083320576,3.26283,0.05515,0.25793,0.99620,0.08683,0.00742,-0.00001,0.00014,0.00527,-0.00116,
1630698586149991424,3.26286,0.05517,0.25805,0.99620,0.08681,0.00748,-0.00001,0.00048,0.00471,-0.00099,
1630698586216661760,3.26276,0.05520,0.25814,0.99619,0.08685,0.00752,-0.00002,0.00109,0.00387,-0.00097,
1630698586283332864,3.26275,0.05519,0.25827,0.99619,0.08689,0.00755,-0.00002,0.00148,0.00347,-0.00075,
1630698586350002944,3.26273,0.05521,0.25835,0.99618,0.08696,0.00754,-0.00005,0.00202,0.00370,-0.00117,
1630698586416674048,3.26271,0.05527,0.25840,0.99618,0.08697,0.00756,-0.00006,0.00277,0.00413,-0.00107,
1630698586483344128,3.26273,0.05526,0.25845,0.99618,0.08700,0.00759,-0.00005,0.00335,0.00381,-0.00117,
1630698586550015232,3.26275,0.05529,0.25841,0.99618,0.08703,0.00758,-0.00006,0.00392,0.00395,-0.00133,
1630698586616685312,3.26276,0.05536,0.25839,0.99618,0.08701,0.00759,-0.00009,0.00456,0.00397,-0.00126,
1630698586683356416,3.26275,0.05539,0.25848,0.99618,0.08702,0.00762,-0.00010,0.00488,0.00276,-0.00107,
