1630698702290569216,0.01455,-0.00103,0.00050,0.99997,0.00585,-0.00575,0.00034,-0.03040,-0.00127,0.01845,
1630698702357239040,0.01944,0.00022,-0.00820,0.99986,0.00662,-0.01511,0.00010,-0.06096,0.00915,-0.00438,
1630698702423907584,-0.00294,-0.00077,0.01340,0.99996,0.00853,-0.00201,0.00113,-0.00197,-0.00136,-0.02138,
1630698702490577152,-0.00346,-0.00043,0.01402,0.99996,0.00838,-0.00225,0.00112,-0.00094,0.00380,-0.01853,
1630698702557245440,-0.00375,-0.00034,0.01466,0.99996,0.00825,-0.00253,0.00113,-0.00122,-0.00065,-0.01833,
1630698702623915264,-0.00340,-0.00042,0.01386,0.99996,0.00827,-0.00286,0.00110,0.00133,0.00180,-0.01924,
1630698702690583808,-0.00370,-0.00021,0.01395,0.99996,0.00817,-0.00334,0.00113,0.00079,0.00015,-0.01836,
1630698702757253120,-0.00360,-0.00002,0.01320,0.99996,0.00823,-0.00390,0.00106,0.00312,0.00062,-0.01748,
1630698702823922688,-0.00361,0.00007,0.01303,0.99996,0.00819,-0.00465,0.00107,0.00288,0.00076,-0.01731,
1630698702890591232,-0.00376,0.00002,0.01308,0.99995,0.00822,-0.00545,0.00107,0.00363,0.00010,-0.01663,
1630698702957260544,-0.00390,0.00004,0.01315,0.99995,0.00824,-0.00633,0.00109,0.00308,0.00101,-0.01627,
1630698703023928832,-0.00389,-0.00001,0.01305,0.99994,0.00830,-0.00730,0.00111,0.00384,-0.00008,-0.01565,
1630698703090598144,-0.00388,-0.00003,0.01282,0.99993,0.00831,-0.00834,0.00111,0.00364,0.00073,-0.01606,
1630698703157266432,-0.00396,0.00028,0.01270,0.99992,0.00832,-0.00944,0.00109,0.00379,0.00118,-0.01541,
1630698703223935744,-0.00393,0.00142,0.01333,0.99991,0.00824,-0.01039,0.00098,0.00300,0.00286,-0.01695,
1630698703290603776,-0.00411,0.00191,0.01307,0.99990,0.00822,-0.01135,0.00095,0.00275,0.00386,-0.01656,
1630698703357272832,-0.00396,0.00211,0.01339,0.99989,0.00816,-0.01225,0.00094,0.00255,0.00377,-0.01638,
1630698703423941120,-0.00402,0.00216,0.01338,0.99988,0.00815,-0.01317,0.00096,0.00238,0.00329,-0.01641,
1630698703490610176,-0.00402,0.00205,0.01326,0.99987,0.00812,-0.01413,0.00097,0.00268,0.00245,-0.01617,
1630698703557278464,-0.00411,0.00210,0.01295,0.99985,0.00806,-0.01514,0.00097,0.00250,0.00261,-0.01606,
1630698703623947264,-0.00428,0.00158,0.01414,0.99984,0.00801,-0.01609,0.00104,0.00262,0.00283,-0.01483,
1630698703690615296,-0.00343,0.00142,0.01758,0.99984,0.00675,-0.01657,0.00139,0.01441,0.01589,0.02903,
1630698703757284096,-0.00226,0.00249,0.02186,0.99983,0.00570,-0.01722,0.00157,0.00623,0.00772,0.04954,
1630698703823951872,-0.00209,0.00259,0.02723,0.99978,0.00798,-0.01954,0.00174,-0.00587,-0.00637,0.06155,
1630698703890620928,-0.00093,-0.00218,0.03382,0.99969,0.00952,-0.02273,0.00173,-0.00398,-0.01332,0.04934,
1630698703957288448,-0.00051,-0.00404,0.03520,0.99968,0.00774,-0.02412,0.00185,0.00411,0.01188,0.01985,
1630698704023957504,-0.00072,-0.00340,0.03948,0.99967,0.00619,-0.02471,0.00194,0.00722,0.00775,0.02107,
1630698704090627840,0.00007,-0.00343,0.03851,0.99969,0.00498,-0.02439,0.00203,0.01429,0.00704,0.00598,
1630698704157297664,0.00180,-0.00401,0.03923,0.99972,0.00626,-0.02288,0.00213,0.02619,-0.02231,0.00776,
1630698704223968000,0.00378,-0.00708,0.04105,0.99974,0.00741,-0.02128,0.00201,0.02185,-0.01519,0.01440,
1630698704290637824,0.00433,-0.00892,0.04412,0.99973,0.00629,-0.02212,0.00214,0.00599,0.00278,0.02927,
1630698704357308160,0.00356,-0.00900,0.04803,0.99970,0.00515,-0.02384,0.00206,0.00436,0.00405,0.03711,
1630698704423977728,0.00346,-0.00916,0.05132,0.99965,0.00352,-0.02603,0.00206,0.00112,0.00429,0.04950,
1630698704490648320,0.00407,-0.00998,0.05384,0.99964,0.00274,-0.02648,0.00254,0.01015,-0.00703,0.04637,
1630698704557317888,0.00493,-0.01091,0.05648,0.99965,0.00347,-0.02617,0.00242,0.01413,-0.02123,0.03362,
1630698704623988480,0.00489,-0.01074,0.05692,0.99964,0.00514,-0.02631,0.00125,0.00034,-0.03431,0.03590,
1630698704690657792,0.00510,-0.01412,0.06048,0.99958,0.00682,-0.02823,0.00085,-0.00191,-0.02800,0.04686,
1630698704757328384,0.00376,-0.01434,0.06390,0.99947,0.00691,-0.03175,0.00007,-0.00154,-0.01177,0.04398,
1630698704823997952,0.00323,-0.01366,0.06621,0.99937,0.00446,-0.03520,-0.00006,-0.00334,0.01200,0.03062,
1630698704890668288,0.00251,-0.01158,0.06775,0.99927,0.00127,-0.03819,0.00025,-0.00305,0.02311,0.02384,
1630698704957337856,0.00210,-0.00999,0.06926,0.99918,-0.00207,-0.04047,0.00076,-0.00239,0.02171,0.01203,
1630698705024008448,0.00310,-0.01083,0.07191,0.99908,-0.00401,-0.04263,0.00143,0.00550,0.02446,0.01911,
1630698705090678272,0.00332,-0.00931,0.07372,0.99901,-0.00443,-0.04420,0.00209,0.00717,0.01679,0.03741,
1630698705157348864,0.00252,-0.00719,0.07758,0.99893,-0.00532,-0.04593,0.00190,0.01582,0.00009,0.05837,
1630698705224018688,0.00511,-0.01103,0.08206,0.99888,-0.00414,-0.04701,0.00166,0.02011,-0.01061,0.06088,
1630698705290689536,0.00644,-0.01118,0.08533,0.99888,-0.00328,-0.04715,0.00142,0.02412,-0.00291,0.05230,
1630698705357359104,0.00831,-0.01131,0.08884,0.99888,-0.00379,-0.04716,0.00127,0.02503,0.00223,0.04782,
1630698705424029952,0.01022,-0.01148,0.09175,0.99886,-0.00472,-0.04759,0.00133,0.01222,0.01123,0.03409,
1630698705490700800,0.00984,-0.00958,0.09430,0.99880,-0.00609,-0.04853,0.00149,0.00038,0.01257,0.02233,
1630698705557370368,0.00956,-0.00868,0.09594,0.99873,-0.00740,-0.04985,0.00201,-0.00384,0.01653,0.01581,
1630698705624040960,0.00924,-0.00759,0.09762,0.99864,-0.00897,-0.05128,0.00242,-0.00388,0.01627,0.02134,
1630698705690710784,0.00873,-0.00629,0.09894,0.99860,-0.00941,-0.05193,0.00285,-0.00245,0.00272,0.02981,
1630698705757381632,0.00856,-0.00683,0.10224,0.99854,-0.00793,-0.05335,0.00306,-0.00271,-0.01765,0.05982,
1630698705824051456,0.00549,-0.00788,0.10767,0.99835,-0.00166,-0.05728,0.00282,0.00602,-0.02040,0.07804,
1630698705890722048,0.00588,-0.00886,0.11074,0.99822,0.00309,-0.05946,0.00202,0.01945,-0.01209,0.05749,
1630698705957391616,0.00782,-0.00930,0.11331,0.99826,0.00565,-0.05858,0.00210,0.03424,0.01375,0.03489,
1630698706024062464,0.01092,-0.00806,0.11428,0.99847,0.00419,-0.05513,0.00299,0.04072,0.02445,0.00712,
1630698706090732288,0.01349,-0.00658,0.11419,0.99868,0.00284,-0.05125,0.00351,0.02768,0.02225,0.00773,
1630698706157403136,0.01490,-0.00526,0.11577,0.99874,0.00251,-0.04987,0.00430,0.01709,0.02527,0.01154,
1630698706224073472,0.01531,-0.00541,0.11777,0.99877,0.00491,-0.04920,0.00469,0.00671,-0.00460,0.02563,
1630698706290744320,0.01434,-0.00641,0.12122,0.99864,0.00717,-0.05144,0.00458,-0.01849,-0.01785,0.05800,
1630698706357414400,0.01176,-0.00859,0.12647,0.99833,0.01144,-0.05641,0.00411,-0.03754,-0.02797,0.07712,
1630698706424085504,0.00933,-0.01052,0.13190,0.99804,0.01345,-0.06109,0.00294,-0.03564,-0.02467,0.07972,
1630698706490755584,0.00780,-0.01188,0.13593,0.99784,0.01518,-0.06388,0.00243,-0.01881,-0.01515,0.04140,
1630698706557426432,0.00736,-0.01217,0.13738,0.99778,0.01654,-0.06439,0.00328,-0.00773,-0.00114,0.03060,
1630698706624096512,0.00717,-0.01261,0.14407,0.99762,0.01646,-0.06692,0.00331,0.00019,0.00677,0.02322,
1630698706690767616,0.00684,-0.01430,0.14603,0.99719,0.01601,-0.07307,0.00344,-0.00112,0.01712,0.03002,
1630698706757438720,0.00633,-0.01387,0.14952,0.99691,0.01574,-0.07681,0.00421,0.00798,0.01320,0.03337,
1630698706824108544,0.00671,-0.01415,0.15117,0.99690,0.01679,-0.07672,0.00451,0.01763,-0.00395,0.02082,
1630698706890779648,0.00714,-0.01514,0.15317,0.99678,0.01934,-0.07777,0.00410,0.00728,-0.02144,0.05218,
1630698706957449984,0.00700,-0.01634,0.15622,0.99653,0.02185,-0.08018,0.00381,0.00293,-0.01901,0.07540,
1630698707024120832,0.00661,-0.01690,0.16034,0.99631,0.02424,-0.08227,0.00416,0.00485,-0.00610,0.07953,
1630698707090791168,0.00666,-0.01737,0.16571,0.99618,0.02528,-0.08354,0.00390,0.00112,-0.00019,0.08028,
1630698707157462272,0.00802,-0.01715,0.17289,0.99625,0.02512,-0.08265,0.00384,0.00614,0.01397,0.06418,
1630698707224132864,0.00928,-0.01669,0.17581,0.99637,0.02537,-0.08111,0.00415,0.00303,0.00578,0.05041,
1630698707290803968,0.00998,-0.01673,0.17792,0.99650,0.02602,-0.07929,0.00392,0.00100,0.00168,0.03313,
1630698707357474304,0.01043,-0.01663,0.17964,0.99658,0.02670,-0.07812,0.00388,-0.00374,0.00660,0.03046,
1630698707424145408,0.01088,-0.01679,0.18110,0.99674,0.02752,-0.07574,0.00407,-0.00379,-0.00101,0.02151,
1630698707490816000,0.01072,-0.01734,0.18246,0.99684,0.02909,-0.07376,0.00383,-0.01365,-0.00886,0.04299,
1630698707557487360,0.01009,-0.01801,0.18408,0.99684,0.03070,-0.07320,0.00359,-0.01817,-0.00777,0.04651,
1630698707624157440,0.00938,-0.01863,0.18710,0.99678,0.03168,-0.07353,0.00326,-0.02326,-0.00206,0.05657,
1630698707690828800,0.00872,-0.01903,0.19047,0.99671,0.03245,-0.07420,0.00264,-0.01495,-0.00311,0.04994,
1630698707757499136,0.00839,-0.01952,0.19290,0.99674,0.03402,-0.07316,0.00253,-0.00913,-0.00771,0.04643,
1630698707824170496,0.00810,-0.02063,0.19595,0.99672,0.03610,-0.07233,0.00258,-0.00272,-0.01537,0.05157,
1630698707890841088,0.00806,-0.02176,0.19905,0.99671,0.03824,-0.07138,0.00234,0.00341,-0.02121,0.05570,
1630698707957512448,0.00859,-0.02319,0.20261,0.99670,0.04098,-0.07010,0.00209,0.01299,-0.01608,0.05706,
1630698708024182784,0.00986,-0.02409,0.20584,0.99676,0.04244,-0.06823,0.00217,0.01827,-0.01094,0.04786,
1630698708090853376,0.01157,-0.02470,0.20869,0.99686,0.04368,-0.06598,0.00192,0.01934,-0.00271,0.04655,
1630698708157524224,0.01347,-0.02532,0.21138,0.99691,0.04446,-0.06477,0.00201,0.01521,-0.00015,0.04239,
1630698708224194048,0.01492,-0.02584,0.21281,0.99693,0.04529,-0.06389,0.00164,0.00782,0.00146,0.03432,
1630698708290864640,0.01599,-0.02601,0.21417,0.99705,0.04638,-0.06120,0.00159,0.00793,0.00641,0.02185,
1630698708357534720,0.01727,-0.02693,0.21468,0.99717,0.04793,-0.05794,0.00151,0.00295,-0.01017,0.03901,
1630698708424205312,0.01816,-0.02859,0.21609,0.99712,0.04988,-0.05719,0.00118,-0.00376,-0.01385,0.06271,
1630698708490874880,0.01819,-0.03000,0.22007,0.99699,0.05183,-0.05761,0.00061,-0.00439,-0.01330,0.07236,
1630698708557545984,0.01834,-0.03122,0.22385,0.99686,0.05414,-0.05776,0.00017,-0.00045,-0.01831,0.06670,
1630698708624215552,0.01857,-0.03257,0.22702,0.99675,0.05593,-0.05791,-0.00066,0.00416,-0.02201,0.04851,
1630698708690886144,0.01901,-0.03213,0.22635,0.99668,0.05874,-0.05639,-0.00165,0.00797,-0.01752,0.03334,
1630698708757556224,0.01909,-0.03401,0.22582,0.99661,0.06170,-0.05438,-0.00158,0.01235,-0.01855,0.00340,
1630698708824226816,0.01975,-0.03547,0.22457,0.99654,0.06448,-0.05240,-0.00187,0.00596,-0.01142,0.00573,
1630698708890896640,0.02006,-0.03592,0.22396,0.99653,0.06589,-0.05087,-0.00181,0.00145,0.00368,0.00560,
1630698708957567488,0.02019,-0.03571,0.22323,0.99656,0.06613,-0.05001,-0.00191,0.00264,-0.00219,0.00619,
1630698709024237056,0.02089,-0.03605,0.22255,0.99658,0.06718,-0.04804,-0.00205,0.00744,-0.00797,0.00411,
1630698709090908160,0.02155,-0.03656,0.22215,0.99659,0.06815,-0.04640,-0.00221,0.00822,-0.00698,0.00436,
1630698709157577984,0.02222,-0.03668,0.22184,0.99664,0.06866,-0.04468,-0.00230,0.00565,-0.00086,0.00550,
1630698709224248832,0.02273,-0.03652,0.22153,0.99669,0.06879,-0.04333,-0.00241,0.00492,-0.00141,0.00542,
1630698709290918656,0.02333,-0.03657,0.22117,0.99674,0.06895,-0.04193,-0.00250,0.00632,-0.00591,0.00414,
1630698709357589504,0.02379,-0.03671,0.22099,0.99677,0.06920,-0.04072,-0.00261,0.00622,-0.00499,0.00459,
1630698709424260608,0.02418,-0.03666,0.22104,0.99681,0.06915,-0.03965,-0.00269,0.00538,-0.00233,0.00526,
1630698709490930432,0.02445,-0.03645,0.22100,0.99685,0.06894,-0.03899,-0.00273,0.00555,-0.00270,0.00514,
1630698709557601536,0.02485,-0.03637,0.22085,0.99691,0.06872,-0.03801,-0.00281,0.00570,-0.00501,0.00501,
1630698709624271360,0.02508,-0.03639,0.22082,0.99694,0.06859,-0.03740,-0.00287,0.00574,-0.00450,0.00491,
1630698709690942208,0.02546,-0.03632,0.22081,0.99699,0.06822,-0.03659,-0.00292,0.00541,-0.00356,0.00507,
1630698709757612288,0.02571,-0.03603,0.22083,0.99705,0.06778,-0.03586,-0.00298,0.00589,-0.00376,0.00483,
1630698709824283136,0.02601,-0.03593,0.22076,0.99711,0.06724,-0.03512,-0.00302,0.00598,-0.00493,0.00445,
1630698709890952960,0.02625,-0.03577,0.22069,0.99716,0.06686,-0.03460,-0.00309,0.00620,-0.00464,0.00460,
1630698709957624064,0.02639,-0.03552,0.22081,0.99721,0.06639,-0.03412,-0.00314,0.00637,-0.00396,0.00511,
1630698710024293888,0.02660,-0.03529,0.22092,0.99726,0.06578,-0.03365,-0.00316,0.00639,-0.00463,0.00493,
1630698710090964480,0.02680,-0.03503,0.22102,0.99732,0.06521,-0.03315,-0.00323,0.00624,-0.00509,0.00490,
1630698710157634304,0.02690,-0.03481,0.22116,0.99737,0.06459,-0.03275,-0.00325,0.00639,-0.00474,0.00485,
1630698710224304896,0.02706,-0.03455,0.22131,0.99743,0.06380,-0.03233,-0.00329,0.00625,-0.00455,0.00456,
1630698710290974720,0.02727,-0.03429,0.22146,0.99750,0.06296,-0.03195,-0.00331,0.00640,-0.00528,0.00453,
1630698710357645312,0.02750,-0.03408,0.22150,0.99755,0.06223,-0.03167,-0.00332,0.00675,-0.00536,0.00406,
1630698710424314880,0.02765,-0.03379,0.22144,0.99761,0.06143,-0.03137,-0.00337,0.00663,-0.00551,0.00426,
1630698710490985728,0.02775,-0.03345,0.22162,0.99768,0.06051,-0.03109,-0.00337,0.00666,-0.00606,0.00384,
1630698710557655296,0.02788,-0.03320,0.22170,0.99774,0.05966,-0.03090,-0.00337,0.00687,-0.00582,0.00385,
1630698710624325888,0.02791,-0.03294,0.22190,0.99779,0.05877,-0.03077,-0.00338,0.00687,-0.00621,0.00378,
1630698710690995712,0.02786,-0.03239,0.22226,0.99786,0.05758,-0.03067,-0.00340,0.00652,-0.00535,0.00367,
1630698710757666304,0.02786,-0.03191,0.22256,0.99794,0.05627,-0.03063,-0.00341,0.00681,-0.00575,0.00344,
1630698710824336640,0.02780,-0.03149,0.22272,0.99801,0.05500,-0.03077,-0.00338,0.00672,-0.00572,0.00340,
1630698710891006208,0.02771,-0.03093,0.22313,0.99807,0.05371,-0.03089,-0.00339,0.00668,-0.00557,0.00336,
1630698710957676800,0.02763,-0.03028,0.22348,0.99815,0.05220,-0.03101,-0.00341,0.00640,-0.00513,0.00345,
1630698711024346368,0.02752,-0.02971,0.22388,0.99823,0.05046,-0.03125,-0.00337,0.00605,-0.00589,0.00289,
1630698711091017472,0.02752,-0.02907,0.22423,0.99832,0.04865,-0.03144,-0.00335,0.00640,-0.00586,0.00255,
1630698711157687552,0.02743,-0.02818,0.22470,0.99842,0.04632,-0.03171,-0.00336,0.00667,-0.00519,0.00280,
1630698711224358400,0.02715,-0.02711,0.22536,0.99852,0.04357,-0.03223,-0.00330,0.00665,-0.00568,0.00274,
1630698711291028480,0.02690,-0.02583,0.22607,0.99864,0.04030,-0.03278,-0.00329,0.00642,-0.00533,0.00258,
1630698711357699328,0.02660,-0.02456,0.22674,0.99875,0.03695,-0.03341,-0.00325,0.00646,-0.00519,0.00227,
1630698711424369408,0.02602,-0.02268,0.22777,0.99889,0.03211,-0.03435,-0.00318,0.00611,-0.00568,0.00154,
1630698711491040512,0.02535,-0.02062,0.22878,0.99901,0.02695,-0.03535,-0.00316,0.00562,-0.00610,0.00157,
1630698711557710336,0.02461,-0.01859,0.22976,0.99910,0.02166,-0.03630,-0.00314,0.00514,-0.00574,0.00139,
1630698711624381184,0.02317,-0.01567,0.23090,0.99919,0.01419,-0.03761,-0.00309,0.00382,-0.00673,0.00111,
1630698711691051520,0.02295,-0.01464,0.23134,0.99921,0.01150,-0.03798,-0.00308,0.00371,-0.00696,0.00036,
1630698711757722368,0.02337,-0.01447,0.23142,0.99921,0.01064,-0.03806,-0.00308,0.00403,-0.00720,0.00045,
1630698711824392192,0.02261,-0.01333,0.23147,0.99923,0.00781,-0.03841,-0.00302,0.00304,-0.00658,0.00001,
1630698711891063552,0.02300,-0.01297,0.23155,0.99923,0.00686,-0.03853,-0.00300,0.00239,-0.00720,0.00008,
1630698711957733376,0.02296,-0.01252,0.23185,0.99923,0.00580,-0.03866,-0.00294,0.00217,-0.00728,-0.00039,
1630698712024404480,0.02284,-0.01205,0.23210,0.99923,0.00476,-0.03876,-0.00295,0.00277,-0.00775,-0.00042,
1630698712091076096,0.02207,-0.01082,0.23214,0.99923,0.00216,-0.03903,-0.00298,0.00294,-0.00833,-0.00079,
1630698712157746688,0.02192,-0.00957,0.23238,0.99922,-0.00069,-0.03925,-0.00303,0.00363,-0.00759,-0.00120,
1630698712224418560,0.02157,-0.00817,0.23253,0.99921,-0.00417,-0.03952,-0.00305,0.00294,-0.00777,-0.00155,
1630698712291089408,0.02142,-0.00644,0.23276,0.99917,-0.00832,-0.03982,-0.00309,0.00232,-0.00843,-0.00179,
1630698712357761024,0.02115,-0.00407,0.23311,0.99910,-0.01371,-0.04002,-0.00313,0.00140,-0.00838,-0.00201,
1630698712424432128,0.02110,-0.00168,0.23385,0.99902,-0.01871,-0.04011,-0.00317,0.00160,-0.00815,-0.00229,
1630698712491103744,0.02128,0.00124,0.23393,0.99886,-0.02608,-0.03997,-0.00321,0.00038,-0.00872,-0.00343,
1630698712557774592,0.02151,0.00347,0.23461,0.99873,-0.03057,-0.03980,-0.00323,-0.00014,-0.00881,-0.00365,
1630698712624446720,0.02169,0.00487,0.23509,0.99865,-0.03353,-0.03947,-0.00322,0.00022,-0.00999,-0.00421,
1630698712691117568,0.02190,0.00560,0.23549,0.99861,-0.03487,-0.03933,-0.00325,0.00025,-0.00936,-0.00426,
1630698712757789440,0.02186,0.00617,0.23567,0.99858,-0.03585,-0.03926,-0.00325,-0.00012,-0.00976,-0.00441,
1630698712824460288,0.02197,0.00653,0.23583,0.99856,-0.03645,-0.03916,-0.00329,0.00108,-0.00960,-0.00573,
1630698712891132160,0.02213,0.00668,0.23580,0.99855,-0.03684,-0.03910,-0.00329,0.00017,-0.01005,-0.00390,
1630698712957803264,0.02225,0.00677,0.23559,0.99854,-0.03713,-0.03914,-0.00329,-0.00216,-0.00903,-0.00467,
1630698713024475136,0.02213,0.00694,0.23596,0.99853,-0.03718,-0.03922,-0.00332,-0.00297,-0.01071,-0.00369,
1630698713091145216,0.02183,0.00701,0.23620,0.99853,-0.03723,-0.03920,-0.00327,-0.00097,-0.00867,-0.00475,
1630698713157816320,0.02192,0.00721,0.23591,0.99852,-0.03755,-0.03914,-0.00327,0.00057,-0.00519,-0.00632,
1630698713224486912,0.02207,0.00719,0.23568,0.99852,-0.03765,-0.03919,-0.00327,-0.00198,-0.01189,-0.00463,
1630698713291158016,0.02209,0.00699,0.23592,0.99852,-0.03748,-0.03921,-0.00330,-0.00053,-0.01161,-0.00452,
1630698713357828096,0.02199,0.00713,0.23586,0.99852,-0.03758,-0.03925,-0.00332,-0.00166,-0.00572,-0.00437,
1630698713424499456,0.02194,0.00733,0.23574,0.99851,-0.03774,-0.03935,-0.00329,-0.00316,-0.00791,-0.00387,
1630698713491170560,0.02183,0.00730,0.23588,0.99851,-0.03769,-0.03944,-0.00332,-0.00138,-0.01156,-0.00399,
1630698713557840896,0.02178,0.00714,0.23597,0.99851,-0.03756,-0.03947,-0.00331,0.00083,-0.01073,-0.00515,
1630698713624512256,0.02195,0.00728,0.23590,0.99851,-0.03760,-0.03943,-0.00338,-0.00063,-0.00666,-0.00440,
1630698713691182336,0.02173,0.00743,0.23593,0.99850,-0.03767,-0.03948,-0.00332,-0.00232,-0.00831,-0.00387,
1630698713757853440,0.02168,0.00729,0.23609,0.99851,-0.03759,-0.03953,-0.00338,-0.00003,-0.01102,-0.00350,
1630698713824524032,0.02178,0.00706,0.23602,0.99851,-0.03744,-0.03960,-0.00336,0.00024,-0.01096,-0.00516,
1630698713891195136,0.02180,0.00702,0.23607,0.99851,-0.03738,-0.03964,-0.00341,-0.00031,-0.00762,-0.00414,
1630698713957865216,0.02170,0.00722,0.23623,0.99850,-0.03747,-0.03970,-0.00342,-0.00277,-0.00927,-0.00130,
1630698714024536576,0.02266,0.00833,0.24306,0.99854,-0.03995,-0.03615,-0.00326,-0.00710,0.04071,0.10299,
1630698714091207168,0.02365,0.00864,0.25223,0.99783,-0.05198,-0.04026,-0.00250,-0.02145,0.03221,0.11290,
1630698714157879040,0.01894,0.00546,0.22908,0.99693,-0.06200,-0.04756,-0.00446,-0.09075,-0.02738,0.05301,
1630698714224549888,0.01285,0.00843,0.24152,0.99679,-0.06000,-0.05243,-0.00755,-0.12366,-0.04167,-0.04704,
1630698714291221504,0.00211,0.00402,0.21656,0.99682,-0.05341,-0.05876,-0.00684,-0.19673,-0.08304,-0.07790,
1630698714357892352,-0.00942,-0.00939,0.23479,0.99867,-0.02171,-0.04296,-0.01838,-0.07670,-0.11967,-0.04223,
1630698714424564224,-0.01406,-0.00870,0.23629,0.99922,-0.01906,-0.03148,-0.01457,0.07722,-0.05326,-0.04128,
1630698714491235072,-0.00842,-0.01885,0.23108,0.99964,-0.01307,-0.02151,-0.00883,0.12109,-0.19223,-0.06293,
1630698714557906944,0.00352,-0.03719,0.22386,0.99990,0.00546,-0.00842,-0.00954,0.19719,-0.31374,-0.16277,
1630698714624578048,0.01802,-0.05728,0.20942,0.99978,0.01401,0.01080,-0.01084,0.22169,-0.32985,-0.21776,
1630698714691249920,0.03077,-0.07429,0.20420,0.99959,0.01162,0.02628,0.00102,0.15394,-0.13275,0.11670,
1630698714757921792,0.04176,-0.08750,0.21665,0.99993,-0.00193,0.01065,0.00538,0.11897,-0.17386,0.27484,
1630698714824592640,0.04809,-0.09505,0.23142,0.99933,-0.02316,-0.02801,-0.00457,0.11169,-0.11879,0.23788,
1630698714891264512,0.05116,-0.09767,0.24505,0.99793,-0.01992,-0.06029,-0.01056,-0.01512,-0.02002,0.13646,
1630698714957935360,0.05045,-0.09357,0.24737,0.99774,-0.01773,-0.06364,-0.01250,-0.03051,0.10978,-0.02759,
1630698715024607488,0.04755,-0.08648,0.24870,0.99794,-0.02822,-0.05517,-0.01632,-0.07667,0.08931,0.11142,
1630698715091278336,0.04389,-0.08381,0.25574,0.99821,-0.03167,-0.04371,-0.02572,-0.10774,0.18769,0.15723,
1630698715157950464,0.04044,-0.07134,0.26228,0.99850,-0.03416,-0.03859,-0.01847,-0.08092,0.21022,0.08689,
1630698715224621312,0.03788,-0.06107,0.26315,0.99889,-0.03029,-0.03405,-0.01170,-0.07089,0.15148,0.02483,
1630698715291293440,0.03534,-0.05138,0.26089,0.99944,-0.02261,-0.02422,-0.00510,-0.07037,0.13281,0.03817,
1630698715357964544,0.03110,-0.04335,0.26432,0.99922,-0.02999,-0.02561,-0.00141,-0.07293,0.13533,0.07024,
1630698715424636416,0.02867,-0.03255,0.26684,0.99905,-0.03490,-0.02516,0.00642,-0.06868,0.23464,0.15198,
1630698715491307776,0.02676,-0.02580,0.27587,0.99901,-0.03460,-0.02643,0.00883,0.00925,0.02460,0.09522,
1630698715557979904,0.02979,-0.02377,0.27520,0.99955,-0.01710,-0.02444,0.00327,0.06172,0.04227,-0.06927,
1630698715624651008,0.03391,-0.01654,0.27246,0.99957,-0.02237,-0.01871,0.00366,0.09376,0.10201,-0.07010,
1630698715691323392,0.04049,-0.00693,0.26265,0.99933,-0.03595,-0.00625,0.00241,0.13147,0.15151,-0.08424,
1630698715757994496,0.05043,0.00467,0.25381,0.99945,-0.03309,0.00105,0.00203,0.17728,0.10390,0.00520,
1630698715824666624,0.06085,0.01415,0.25819,0.99972,-0.02311,0.00260,-0.00439,0.17339,0.14159,0.07519,
1630698715891337984,0.07069,0.02406,0.26305,0.99953,-0.02914,-0.00851,-0.00408,0.16475,0.06784,0.02553,
1630698715958009856,0.07961,0.02914,0.26479,0.99935,-0.03259,-0.01339,-0.00705,0.14124,0.00187,0.00004,
1630698716024681216,0.08896,0.02842,0.26217,0.99976,-0.01970,-0.00754,-0.00633,0.13299,-0.04837,-0.03866,
1630698716091352576,0.09742,0.02441,0.25950,0.99993,-0.01096,-0.00028,-0.00402,0.14030,-0.11109,-0.04566,
1630698716158023680,0.10531,0.02039,0.26441,0.99995,-0.00915,0.00191,0.00233,0.13600,-0.04402,0.14617,
1630698716224693760,0.11273,0.01318,0.27721,0.99995,-0.00409,-0.00884,-0.00278,0.12566,-0.14394,0.17398,
1630698716291364864,0.12144,0.00758,0.28164,0.99988,-0.00077,-0.01441,-0.00591,0.12767,-0.04738,-0.02335,
1630698716358034944,0.13269,0.00809,0.27954,0.99978,-0.01781,-0.01015,-0.00467,0.10685,0.04796,-0.03200,
1630698716424706048,0.13971,0.01210,0.27592,0.99956,-0.02819,-0.00789,-0.00376,0.09450,0.07739,-0.02690,
1630698716491376128,0.14692,0.01854,0.27394,0.99971,-0.02182,-0.00989,-0.00157,0.12564,0.08439,0.02620,
1630698716558047232,0.15497,0.02418,0.27539,0.99974,-0.02037,-0.00995,-0.00053,0.12715,0.05468,-0.02283,
1630698716624717568,0.16263,0.02534,0.27312,0.99967,-0.02243,-0.01207,-0.00248,0.12404,-0.04923,-0.03310,
1630698716691388672,0.16975,0.02114,0.27168,0.99978,-0.01832,-0.00775,-0.00615,0.10658,-0.08345,-0.04866,
1630698716758058752,0.17599,0.01367,0.26810,0.99994,-0.01005,-0.00152,-0.00500,0.10417,-0.15374,-0.06323,
1630698716824729856,0.18310,0.00235,0.26330,0.99996,-0.00020,0.00720,-0.00582,0.14596,-0.18571,-0.09208,
1630698716891399936,0.19097,-0.00611,0.26636,0.99995,-0.00114,0.00970,-0.00362,0.12700,-0.15254,0.10973,
1630698716958071040,0.19791,-0.01156,0.27190,0.99997,0.00203,-0.00182,-0.00672,0.13811,-0.10333,0.01932,
1630698717024741120,0.20623,-0.01548,0.27311,0.99996,0.00493,-0.00429,-0.00563,0.12546,-0.01098,0.01007,
1630698717091412992,0.21338,-0.01472,0.27187,0.99995,-0.00832,-0.00341,-0.00520,0.11808,0.03897,-0.04690,
1630698717158083840,0.22102,-0.01010,0.26935,0.99986,-0.01595,-0.00207,-0.00449,0.11554,0.09677,-0.01512,
1630698717224755456,0.22988,-0.00423,0.26851,0.99982,-0.01816,-0.00360,-0.00397,0.12404,0.06746,0.05779,
1630698717291426304,0.23646,0.00104,0.27005,0.99974,-0.02174,-0.00659,-0.00317,0.10936,0.04440,-0.03879,
1630698717358098432,0.24231,0.00245,0.26973,0.99970,-0.02212,-0.00768,-0.00653,0.09027,-0.01767,-0.00181,
1630698717424770304,0.24693,0.00033,0.26847,0.99977,-0.01896,-0.00469,-0.00914,0.06281,-0.05055,-0.04044,
1630698717491441152,0.25017,-0.00535,0.26641,0.99986,-0.01315,-0.00119,-0.01047,0.05525,-0.09321,-0.03391,
1630698717558113280,0.25433,-0.01246,0.26410,0.99991,-0.00776,0.00327,-0.01076,0.06229,-0.06694,0.04054,
1630698717624784128,0.25785,-0.01727,0.26878,0.99992,-0.00600,0.00302,-0.01043,0.06095,-0.08430,0.08471,
1630698717691456000,0.25994,-0.02150,0.27215,0.99989,0.00159,-0.00381,-0.01436,0.07130,-0.05467,-0.02994,
1630698717758126848,0.26433,-0.02201,0.27051,0.99991,-0.00345,0.00126,-0.01305,0.05594,0.03915,-0.04227,
1630698717824798976,0.26712,-0.01883,0.26823,0.99981,-0.01331,0.00726,-0.01214,0.05430,0.06035,-0.04968,
1630698717891470080,0.27077,-0.01431,0.26707,0.99983,-0.01168,0.00758,-0.01223,0.07478,0.07644,-0.05284,
1630698717958141952,0.27434,-0.01022,0.26857,0.99985,-0.00568,0.01134,-0.01170,0.08781,0.07361,0.02868,
1630698718024813056,0.28117,-0.00493,0.26747,0.99987,-0.01073,0.00698,-0.01018,0.10536,0.05040,-0.03341,
1630698718091484416,0.28855,-0.00385,0.26687,0.99980,-0.01210,0.00659,-0.01439,0.10506,0.01252,0.00743,
1630698718158155008,0.29512,-0.00459,0.26477,0.99980,-0.00804,0.00920,-0.01577,0.09431,-0.03989,-0.04185,
1630698718224826368,0.30099,-0.00969,0.26327,0.99974,-0.00377,0.01136,-0.01964,0.09046,-0.07409,-0.02787,
1630698718291496704,0.30835,-0.01519,0.26167,0.99969,-0.00149,0.01577,-0.01937,0.11347,-0.00621,0.05408,
1630698718358168064,0.31534,-0.01907,0.26543,0.99974,0.00162,0.01163,-0.01963,0.12051,-0.06509,0.02676,
1630698718424838656,0.32412,-0.02183,0.26660,0.99972,0.00777,0.00705,-0.02133,0.16051,0.00597,-0.00092,
1630698718491510016,0.33644,-0.02007,0.26392,0.99973,-0.00153,0.01197,-0.01971,0.17028,0.06686,-0.06237,
1630698718558180352,0.34807,-0.01369,0.25904,0.99964,-0.00982,0.01557,-0.01971,0.20314,0.13879,-0.06068,
1630698718624851712,0.36416,-0.00341,0.25359,0.99963,-0.00642,0.01838,-0.01882,0.27230,0.15464,-0.08480,
1630698718691522048,0.38168,0.00504,0.25569,0.99946,-0.00771,0.02208,-0.02309,0.24890,0.13193,0.09371,
1630698718758193408,0.39805,0.01245,0.25926,0.99955,-0.01733,0.01147,-0.02160,0.25071,0.08299,0.01737,
1630698718824865024,0.41485,0.01515,0.25871,0.99957,-0.01558,0.01039,-0.02261,0.25088,-0.02293,-0.04409,
1630698718891535872,0.43135,0.01135,0.25378,0.99953,0.00436,0.02032,-0.02236,0.25148,-0.10030,-0.10061,
1630698718958207232,0.44904,0.00156,0.24727,0.99929,0.01365,0.02663,-0.02295,0.28961,-0.17801,-0.10702,
1630698719024877568,0.46809,-0.00778,0.24750,0.99925,0.01070,0.03293,-0.01718,0.27424,-0.12537,0.12383,
1630698719091548672,0.48542,-0.01681,0.25541,0.99956,0.01595,0.01718,-0.01833,0.26872,-0.12719,0.09125,
1630698719158218752,0.50218,-0.02455,0.25885,0.99948,0.02346,0.00771,-0.02082,0.27822,-0.06735,-0.01901,
1630698719224890112,0.51946,-0.02451,0.25741,0.99972,0.00424,0.01087,-0.02074,0.27042,0.06041,-0.08087,
1630698719291560448,0.53783,-0.01916,0.25242,0.99958,-0.01161,0.01613,-0.02096,0.29083,0.11525,-0.07786,
1630698719358231552,0.55825,-0.01196,0.24925,0.99951,-0.00685,0.01937,-0.02374,0.30441,0.03424,0.01546,
1630698719424901888,0.57659,-0.00502,0.25266,0.99944,-0.00456,0.01763,-0.02819,0.27532,0.10964,0.00385,
1630698719491572992,0.59329,-0.00084,0.25246,0.99943,-0.00829,0.01086,-0.03092,0.25240,0.01064,-0.01796,
1630698719558243328,0.60834,-0.00199,0.25080,0.99932,-0.00568,0.00972,-0.03513,0.22978,-0.05781,-0.05757,
1630698719624914688,0.62240,-0.00845,0.24650,0.99919,0.00159,0.01389,-0.03781,0.22518,-0.13992,-0.07700,
1630698719691584768,0.63491,-0.01755,0.24383,0.99907,0.00606,0.01953,-0.03805,0.23553,-0.12127,0.01639,
1630698719758255872,0.65060,-0.02264,0.24515,0.99919,0.00832,0.02809,-0.02744,0.20480,-0.11191,0.06421,
1630698719824926208,0.66195,-0.02969,0.24813,0.99935,0.01218,0.01585,-0.03005,0.20231,-0.08556,-0.02186,
1630698719891597568,0.67562,-0.03149,0.24735,0.99939,0.00792,0.01655,-0.02984,0.20888,-0.00062,-0.06367,
1630698719958267648,0.68759,-0.02756,0.24309,0.99913,-0.01400,0.02512,-0.03027,0.19953,0.09067,-0.11004,
1630698720024938752,0.70100,-0.01871,0.23685,0.99867,-0.02848,0.03102,-0.02985,0.23376,0.14699,-0.09589,
1630698720091610112,0.71580,-0.01203,0.23737,0.99812,-0.02986,0.03682,-0.03897,0.22896,0.09887,0.10922,
1630698720158280448,0.73011,-0.00136,0.24262,0.99836,-0.03555,0.02654,-0.03619,0.21316,0.13677,0.01841,
1630698720224951808,0.74280,0.00605,0.24441,0.99803,-0.04647,0.01974,-0.03727,0.18604,0.08104,0.00054,
1630698720291621888,0.75288,0.00913,0.24505,0.99802,-0.04472,0.02084,-0.03890,0.15242,0.01575,-0.02581,
1630698720358292992,0.76235,0.00807,0.24292,0.99846,-0.03007,0.02551,-0.03914,0.13866,-0.03266,-0.04467,
1630698720424963584,0.77175,0.00606,0.24283,0.99858,-0.02650,0.02622,-0.03811,0.13713,0.04663,0.05111,
1630698720491634688,0.77830,0.00638,0.24916,0.99859,-0.03243,0.02575,-0.03309,0.11955,-0.02852,0.01708,
1630698720558305024,0.78724,0.00544,0.24897,0.99869,-0.03050,0.02182,-0.03485,0.14162,0.04138,-0.00432,
1630698720624976128,0.79897,0.00944,0.24608,0.99841,-0.03756,0.02714,-0.03217,0.15857,0.10587,-0.07367,
1630698720691646464,0.80965,0.01906,0.24227,0.99780,-0.04768,0.03361,-0.03138,0.18422,0.16477,-0.06425,
1630698720758317824,0.82479,0.02944,0.23340,0.99776,-0.04441,0.03895,-0.03147,0.24469,0.15230,-0.07008,
1630698720824987904,0.83948,0.03857,0.23592,0.99765,-0.03920,0.04168,-0.03781,0.22808,0.19326,0.08929,
1630698720891659264,0.85440,0.04850,0.24173,0.99774,-0.04897,0.02997,-0.03498,0.21772,0.10762,0.05124,
1630698720958329344,0.86910,0.05354,0.24530,0.99772,-0.05243,0.02392,-0.03498,0.20616,0.04114,0.00668,
1630698721025000448,0.88183,0.05331,0.24457,0.99845,-0.03206,0.02938,-0.03463,0.18892,-0.05494,-0.04488,
1630698721091671040,0.89446,0.04787,0.24005,0.99861,-0.01811,0.03458,-0.03547,0.19602,-0.12780,-0.03669,
1630698721158342144,0.90805,0.04223,0.24170,0.99865,-0.01701,0.03861,-0.03027,0.19289,-0.02940,0.06579,
1630698721225012224,0.92071,0.03699,0.24897,0.99894,-0.01968,0.03052,-0.02825,0.17290,-0.08115,0.08885,
1630698721291683328,0.93381,0.03331,0.25131,0.99920,-0.01439,0.02359,-0.02887,0.19356,-0.03448,0.02554,
1630698721358353664,0.94747,0.03460,0.24815,0.99895,-0.02320,0.02709,-0.02892,0.19081,0.06216,-0.05147,
1630698721425024768,0.96225,0.04173,0.24236,0.99857,-0.03359,0.03064,-0.02813,0.22057,0.13875,-0.07224,
1630698721491696128,0.97753,0.05124,0.23888,0.99847,-0.03267,0.03381,-0.02900,0.25774,0.11280,0.00414,
1630698721558366208,0.99369,0.05864,0.24287,0.99830,-0.03397,0.03224,-0.03472,0.22777,0.15152,0.09031,
1630698721625037312,1.00845,0.06670,0.24503,0.99835,-0.04131,0.02309,-0.03257,0.22052,0.07209,0.01563,
1630698721691707648,1.02203,0.06926,0.24467,0.99839,-0.03940,0.02005,-0.03541,0.19829,-0.00188,-0.02432,
1630698721758378752,1.03420,0.06708,0.24121,0.99878,-0.02182,0.02556,-0.03608,0.18628,-0.06946,-0.04735,
1630698721825048832,1.04628,0.06112,0.23528,0.99874,-0.01797,0.02758,-0.03788,0.19241,-0.10844,-0.02947,
1630698721891719936,1.05922,0.05744,0.23872,0.99884,-0.01916,0.03080,-0.03165,0.17798,-0.07294,0.11605,
1630698721958390528,1.07179,0.05215,0.24144,0.99914,-0.01435,0.02063,-0.03288,0.17675,-0.06124,0.02724,
1630698722025061632,1.08489,0.04897,0.24192,0.99916,-0.01423,0.01848,-0.03355,0.19644,0.00488,-0.03683,
1630698722091731712,1.09773,0.05296,0.23749,0.99878,-0.02694,0.02521,-0.03283,0.19213,0.10899,-0.08064,
1630698722158402816,1.11137,0.06401,0.23090,0.99842,-0.03467,0.02905,-0.03341,0.22332,0.16270,-0.07925,
1630698722225073152,1.12786,0.07276,0.22654,0.99822,-0.03092,0.03493,-0.03726,0.23632,0.07236,0.07610,
1630698722291744256,1.14360,0.08462,0.23306,0.99827,-0.03536,0.02644,-0.03878,0.22118,0.17907,0.07990,
1630698722358414336,1.15784,0.09143,0.23472,0.99806,-0.04596,0.01775,-0.03814,0.20557,0.09548,0.00391,
1630698722425085440,1.17076,0.09501,0.23411,0.99830,-0.03978,0.01592,-0.03959,0.17898,0.02181,-0.04581,
1630698722491755776,1.18199,0.09452,0.22905,0.99889,-0.01666,0.02217,-0.03815,0.16431,-0.02838,-0.07085,
1630698722558426880,1.19320,0.09090,0.22682,0.99888,-0.01559,0.02200,-0.03890,0.16673,-0.03588,0.08260,
1630698722625096960,1.20461,0.09016,0.23060,0.99894,-0.02164,0.02599,-0.03116,0.16650,-0.02389,0.02201,
1630698722691768064,1.21536,0.08758,0.23286,0.99912,-0.01954,0.01834,-0.03230,0.17494,-0.00689,-0.01909,
1630698722758439424,1.22743,0.08931,0.23193,0.99902,-0.02337,0.01951,-0.03211,0.19958,0.07540,-0.07171,
1630698722825109504,1.24097,0.09653,0.22542,0.99849,-0.03565,0.02773,-0.03123,0.20967,0.17244,-0.09322,
1630698722891780864,1.25713,0.10887,0.21858,0.99815,-0.04088,0.03243,-0.03123,0.27705,0.20357,-0.13961,
1630698722958450688,1.27605,0.11778,0.21593,0.99795,-0.03174,0.03992,-0.03867,0.27081,0.12944,0.12590,
1630698723025122048,1.29369,0.13324,0.22364,0.99804,-0.04405,0.02459,-0.03700,0.25689,0.22238,0.08840,
1630698723091792384,1.31162,0.14361,0.22519,0.99794,-0.05031,0.01440,-0.03702,0.24180,0.12545,-0.01448,
1630698723158463488,1.32748,0.14672,0.22380,0.99867,-0.02958,0.01588,-0.03902,0.21581,0.04110,-0.06160,
1630698723225133568,1.34088,0.14666,0.22071,0.99900,-0.01060,0.02166,-0.03778,0.21334,-0.00633,-0.04236,
1630698723291804672,1.35497,0.14379,0.21981,0.99886,-0.01807,0.02320,-0.03767,0.23461,0.03142,0.03337,
1630698723358475008,1.36756,0.14173,0.22488,0.99890,-0.02509,0.02392,-0.03159,0.20515,-0.03619,0.02374,
1630698723425146368,1.38072,0.13920,0.22614,0.99906,-0.02071,0.01781,-0.03374,0.21356,0.02613,0.00757,
1630698723491816448,1.39590,0.14329,0.22254,0.99877,-0.02927,0.02299,-0.03278,0.23288,0.12489,-0.09384,
1630698723558487552,1.41241,0.15384,0.21501,0.99808,-0.04285,0.03131,-0.03185,0.25851,0.20885,-0.11202,
1630698723625157888,1.43171,0.16839,0.20166,0.99794,-0.03997,0.03811,-0.03272,0.33005,0.21334,-0.10405,
1630698723691828992,1.45122,0.18134,0.20734,0.99752,-0.03865,0.03966,-0.04344,0.28015,0.26804,0.15314,
1630698723758498816,1.46923,0.19857,0.21647,0.99758,-0.05336,0.02240,-0.03859,0.25245,0.24555,0.11494,
1630698723825170176,1.48707,0.21113,0.21693,0.99792,-0.04969,0.01350,-0.03871,0.22312,0.16153,0.00810,
1630698723891840256,1.50096,0.21759,0.21493,0.99887,-0.02235,0.01683,-0.03837,0.18796,0.09536,-0.02472,
1630698723958511872,1.51336,0.22281,0.21332,0.99907,-0.01185,0.01835,-0.03707,0.18155,0.06836,0.00997,
1630698724025181696,1.52629,0.22501,0.21314,0.99890,-0.02447,0.01983,-0.03478,0.18907,0.09703,0.06640,
1630698724091853056,1.53718,0.22729,0.21891,0.99895,-0.02962,0.01836,-0.02958,0.17727,-0.01026,0.02227,
1630698724158524416,1.55026,0.22821,0.21677,0.99904,-0.02522,0.01549,-0.03244,0.21027,0.09728,-0.03702,
1630698724225194752,1.56559,0.23573,0.20942,0.99846,-0.03967,0.02543,-0.02926,0.24949,0.17989,-0.14467,
1630698724291865856,1.58258,0.25136,0.19816,0.99744,-0.05490,0.03656,-0.02747,0.29904,0.25827,-0.15188,
1630698724358536192,1.60514,0.26736,0.18467,0.99805,-0.03560,0.04214,-0.02912,0.39551,0.26529,-0.17619,
1630698724425207296,1.62860,0.28181,0.18559,0.99751,-0.03725,0.04449,-0.04012,0.34011,0.28482,0.18414,
1630698724491877888,1.64972,0.29965,0.20107,0.99737,-0.06063,0.01690,-0.03598,0.31800,0.22109,0.17706,
1630698724558548992,1.66938,0.31128,0.20612,0.99806,-0.05098,0.00823,-0.03484,0.29600,0.11197,-0.03771,
1630698724625219072,1.68669,0.31513,0.20284,0.99932,-0.00765,0.01931,-0.03035,0.26366,0.03077,-0.07050,
1630698724691890432,1.70590,0.31368,0.19684,0.99924,0.00373,0.02532,-0.02942,0.28971,-0.06544,-0.01000,
1630698724758560768,1.72839,0.30818,0.19563,0.99880,-0.02101,0.03482,-0.02728,0.31375,-0.03761,0.07649,
1630698724825232128,1.74616,0.30112,0.19927,0.99913,-0.01693,0.02634,-0.02740,0.27822,-0.08909,0.06820,
1630698724891902208,1.76502,0.29465,0.20008,0.99934,-0.01282,0.01606,-0.02979,0.30378,-0.02285,-0.04868,
1630698724958573568,1.78496,0.29668,0.19536,0.99904,-0.02360,0.02072,-0.03039,0.30818,0.11505,-0.12056,
1630698725025243648,1.80733,0.30545,0.18864,0.99839,-0.03718,0.02947,-0.03116,0.34449,0.18517,-0.13547,
1630698725091915008,1.83279,0.31882,0.18137,0.99820,-0.03457,0.03313,-0.03611,0.37340,0.17521,-0.06919,
1630698725158585088,1.85475,0.33046,0.19226,0.99759,-0.04302,0.03048,-0.04499,0.29833,0.24391,0.23793,
1630698725225256192,1.87526,0.34333,0.20425,0.99747,-0.05624,0.01440,-0.04098,0.26396,0.17656,0.10095,
1630698725291926272,1.89224,0.35036,0.20186,0.99835,-0.03817,0.01464,-0.04034,0.22501,0.05378,-0.05651,
1630698725358597632,1.90681,0.34957,0.20095,0.99892,-0.00585,0.02182,-0.04055,0.19009,-0.01201,-0.03567,
1630698725425268736,1.91885,0.34643,0.20092,0.99881,-0.01345,0.02051,-0.04221,0.19431,-0.05703,0.03355,
1630698725491938816,1.93460,0.34111,0.19983,0.99835,-0.03170,0.02671,-0.03962,0.20274,-0.04987,0.07853,
1630698725558609920,1.94669,0.33282,0.20361,0.99886,-0.02037,0.01929,-0.03859,0.18249,-0.10428,0.05866,
1630698725625280256,1.95908,0.32788,0.20714,0.99909,-0.01396,0.00984,-0.03897,0.20624,-0.02291,0.00132,
1630698725691951360,1.97219,0.32905,0.20375,0.99878,-0.02585,0.01654,-0.03861,0.20367,0.07036,-0.07933,
1630698725758620928,1.98553,0.33671,0.19851,0.99823,-0.03862,0.02462,-0.03799,0.21182,0.16673,-0.07407,
1630698725825292288,2.00169,0.34782,0.18981,0.99830,-0.03303,0.02821,-0.03880,0.27356,0.15848,-0.06603,
1630698725891962368,2.01789,0.35619,0.19107,0.99793,-0.03006,0.03170,-0.04715,0.23992,0.18965,0.08228,
1630698725958633728,2.03287,0.36798,0.19782,0.99794,-0.04373,0.01760,-0.04348,0.21044,0.12874,0.04903,
1630698726025303552,2.04595,0.37335,0.20109,0.99787,-0.04735,0.01139,-0.04348,0.17415,0.04548,0.01370,
1630698726091974656,2.05707,0.37373,0.20033,0.99867,-0.02611,0.01706,-0.04093,0.14622,-0.01321,-0.04683,
1630698726158645248,2.06670,0.37034,0.19630,0.99893,-0.01048,0.02329,-0.03854,0.14024,-0.10162,-0.02425,
1630698726225316608,2.07566,0.36635,0.20103,0.99903,-0.01315,0.02447,-0.03429,0.14224,-0.00643,0.09452,
1630698726291986432,2.08341,0.36236,0.20665,0.99918,-0.01728,0.01798,-0.03177,0.11809,-0.08248,0.07141,
1630698726358658048,2.09103,0.35742,0.20720,0.99933,-0.01177,0.01178,-0.03268,0.11510,-0.03040,0.00848,
1630698726425328128,2.09620,0.35788,0.20586,0.99920,-0.01959,0.01341,-0.03212,0.09172,0.04604,-0.05425,
1630698726491999232,2.10113,0.36235,0.20235,0.99893,-0.02976,0.01785,-0.03056,0.08470,0.10137,-0.04645,
1630698726558669312,2.10705,0.36883,0.19800,0.99890,-0.03028,0.02016,-0.02946,0.09680,0.09037,-0.00785,
1630698726625340928,2.11174,0.37283,0.20191,0.99893,-0.02798,0.01937,-0.03145,0.08003,0.10277,0.01553,
1630698726692010752,2.11657,0.37760,0.20029,0.99898,-0.03091,0.01545,-0.02916,0.07349,0.03307,-0.04217,
1630698726758682112,2.12061,0.37691,0.19992,0.99885,-0.03083,0.01657,-0.03290,0.04727,-0.02086,-0.01078,
1630698726825353728,2.12253,0.37344,0.19860,0.99887,-0.02666,0.01882,-0.03442,0.02745,-0.06566,-0.01903,
1630698726892023552,2.12432,0.36789,0.19757,0.99890,-0.02176,0.02153,-0.03565,0.04129,-0.07463,-0.03098,
1630698726958694912,2.12745,0.36318,0.19750,0.99892,-0.01862,0.02615,-0.03365,0.05915,-0.00781,0.05075,
1630698727025365248,2.13043,0.36132,0.20224,0.99907,-0.02103,0.02124,-0.03121,0.05134,-0.04410,0.02752,
1630698727092036608,2.13463,0.35940,0.20330,0.99933,-0.01525,0.01477,-0.02997,0.06328,0.02498,0.02242,
1630698727158706432,2.13953,0.36099,0.20291,0.99929,-0.02009,0.01808,-0.02609,0.06456,0.03895,-0.02436,
1630698727225377792,2.14346,0.36503,0.19998,0.99912,-0.02614,0.02062,-0.02536,0.06668,0.09013,-0.02339,
1630698727292047616,2.14865,0.37071,0.19793,0.99900,-0.02882,0.02282,-0.02547,0.09466,0.10657,-0.04143,
1630698727358719232,2.15635,0.37584,0.19823,0.99890,-0.02837,0.02626,-0.02640,0.10997,0.04274,0.07693,
1630698727425389056,2.16330,0.38122,0.20103,0.99900,-0.03195,0.02069,-0.02344,0.10882,0.06520,-0.00542,
1630698727492060672,2.17056,0.38226,0.20071,0.99894,-0.03331,0.01946,-0.02520,0.10186,-0.00567,0.01848,
1630698727558730496,2.17682,0.37993,0.19917,0.99895,-0.02983,0.02185,-0.02697,0.08315,-0.05466,-0.02987,
1630698727625401856,2.18194,0.37374,0.19735,0.99899,-0.02414,0.02461,-0.02865,0.08473,-0.10810,-0.01579,
1630698727692071936,2.18832,0.36632,0.19497,0.99897,-0.01836,0.02990,-0.02878,0.09469,-0.07441,0.07167,
1630698727758743040,2.19490,0.36234,0.20251,0.99915,-0.01678,0.02752,-0.02587,0.09682,-0.07758,0.15359,
1630698727825413120,2.20225,0.35809,0.20846,0.99939,-0.01050,0.01353,-0.03028,0.12610,-0.06133,0.01110,
1630698727892084480,2.21107,0.35755,0.20715,0.99926,-0.01521,0.01680,-0.03108,0.13601,0.04367,-0.03364,
1630698727958754560,2.22042,0.36240,0.20273,0.99884,-0.03108,0.02201,-0.02943,0.14032,0.11515,-0.07815,
1630698728025425920,2.23083,0.37092,0.19909,0.99877,-0.03300,0.02448,-0.02789,0.18591,0.14696,-0.05980,
1630698728092097280,2.24474,0.37874,0.19552,0.99874,-0.02841,0.03013,-0.02835,0.21821,0.09409,0.03903,
1630698728158767104,2.25793,0.38636,0.19984,0.99873,-0.03410,0.02350,-0.02863,0.19904,0.10641,0.03195,
1630698728225438720,2.27147,0.38877,0.20168,0.99875,-0.03744,0.01778,-0.02810,0.20047,0.00195,0.02592,
1630698728292108544,2.28456,0.38617,0.19962,0.99885,-0.03022,0.02146,-0.03043,0.19281,-0.06986,-0.04683,
1630698728358779648,2.29694,0.37833,0.19553,0.99894,-0.01936,0.02857,-0.03062,0.19496,-0.16558,-0.05182,
1630698728425449984,2.31147,0.36513,0.18884,0.99881,-0.00983,0.03596,-0.03140,0.24539,-0.18923,-0.08232,
1630698728492121344,2.32692,0.35654,0.19330,0.99889,-0.00978,0.03968,-0.02332,0.21658,-0.15000,0.19754,
1630698728558791424,2.34074,0.34696,0.20483,0.99944,-0.00636,0.02089,-0.02525,0.21142,-0.11768,0.13129,
1630698728625462528,2.35614,0.33981,0.20644,0.99956,-0.00169,0.01370,-0.02631,0.22322,-0.05669,-0.01340,
1630698728692132608,2.37011,0.34019,0.20322,0.99927,-0.02298,0.01600,-0.02591,0.21134,0.05637,-0.07174,
1630698728758803968,2.38441,0.34571,0.19732,0.99872,-0.03860,0.02078,-0.02522,0.23273,0.11723,-0.07776,
1630698728825474304,2.40139,0.35306,0.19373,0.99891,-0.03151,0.02266,-0.02604,0.26496,0.05252,-0.02498,
1630698728892145408,2.41588,0.35909,0.19756,0.99879,-0.02939,0.02361,-0.03149,0.22887,0.11720,0.04526,
1630698728958815488,2.43035,0.36512,0.19976,0.99877,-0.03601,0.01689,-0.02973,0.21797,0.03424,0.03543,
1630698729025486592,2.44413,0.36402,0.19909,0.99871,-0.03575,0.01751,-0.03143,0.20921,-0.05479,-0.03325,
1630698729092156928,2.45730,0.35730,0.19587,0.99885,-0.02503,0.02563,-0.03179,0.20497,-0.13741,-0.05694,
1630698729158828032,2.47226,0.34479,0.19059,0.99885,-0.01266,0.03398,-0.03147,0.24163,-0.22052,-0.10754,
1630698729225498112,2.48640,0.33524,0.18951,0.99877,-0.00870,0.04181,-0.02504,0.23080,-0.09974,0.12962,
1630698729292169216,2.49887,0.32596,0.20262,0.99938,-0.00472,0.02410,-0.02524,0.20519,-0.12321,0.18379,
1630698729358839552,2.51267,0.31840,0.20770,0.99958,0.00112,0.01242,-0.02618,0.22569,-0.07675,0.03265,
1630698729425510656,2.52639,0.31642,0.20572,0.99945,-0.01550,0.01367,-0.02585,0.20558,0.04387,-0.04347,
1630698729492181760,2.53908,0.32012,0.19984,0.99885,-0.03709,0.01760,-0.02457,0.21726,0.10917,-0.04615,
1630698729558851840,2.55433,0.32724,0.19540,0.99897,-0.03494,0.01831,-0.02240,0.25741,0.13284,-0.07811,
1630698729625523200,2.57040,0.33408,0.19190,0.99895,-0.02639,0.02621,-0.02673,0.23808,0.06922,0.03313,
1630698729692193280,2.58570,0.34259,0.19720,0.99884,-0.03395,0.02022,-0.02748,0.22836,0.13125,0.05246,
1630698729758864384,2.59946,0.34710,0.19789,0.99882,-0.03820,0.01401,-0.02661,0.21908,0.02683,0.02949,
1630698729825534464,2.61366,0.34501,0.19539,0.99891,-0.03307,0.01659,-0.02856,0.20996,-0.07731,-0.04514,
1630698729892205824,2.62581,0.33611,0.18935,0.99909,-0.01588,0.02574,-0.03004,0.20804,-0.16184,-0.08703,
1630698729958875904,2.64052,0.32327,0.18200,0.99897,-0.00823,0.03279,-0.03038,0.25300,-0.16364,-0.02397,
1630698730025547008,2.65436,0.31364,0.18736,0.99907,-0.00804,0.03635,-0.02170,0.22084,-0.15679,0.13091,
1630698730092217344,2.66716,0.30182,0.19711,0.99954,0.00025,0.01880,-0.02387,0.20499,-0.14160,0.10987,
1630698730158888704,2.67960,0.29281,0.20006,0.99965,0.00575,0.01030,-0.02352,0.19848,-0.09614,0.01321,
1630698730225558784,2.69142,0.28840,0.19640,0.99937,-0.02096,0.01374,-0.02508,0.17506,-0.02156,-0.07069,
1630698730292229888,2.70212,0.28797,0.19213,0.99867,-0.03958,0.01873,-0.02710,0.17036,0.01178,-0.03015,
1630698730358899968,2.71460,0.28813,0.19207,0.99904,-0.02888,0.01584,-0.02900,0.19214,-0.05322,0.03667,
1630698730425571328,2.72698,0.28818,0.19715,0.99895,-0.02361,0.01523,-0.03632,0.18428,0.06669,0.01521,
1630698730492241664,2.73937,0.29006,0.19597,0.99912,-0.02233,0.01445,-0.03244,0.18845,-0.01841,-0.00807,
1630698730558912768,2.75109,0.28505,0.19300,0.99915,-0.01715,0.01705,-0.03336,0.19197,-0.11165,-0.06358,
1630698730625582848,2.76374,0.27434,0.18774,0.99908,-0.00508,0.02580,-0.03402,0.21138,-0.20198,-0.08930,
1630698730692253952,2.77941,0.25881,0.17911,0.99879,0.00353,0.03575,-0.03373,0.27591,-0.25308,-0.16353,
1630698730758925312,2.79771,0.24387,0.17526,0.99864,-0.00028,0.04480,-0.02657,0.26486,-0.16257,0.12088,
1630698730825595392,2.81323,0.22900,0.18486,0.99937,0.00049,0.02328,-0.02671,0.24038,-0.20864,0.13798,
1630698730892266752,2.82911,0.21671,0.19084,0.99959,0.00006,0.00802,-0.02752,0.25408,-0.16564,-0.01557,
1630698730958936832,2.84377,0.21018,0.18964,0.99943,-0.01416,0.01021,-0.02900,0.23169,-0.03321,-0.06351,
1630698731025607936,2.85976,0.21060,0.18397,0.99883,-0.03498,0.01612,-0.02914,0.23072,0.01057,-0.09220,
1630698731092278272,2.87576,0.21448,0.18054,0.99901,-0.02971,0.01431,-0.02984,0.25063,0.06534,0.00629,
1630698731158949376,2.89073,0.21687,0.18464,0.99860,-0.02794,0.01941,-0.04051,0.21339,0.10323,0.07165,
1630698731225619456,2.90431,0.22272,0.18437,0.99886,-0.02871,0.01247,-0.03606,0.20746,0.02194,-0.04573,
1630698731292290816,2.91677,0.22254,0.18445,0.99871,-0.03073,0.00841,-0.03945,0.18697,-0.06359,-0.03105,
1630698731358961152,2.92859,0.21803,0.18158,0.99875,-0.02605,0.01238,-0.04082,0.17306,-0.12111,-0.06172,
1630698731425632256,2.94098,0.20879,0.17775,0.99880,-0.01652,0.01938,-0.04182,0.18815,-0.19172,-0.08879,
1630698731492302336,2.95476,0.19917,0.17423,0.99888,-0.00793,0.02716,-0.03801,0.18740,-0.09377,0.03493,
1630698731558973440,2.96674,0.19178,0.17948,0.99916,-0.00825,0.02481,-0.03170,0.15034,-0.13993,0.08308,
1630698731625643776,2.97773,0.18426,0.18357,0.99941,-0.00137,0.01095,-0.03240,0.17307,-0.06701,0.00965,
1630698731692315136,2.98958,0.18170,0.18269,0.99943,-0.00637,0.01180,-0.03105,0.16550,0.00965,-0.05834,
1630698731758985216,3.00156,0.18576,0.17768,0.99884,-0.03011,0.01970,-0.03199,0.16125,0.10591,-0.09312,
1630698731825656320,3.01399,0.19456,0.17226,0.99855,-0.03629,0.02347,-0.03197,0.20699,0.15887,-0.08297,
1630698731892326656,3.02852,0.20157,0.17271,0.99842,-0.02742,0.03048,-0.03848,0.20206,0.07433,0.08984,
1630698731958997760,3.04207,0.21193,0.17965,0.99825,-0.03393,0.02404,-0.04208,0.18874,0.21088,0.07355,
1630698732025667840,3.05597,0.22163,0.18074,0.99839,-0.03769,0.01331,-0.04024,0.17947,0.08916,0.01360,
1630698732092339200,3.06798,0.22425,0.18070,0.99837,-0.03449,0.00841,-0.04475,0.15050,0.01784,-0.01235,
1630698732159010560,3.07862,0.22309,0.17850,0.99859,-0.02275,0.01249,-0.04630,0.13330,-0.05100,-0.03006,
1630698732225681152,3.08771,0.21665,0.17662,0.99852,-0.01892,0.01518,-0.04866,0.13861,-0.10053,-0.03774,
1630698732292352256,3.09830,0.21498,0.17984,0.99881,-0.01741,0.02335,-0.03923,0.12783,0.00016,0.12182,
1630698732359022592,3.10521,0.20953,0.18727,0.99904,-0.01338,0.01248,-0.03985,0.10813,-0.09200,0.05393,
1630698732425693952,3.11435,0.20623,0.18788,0.99901,-0.01057,0.00880,-0.04236,0.13760,0.00200,-0.01868,
1630698732492364288,3.12462,0.20972,0.18506,0.99881,-0.02146,0.01600,-0.04087,0.13553,0.09646,-0.06159,
1630698732559035648,3.13415,0.21823,0.18007,0.99849,-0.03043,0.02118,-0.04054,0.15611,0.15740,-0.06647,
1630698732625705984,3.14719,0.22954,0.17206,0.99843,-0.02661,0.02795,-0.04071,0.20885,0.17835,-0.03170,
1630698732692377344,3.16132,0.23914,0.17557,0.99803,-0.02942,0.02963,-0.04677,0.18063,0.20990,0.09583,
1630698732759047680,3.17368,0.25274,0.18167,0.99807,-0.04262,0.01673,-0.04192,0.16108,0.16474,0.03208,
1630698732825719296,3.18309,0.26072,0.18375,0.99791,-0.04640,0.00827,-0.04431,0.11507,0.09052,0.03858,
1630698732892389376,3.19032,0.26621,0.18376,0.99868,-0.02485,0.00908,-0.04395,0.07914,0.06991,-0.02273,
1630698732959060992,3.19489,0.26980,0.18221,0.99901,-0.00973,0.00994,-0.04234,0.06027,0.04475,0.00062,
1630698733025731072,3.19939,0.27299,0.18383,0.99893,-0.01670,0.00904,-0.04217,0.07036,0.10777,0.06964,
1630698733092402688,3.20352,0.27762,0.18711,0.99901,-0.02650,0.01056,-0.03402,0.06933,0.00694,-0.00103,
1630698733159072512,3.20894,0.27785,0.18400,0.99895,-0.02333,0.00994,-0.03814,0.09913,0.05914,-0.03811,
1630698733225744128,3.21698,0.28616,0.18040,0.99864,-0.03281,0.01778,-0.03644,0.13735,0.14389,-0.09991,
1630698733292414720,3.22716,0.29786,0.17186,0.99788,-0.04587,0.02877,-0.03614,0.18317,0.20796,-0.12862,
1630698733359085824,3.24265,0.31370,0.16395,0.99773,-0.04107,0.03766,-0.03778,0.26748,0.23896,-0.14360,
1630698733425757184,3.26236,0.32841,0.16345,0.99754,-0.02970,0.04159,-0.04803,0.28155,0.15862,0.11263,
1630698733492427520,3.28117,0.34825,0.17978,0.99747,-0.04704,0.02468,-0.04735,0.25854,0.33559,0.29588,
1630698733559098880,3.29842,0.36689,0.19192,0.99760,-0.05351,0.00514,-0.04369,0.23317,0.22467,0.12018,
1630698733625769216,3.31302,0.38129,0.19341,0.99871,-0.02984,0.00467,-0.04088,0.18877,0.21364,0.00607,
1630698733692440576,3.32446,0.39423,0.18883,0.99941,-0.00363,0.00618,-0.03349,0.14904,0.16248,-0.02434,
1630698733759110912,3.33357,0.40420,0.18852,0.99915,-0.02065,-0.00103,-0.03573,0.11629,0.13602,0.05057,
1630698733825782272,3.34159,0.41260,0.19039,0.99905,-0.02808,0.00066,-0.03320,0.10916,0.12010,0.04215,
1630698733892452608,3.34978,0.41575,0.18678,0.99909,-0.02517,0.00449,-0.03410,0.13731,0.06213,-0.08606,
1630698733959123968,3.36051,0.42410,0.18123,0.99890,-0.03239,0.01144,-0.03179,0.18081,0.17207,-0.07623,
1630698734025794304,3.37388,0.43710,0.17249,0.99816,-0.04663,0.02464,-0.02979,0.21479,0.21934,-0.13863,
1630698734092465664,3.38936,0.45390,0.16317,0.99828,-0.03900,0.03275,-0.02898,0.28728,0.24623,-0.13257,
1630698734159135744,3.41095,0.47199,0.15158,0.99849,-0.01930,0.03940,-0.03299,0.38976,0.28213,-0.12336,
1630698734225807104,3.43687,0.49130,0.15170,0.99767,-0.03037,0.04265,-0.04376,0.36199,0.31480,0.17986,
1630698734292477440,3.45929,0.51073,0.17085,0.99758,-0.05547,0.01379,-0.03952,0.31833,0.24601,0.22698,
1630698734359148800,3.48020,0.52355,0.17725,0.99824,-0.04589,0.00330,-0.03750,0.28907,0.11961,-0.02410,
1630698734425818880,3.49755,0.52664,0.17397,0.99926,-0.00124,0.01125,-0.03688,0.23562,0.00197,-0.05962,
1630698734492490240,3.51279,0.52430,0.16905,0.99908,0.01619,0.01710,-0.03589,0.23750,-0.07989,-0.01834,
1630698734559160576,3.52995,0.51607,0.16765,0.99879,-0.01674,0.01993,-0.04162,0.28373,-0.15686,-0.10307,
1630698734625831936,3.54596,0.50355,0.17015,0.99893,-0.01390,0.02229,-0.03815,0.22250,-0.17741,0.13487,
1630698734692502016,3.55978,0.49293,0.17871,0.99924,0.00082,0.00160,-0.03906,0.22067,-0.14211,0.07988,
1630698734759173376,3.57469,0.48648,0.18042,0.99919,-0.00272,-0.00129,-0.04011,0.21754,-0.02677,0.00264,
1630698734825844480,3.58838,0.48647,0.17654,0.99893,-0.02373,0.00647,-0.03912,0.20243,0.04765,-0.04497,
1630698734892515072,3.60119,0.49104,0.17266,0.99880,-0.02810,0.00963,-0.03904,0.20994,0.10125,-0.04406,
1630698734959186432,3.61599,0.49840,0.16843,0.99878,-0.02555,0.01342,-0.04019,0.21837,0.04963,0.01870,
1630698735025856512,3.62970,0.50373,0.17209,0.99863,-0.02476,0.01212,-0.04453,0.19557,0.12255,0.00677,
1630698735092527616,3.64097,0.50775,0.17149,0.99865,-0.02793,0.00773,-0.04308,0.16517,0.00957,0.01828,
1630698735159197952,3.65082,0.50508,0.17116,0.99853,-0.02691,0.00710,-0.04654,0.14047,-0.06956,-0.05151,
1630698735225869056,3.65885,0.49655,0.16669,0.99858,-0.01548,0.01470,-0.04882,0.10880,-0.18653,-0.06465,
1630698735292539392,3.66549,0.48122,0.16063,0.99841,-0.00273,0.02400,-0.05086,0.12254,-0.24955,-0.12310,
1630698735359210496,3.67171,0.46681,0.15866,0.99832,0.00093,0.03532,-0.04591,0.11514,-0.12791,0.04143,
1630698735425880576,3.67574,0.45462,0.16858,0.99880,0.00337,0.02273,-0.04315,0.01731,-0.18600,0.21021,
1630698735492551936,3.67644,0.44393,0.17558,0.99910,0.01188,0.00611,-0.04036,-0.02047,-0.14504,0.07498,
1630698735559222272,3.67275,0.43518,0.17820,0.99928,0.00568,0.00092,-0.03745,-0.11017,-0.09101,0.02681,
1630698735625893376,3.66446,0.42882,0.17603,0.99902,-0.02446,0.00160,-0.03691,-0.16661,-0.09197,-0.02279,
1630698735692563456,3.65055,0.42005,0.17824,0.99921,-0.01791,-0.00852,-0.03437,-0.25387,-0.17649,0.09556,
1630698735759234816,3.63493,0.40611,0.18081,0.99902,-0.00158,-0.01025,-0.04303,-0.25940,-0.16072,0.06575,
1630698735825905152,3.62233,0.39901,0.17602,0.99906,-0.00501,-0.00403,-0.04281,-0.15859,-0.07942,-0.12819,
1630698735892576256,3.61136,0.39348,0.17157,0.99897,-0.01285,0.00493,-0.04322,-0.17625,-0.09812,-0.02994,
1630698735959246336,3.59999,0.38830,0.16841,0.99905,-0.00546,0.01167,-0.04156,-0.13273,-0.07681,-0.11812,
1630698736025917696,3.59150,0.38430,0.16416,0.99897,0.00103,0.01940,-0.04112,-0.11716,-0.05042,-0.03751,
1630698736092588032,3.58418,0.38271,0.16362,0.99899,-0.00449,0.02095,-0.03947,-0.07622,-0.00844,-0.02918,
1630698736159259136,3.58039,0.38527,0.16533,0.99908,-0.01224,0.02546,-0.03239,-0.05837,0.05436,0.08399,
1630698736225930240,3.57636,0.38614,0.16956,0.99928,-0.01226,0.01531,-0.03247,-0.05279,-0.02127,0.00658,
1630698736292600320,3.57214,0.38568,0.16858,0.99930,-0.00933,0.01556,-0.03259,-0.07769,0.02394,-0.00347,
1630698736359271424,3.56643,0.38847,0.16715,0.99926,-0.01354,0.01978,-0.03003,-0.08805,0.04260,-0.03500,
1630698736425941760,3.55967,0.39053,0.16640,0.99933,-0.01202,0.01898,-0.02887,-0.10798,0.00260,0.00480,
1630698736492613120,3.55226,0.38951,0.16481,0.99921,-0.01153,0.02037,-0.03201,-0.11737,-0.00271,-0.02903,
1630698736559283200,3.54379,0.38766,0.16718,0.99918,-0.00970,0.02006,-0.03384,-0.13360,-0.00385,0.07866,
1630698736625954304,3.53597,0.38824,0.16809,0.99920,-0.01994,0.01194,-0.03258,-0.10540,0.01906,-0.05951,
1630698736692624640,3.52692,0.38916,0.16720,0.99913,-0.02210,0.01068,-0.03378,-0.14836,0.03939,-0.01499,
1630698736759295744,3.51652,0.39150,0.16591,0.99905,-0.02310,0.01135,-0.03518,-0.16697,0.05766,-0.02311,
1630698736825965824,3.50447,0.39618,0.16546,0.99892,-0.03013,0.00717,-0.03475,-0.20164,0.11761,0.00996,
1630698736892636928,3.48942,0.40513,0.16444,0.99875,-0.03684,0.00424,-0.03351,-0.22081,0.15064,-0.04945,
1630698736959307264,3.47279,0.41786,0.16740,0.99901,-0.03827,0.00453,-0.02223,-0.23370,0.14740,0.07946,
1630698737025978368,3.45840,0.42126,0.16918,0.99945,-0.02257,-0.00250,-0.02422,-0.19399,0.01188,-0.03752,
1630698737092648448,3.44454,0.42275,0.16700,0.99966,-0.00696,-0.00068,-0.02494,-0.22732,0.02812,-0.05224,
1630698737159319552,3.42955,0.42478,0.16170,0.99955,-0.01643,0.00723,-0.02402,-0.23477,0.02565,-0.10886,
1630698737225989888,3.41149,0.42484,0.15875,0.99961,-0.01404,0.00624,-0.02333,-0.29407,-0.05057,-0.02318,
1630698737292661248,3.39201,0.41794,0.15648,0.99954,-0.00446,0.00692,-0.02931,-0.28578,-0.17561,-0.01487,
1630698737359331328,3.37419,0.41011,0.15954,0.99925,-0.00162,0.00671,-0.03809,-0.23421,-0.00732,0.02061,
1630698737426002432,3.36080,0.41037,0.16069,0.99915,-0.02049,0.00223,-0.03570,-0.18880,0.02263,-0.04168,
1630698737492673536,3.34789,0.41160,0.15910,0.99910,-0.02389,0.00562,-0.03472,-0.21050,0.03164,-0.04552,
1630698737559343872,3.33404,0.41371,0.15551,0.99905,-0.02307,0.00905,-0.03582,-0.22242,0.02664,-0.03068,
1630698737626014976,3.31765,0.41776,0.15509,0.99887,-0.03031,0.00504,-0.03632,-0.26488,0.11837,-0.01201,
1630698737692685056,3.30098,0.42843,0.15314,0.99878,-0.03861,0.01048,-0.02891,-0.25272,0.20886,0.07959,
1630698737759356160,3.28623,0.43656,0.15653,0.99925,-0.03106,0.00597,-0.02238,-0.19736,0.03359,0.05151,
1630698737826026496,3.27526,0.43843,0.15501,0.99968,-0.00905,0.00294,-0.02338,-0.15935,0.01825,-0.05527,
1630698737892697600,3.26490,0.44059,0.15259,0.99958,-0.01184,0.00835,-0.02498,-0.16542,0.03519,-0.08647,
1630698737959367680,3.25412,0.44459,0.14803,0.99943,-0.01774,0.01506,-0.02440,-0.16835,0.04891,-0.03551,
1630698738026038784,3.24326,0.44474,0.14781,0.99948,-0.01219,0.01296,-0.02680,-0.18209,-0.04352,-0.02039,
1630698738092709120,3.23199,0.43993,0.14843,0.99913,-0.00578,0.01962,-0.03622,-0.17773,-0.10730,0.09897,
1630698738159380224,3.22234,0.43933,0.15564,0.99918,-0.01331,0.01060,-0.03680,-0.13390,0.04257,0.05711,
1630698738226050304,3.21472,0.44132,0.15713,0.99902,-0.02509,0.00757,-0.03556,-0.12393,0.02109,-0.01277,
1630698738292721408,3.20753,0.44380,0.15591,0.99914,-0.02098,0.01224,-0.03374,-0.13837,0.02375,-0.03568,
1630698738359391744,3.19812,0.44452,0.15576,0.99904,-0.02329,0.01075,-0.03546,-0.15421,0.01618,0.02332,
1630698738426062848,3.18768,0.44868,0.15601,0.99894,-0.02877,0.00828,-0.03489,-0.17252,0.09080,-0.01941,
1630698738492732928,3.17616,0.45715,0.15786,0.99892,-0.03444,0.01301,-0.02848,-0.18337,0.15199,0.08618,
1630698738559404032,3.16606,0.46182,0.16126,0.99933,-0.02483,0.00499,-0.02638,-0.13882,0.00710,0.01873,
1630698738626074368,3.15806,0.46253,0.16047,0.99963,-0.00712,0.00391,-0.02595,-0.14054,0.03023,-0.00485,
1630698738692745472,3.14865,0.46473,0.15781,0.99952,-0.01433,0.00983,-0.02561,-0.14714,0.02823,-0.07111,
1630698738759416576,3.13869,0.46719,0.15460,0.99949,-0.01706,0.01256,-0.02404,-0.16544,0.03104,0.00810,
1630698738826086656,3.12692,0.46580,0.15469,0.99952,-0.01067,0.00972,-0.02724,-0.18027,-0.05158,-0.01931,
1630698738892758016,3.11535,0.46050,0.15686,0.99929,-0.00586,0.01392,-0.03451,-0.18731,-0.08883,0.08367,
1630698738959428096,3.10507,0.46030,0.16140,0.99933,-0.01273,0.00757,-0.03359,-0.13358,0.04381,0.01014,
1630698739026099200,3.09707,0.46247,0.15995,0.99919,-0.02320,0.00698,-0.03209,-0.14163,0.02124,-0.01636,
1630698739092769536,3.08735,0.46386,0.15869,0.99919,-0.02083,0.00944,-0.03304,-0.15814,0.02521,-0.02259,
1630698739159440640,3.07673,0.46616,0.15835,0.99910,-0.02411,0.00764,-0.03391,-0.17984,0.05763,0.01739,
1630698739226110976,3.06447,0.47298,0.15894,0.99899,-0.03057,0.00458,-0.03265,-0.20918,0.11898,-0.01750,
1630698739292782080,3.05014,0.48402,0.16094,0.99896,-0.03718,0.00848,-0.02517,-0.21669,0.19220,0.05780,
1630698739359452160,3.03757,0.49017,0.16222,0.99944,-0.02467,0.00427,-0.02204,-0.14889,0.04251,-0.03860,
1630698739426123264,3.02891,0.49399,0.15867,0.99970,-0.00903,0.00816,-0.02137,-0.14328,0.08447,-0.03073,
1630698739492793600,3.02047,0.50051,0.15339,0.99935,-0.02239,0.01827,-0.02171,-0.11586,0.09003,-0.12048,
1630698739559464960,3.01427,0.50753,0.14821,0.99906,-0.02796,0.02476,-0.02200,-0.09845,0.08339,-0.02227,
1630698739626135040,3.00858,0.51085,0.14748,0.99929,-0.01059,0.02476,-0.02649,-0.06163,0.03709,-0.01047,
1630698739692806144,3.00495,0.51214,0.15277,0.99886,-0.00918,0.02879,-0.03684,-0.06057,0.00371,0.12763,
1630698739759476480,3.00217,0.51868,0.16482,0.99910,-0.02344,0.01378,-0.03269,-0.05041,0.11572,0.12637,
1630698739826147584,2.99976,0.52319,0.16829,0.99897,-0.03073,0.01159,-0.03132,-0.06865,0.03511,0.02075,
1630698739892817664,2.99470,0.52381,0.16749,0.99908,-0.02229,0.01366,-0.03394,-0.09519,-0.01172,0.00523,
1630698739959489024,2.98837,0.52316,0.16486,0.99913,-0.01723,0.01445,-0.03499,-0.11134,0.01189,0.03661,
1630698740026159360,2.98076,0.52511,0.16602,0.99915,-0.02039,0.01240,-0.03360,-0.11055,0.05089,-0.00610,
1630698740092830976,2.97279,0.53008,0.16955,0.99920,-0.02662,0.01559,-0.02547,-0.11374,0.09716,0.05982,
1630698740159502848,2.96546,0.53268,0.17174,0.99937,-0.02123,0.00963,-0.02664,-0.09297,-0.03824,0.01382,
1630698740226173696,2.95864,0.53210,0.17286,0.99961,-0.00645,0.00751,-0.02622,-0.09937,-0.00546,0.01953,
1630698740292845568,2.95099,0.53157,0.17394,0.99959,-0.01081,0.01071,-0.02431,-0.11629,-0.02584,-0.03645,
1630698740359516160,2.94208,0.53112,0.17192,0.99958,-0.01528,0.01088,-0.02208,-0.14585,-0.01862,0.01469,
1630698740426188032,2.93039,0.52812,0.17251,0.99971,-0.00807,0.00554,-0.02200,-0.18186,-0.11798,-0.00093,
1630698740492858880,2.91647,0.52145,0.17399,0.99963,0.00026,0.00569,-0.02644,-0.20410,-0.14829,0.09225,
1630698740559530752,2.90326,0.51424,0.17746,0.99958,-0.00469,0.00195,-0.02861,-0.14817,-0.04732,-0.03409,
1630698740626201600,2.89266,0.51085,0.17355,0.99935,-0.02024,0.00450,-0.02955,-0.15278,-0.06807,-0.05510,
1630698740692873472,2.87970,0.50792,0.17061,0.99941,-0.01240,0.01214,-0.02972,-0.15759,-0.04612,-0.08036,
1630698740759544320,2.86834,0.50575,0.16639,0.99936,-0.00916,0.01688,-0.03021,-0.16771,-0.04121,-0.02511,
1630698740826216192,2.85666,0.50671,0.16423,0.99941,-0.01177,0.01640,-0.02785,-0.16204,0.05770,-0.02986,
1630698740892887040,2.84591,0.51080,0.16582,0.99943,-0.01777,0.02005,-0.02037,-0.13919,0.16128,0.08487,
1630698740959558912,2.83727,0.51759,0.16960,0.99955,-0.02175,0.01343,-0.01551,-0.11567,-0.02599,0.05689,
1630698741026230016,2.82902,0.51622,0.16899,0.99970,-0.01095,0.01054,-0.01936,-0.11308,-0.03226,-0.02353,
1630698741092901120,2.81977,0.51432,0.16840,0.99965,-0.01236,0.01227,-0.01987,-0.13761,-0.02582,-0.02251,
1630698741159571200,2.80988,0.51264,0.16699,0.99971,-0.01062,0.01136,-0.01853,-0.16279,-0.04555,0.01141,
1630698741226242560,2.79711,0.50743,0.16737,0.99979,-0.00160,0.00555,-0.01974,-0.20689,-0.13164,0.01239,
1630698741292912384,2.78162,0.49930,0.16863,0.99966,0.00563,0.00560,-0.02477,-0.23833,-0.19245,0.09035,
1630698741359583744,2.76583,0.48845,0.17257,0.99955,-0.00291,0.00359,-0.02965,-0.17465,-0.07329,0.01107,
1630698741426255104,2.75500,0.48444,0.16972,0.99934,-0.02096,0.00755,-0.02856,-0.15741,-0.06636,-0.03819,
1630698741492924672,2.74359,0.48032,0.16786,0.99944,-0.01259,0.01537,-0.02690,-0.14323,-0.05742,-0.08163,
1630698741559596032,2.73383,0.47711,0.16318,0.99934,-0.00779,0.02208,-0.02763,-0.14197,-0.06372,-0.01449,
1630698741626266112,2.72517,0.47620,0.16233,0.99935,-0.01326,0.02226,-0.02518,-0.12250,0.03833,-0.00833,
1630698741692937472,2.71792,0.47967,0.16210,0.99920,-0.02109,0.02594,-0.02199,-0.10377,0.09424,0.10253,
1630698741759607296,2.71144,0.48482,0.16744,0.99947,-0.02119,0.01736,-0.01763,-0.09296,-0.01622,0.08937,
1630698741826278144,2.70547,0.48318,0.17050,0.99966,-0.00955,0.01015,-0.02211,-0.07540,-0.03793,-0.01048,
1630698741892948480,2.70010,0.48064,0.17039,0.99962,-0.00984,0.01221,-0.02270,-0.10213,-0.03082,-0.02374,
1630698741959619584,2.69120,0.47868,0.16981,0.99964,-0.01125,0.01101,-0.02160,-0.12945,-0.03916,0.00844,
1630698742026289664,2.68104,0.47381,0.17119,0.99974,-0.00251,0.00526,-0.02199,-0.16913,-0.11253,0.01775,
1630698742092960512,2.66786,0.46585,0.17349,0.99968,0.00525,0.00401,-0.02445,-0.21834,-0.17577,0.08774,
1630698742159630848,2.65355,0.45559,0.17846,0.99955,-0.00021,0.00304,-0.02972,-0.18075,-0.06690,0.02635,
1630698742226301952,2.64322,0.45081,0.17736,0.99945,-0.01724,0.00561,-0.02779,-0.14911,-0.05932,-0.05117,
1630698742292972032,2.63280,0.44787,0.17619,0.99951,-0.01235,0.01284,-0.02591,-0.14772,-0.05921,-0.08792,
1630698742359642880,2.62216,0.44295,0.17044,0.99940,-0.00537,0.02125,-0.02682,-0.15184,-0.07949,-0.02922,
1630698742426313216,2.61227,0.44038,0.16827,0.99939,-0.00852,0.02201,-0.02569,-0.13613,0.02085,-0.01939,
1630698742492984320,2.60263,0.44293,0.16693,0.99924,-0.01954,0.02437,-0.02346,-0.11072,0.05499,0.04201,
1630698742559654400,2.59647,0.44892,0.17257,0.99946,-0.02019,0.02025,-0.01589,-0.10299,-0.00363,0.09295,
1630698742626325248,2.59063,0.44658,0.17491,0.99971,-0.00638,0.01103,-0.02041,-0.07448,-0.04713,-0.01780,
1630698742692995584,2.58327,0.44488,0.17397,0.99971,-0.00582,0.01318,-0.01918,-0.11315,-0.01408,-0.02214,
1630698742759666688,2.57476,0.44286,0.17244,0.99963,-0.01406,0.01462,-0.01811,-0.13433,-0.03317,-0.01667,
1630698742826337536,2.56479,0.43935,0.17380,0.99979,-0.00637,0.00886,-0.01711,-0.17165,-0.10218,0.03044,
1630698742893007872,2.55168,0.43119,0.17473,0.99978,0.00215,0.00619,-0.01972,-0.21186,-0.14827,0.05243,
1630698742959678976,2.53741,0.42043,0.17823,0.99961,0.00154,0.00708,-0.02683,-0.18608,-0.09502,0.02571,
1630698743026348800,2.52619,0.41599,0.17686,0.99955,-0.01400,0.00765,-0.02521,-0.14330,-0.05675,-0.05665,
1630698743093020160,2.51443,0.41173,0.17591,0.99951,-0.01399,0.01374,-0.02442,-0.14985,-0.05268,-0.04788,
1630698743159690496,2.50572,0.40892,0.16993,0.99941,-0.00712,0.02268,-0.02469,-0.13486,-0.06558,-0.03722,
1630698743226361600,2.49673,0.40615,0.16797,0.99937,-0.00958,0.02375,-0.02464,-0.12626,0.02077,0.00208,
1630698743293031680,2.48803,0.40709,0.16644,0.99920,-0.02065,0.02614,-0.02204,-0.10342,0.05556,0.04303,
1630698743359702784,2.48210,0.41256,0.17205,0.99940,-0.02190,0.02264,-0.01424,-0.10491,0.01235,0.11214,
1630698743426373120,2.47629,0.41070,0.17601,0.99971,-0.00919,0.01159,-0.01920,-0.07406,-0.03213,0.01281,
1630698743493044224,2.46978,0.40877,0.17562,0.99975,-0.00501,0.01227,-0.01813,-0.10268,-0.00920,-0.00481,
1630698743559714304,2.46202,0.40753,0.17428,0.99968,-0.01210,0.01422,-0.01717,-0.12486,-0.01269,-0.00318,
1630698743626385408,2.45294,0.40534,0.17452,0.99979,-0.00771,0.01023,-0.01576,-0.15519,-0.06731,0.02766,
1630698743693055744,2.44135,0.39834,0.17503,0.99982,0.00032,0.00695,-0.01748,-0.18916,-0.12915,0.02234,
1630698743759727104,2.42810,0.38904,0.17830,0.99964,0.00329,0.00825,-0.02542,-0.18231,-0.08869,0.02379,
1630698743826397184,2.41709,0.38561,0.17877,0.99959,-0.01480,0.00633,-0.02357,-0.12943,-0.04424,-0.05694,
1630698743893068288,2.40700,0.38207,0.17742,0.99947,-0.02043,0.00929,-0.02369,-0.14697,-0.04880,-0.03705,
1630698743959738368,2.39811,0.37875,0.17227,0.99947,-0.01122,0.01913,-0.02374,-0.13206,-0.06915,-0.06958,
1630698744026409728,2.38845,0.37345,0.17037,0.99941,-0.00943,0.02147,-0.02524,-0.13678,-0.02049,-0.00627,
1630698744093080832,2.38069,0.37320,0.16802,0.99929,-0.01922,0.02302,-0.02295,-0.10996,0.01780,0.00606,
1630698744159750912,2.37322,0.37700,0.17173,0.99934,-0.02198,0.02514,-0.01417,-0.11128,0.04319,0.09144,
1630698744226422016,2.36686,0.37543,0.17700,0.99971,-0.00956,0.01261,-0.01807,-0.09385,-0.06311,0.03615,
1630698744293092352,2.36002,0.37223,0.17657,0.99976,-0.00423,0.01053,-0.01866,-0.11319,-0.02282,-0.00817,
1630698744359763200,2.35268,0.36990,0.17462,0.99966,-0.01231,0.01459,-0.01764,-0.13306,-0.02352,-0.01707,
1630698744426433280,2.34300,0.36843,0.17374,0.99972,-0.01116,0.01175,-0.01707,-0.16390,-0.05585,0.04393,
1630698744493104384,2.33127,0.36231,0.17516,0.99978,-0.00336,0.00713,-0.01948,-0.19144,-0.12108,-0.00477,
1630698744559774720,2.31693,0.35391,0.17895,0.99972,0.00277,0.00525,-0.02295,-0.22204,-0.16328,0.08779,
1630698744626445824,2.30308,0.34642,0.18269,0.99965,-0.00922,0.00301,-0.02460,-0.16724,-0.06140,0.01146,
1630698744693115904,2.29251,0.34257,0.18072,0.99950,-0.01967,0.00608,-0.02388,-0.16579,-0.03184,-0.00621,
1630698744759787008,2.28158,0.34197,0.17787,0.99955,-0.01515,0.01191,-0.02278,-0.17197,-0.01904,-0.03887,
1630698744826457088,2.26951,0.34113,0.17421,0.99949,-0.01669,0.01263,-0.02395,-0.18411,0.01661,0.01985,
1630698744893128192,2.25736,0.34654,0.17337,0.99946,-0.02318,0.00951,-0.02146,-0.19730,0.10842,-0.00578,
1630698744959798272,2.24470,0.35534,0.17539,0.99932,-0.03084,0.01087,-0.01731,-0.19459,0.18294,0.09669,
1630698745026469376,2.23374,0.36581,0.18052,0.99951,-0.02750,0.00961,-0.01184,-0.14780,0.05697,0.06487,
1630698745093139712,2.22513,0.36805,0.18102,0.99968,-0.01849,0.00933,-0.01418,-0.12468,0.03068,0.00404,
1630698745159810816,2.21546,0.36958,0.18226,0.99960,-0.02026,0.01343,-0.01456,-0.14437,0.02878,0.00376,
1630698745226480640,2.20616,0.37005,0.18028,0.99959,-0.01969,0.01476,-0.01477,-0.14554,0.00280,0.04587,
1630698745293151744,2.19572,0.36717,0.18150,0.99972,-0.01230,0.01097,-0.01695,-0.15852,-0.08168,0.03585,
1630698745359822080,2.18369,0.36101,0.18259,0.99979,-0.00515,0.00822,-0.01831,-0.19776,-0.07844,0.12369,
1630698745426493184,2.17021,0.35134,0.18635,0.99966,-0.00763,0.00742,-0.02381,-0.18484,-0.05292,0.07986,
1630698745493164032,2.16064,0.34832,0.18626,0.99964,-0.01346,0.00746,-0.02204,-0.12477,-0.00641,-0.04379,
1630698745559834368,2.15248,0.34601,0.18259,0.99956,-0.01284,0.01317,-0.02326,-0.15135,-0.01018,0.01052,
1630698745626505472,2.14220,0.34618,0.17978,0.99951,-0.01159,0.01612,-0.02412,-0.14584,0.01189,0.00557,
1630698745693175552,2.13193,0.34800,0.17919,0.99948,-0.01572,0.01466,-0.02388,-0.15434,0.08137,0.01600,
1630698745759846400,2.12070,0.35419,0.17773,0.99942,-0.02164,0.01270,-0.02298,-0.17862,0.12229,0.02509,
1630698745826516736,2.10683,0.36423,0.18425,0.99951,-0.02530,0.01181,-0.01407,-0.18121,0.18289,0.10082,
1630698745893187840,2.09474,0.37060,0.18909,0.99963,-0.02284,0.00783,-0.01278,-0.13435,-0.00114,-0.01394,
1630698745959857664,2.08612,0.37081,0.18418,0.99975,-0.01500,0.00936,-0.01336,-0.17402,0.02600,0.04208,
1630698746026528768,2.07483,0.37050,0.18200,0.99963,-0.01930,0.01402,-0.01269,-0.17605,-0.02786,-0.01303,
1630698746093199104,2.06238,0.36793,0.18145,0.99976,-0.01324,0.01119,-0.01360,-0.20527,-0.08329,0.06963,
1630698746159870208,2.04734,0.35956,0.18239,0.99984,-0.00254,0.00521,-0.01705,-0.24175,-0.15833,0.02161,
1630698746226540288,2.02867,0.34799,0.18584,0.99976,0.00574,0.00301,-0.02088,-0.27955,-0.26775,0.11154,
1630698746293211392,2.01085,0.33610,0.18335,0.99958,0.00061,0.00308,-0.02895,-0.20916,-0.07854,0.01464,
1630698746359881728,1.99979,0.33150,0.17914,0.99939,-0.01804,0.00967,-0.02824,-0.18261,-0.05159,-0.05558,
1630698746426552832,1.98709,0.32806,0.17525,0.99935,-0.01856,0.01412,-0.02738,-0.17877,-0.03045,-0.06965,
1630698746493222656,1.97583,0.32557,0.16907,0.99929,-0.01461,0.02108,-0.02751,-0.17284,-0.00681,-0.03860,
1630698746559893760,1.96396,0.32651,0.16789,0.99928,-0.01689,0.02062,-0.02703,-0.17983,0.05518,-0.02041,
1630698746626564096,1.95299,0.33200,0.16583,0.99920,-0.02390,0.02182,-0.02336,-0.15798,0.17518,0.06490,
1630698746693235200,1.94367,0.34202,0.17172,0.99934,-0.02878,0.01778,-0.01304,-0.12350,0.04810,0.06879,
1630698746759906304,1.93651,0.34346,0.17572,0.99966,-0.01700,0.00994,-0.01698,-0.08155,-0.01394,0.00480,
1630698746826576384,1.92958,0.34121,0.17320,0.99970,-0.01018,0.01198,-0.01852,-0.10709,-0.00524,-0.01875,
1630698746893247488,1.92338,0.34093,0.17016,0.99962,-0.01365,0.01504,-0.01867,-0.11134,-0.00566,-0.01188,
1630698746959917824,1.91455,0.33907,0.17137,0.99973,-0.00694,0.01051,-0.01943,-0.13516,-0.07433,0.00900,
1630698747026588672,1.90477,0.33290,0.17066,0.99972,0.00031,0.00901,-0.02179,-0.17357,-0.09021,0.07383,
1630698747093259008,1.89336,0.32391,0.17561,0.99950,-0.00181,0.00999,-0.03007,-0.15599,-0.08522,0.05984,
1630698747159930112,1.88433,0.32154,0.17902,0.99957,-0.01379,0.00557,-0.02533,-0.10706,-0.02356,-0.02834,
1630698747226600448,1.87633,0.31943,0.17707,0.99943,-0.02057,0.01042,-0.02458,-0.11503,-0.03261,-0.03028,
1630698747293271552,1.86837,0.31765,0.17356,0.99944,-0.01507,0.01693,-0.02454,-0.10731,-0.04200,-0.04340,
1630698747359941632,1.86190,0.31406,0.17340,0.99941,-0.01447,0.01810,-0.02554,-0.10887,-0.00569,-0.00245,
1630698747426612736,1.85501,0.31574,0.17315,0.99943,-0.01682,0.01727,-0.02366,-0.09691,0.04587,-0.01703,
1630698747493283072,1.84862,0.31981,0.17439,0.99942,-0.01846,0.01858,-0.02154,-0.10573,0.14989,0.13417,
1630698747559954176,1.84124,0.32719,0.18203,0.99956,-0.02198,0.01004,-0.01739,-0.10106,-0.00324,0.04918,
1630698747626624256,1.83411,0.32718,0.18188,0.99962,-0.01467,0.00713,-0.02218,-0.09863,-0.02403,-0.04432,
1630698747693295360,1.82585,0.32640,0.18125,0.99964,-0.01421,0.00915,-0.02105,-0.13766,-0.01209,-0.02970,
1630698747759965952,1.81614,0.32460,0.17901,0.99965,-0.01412,0.01036,-0.01980,-0.16173,-0.05138,-0.01033,
1630698747826637056,1.80345,0.31940,0.18034,0.99977,-0.00420,0.00402,-0.02071,-0.21021,-0.14645,0.00608,
1630698747893307136,1.78794,0.30965,0.17924,0.99975,0.00306,-0.00041,-0.02217,-0.26798,-0.17339,0.00414,
1630698747959978240,1.76847,0.29548,0.18433,0.99959,0.00393,-0.00286,-0.02817,-0.26032,-0.20625,0.01979,
1630698748026648576,1.75267,0.28718,0.18239,0.99957,-0.00450,0.00330,-0.02889,-0.19186,-0.08905,-0.10515,
1630698748093319680,1.73778,0.28331,0.17835,0.99941,-0.01691,0.01100,-0.02789,-0.22913,-0.06950,-0.02556,
1630698748159990784,1.72381,0.28082,0.17421,0.99941,-0.01153,0.01693,-0.02758,-0.19398,-0.02792,-0.07441,
1630698748226661120,1.71006,0.28258,0.17071,0.99935,-0.01291,0.01919,-0.02767,-0.21214,0.04817,-0.00009,
1630698748293332224,1.69639,0.28922,0.17024,0.99934,-0.02153,0.01418,-0.02577,-0.21037,0.13667,0.00588,
1630698748360002560,1.68362,0.30098,0.17162,0.99914,-0.03439,0.01387,-0.01839,-0.18592,0.26869,0.12349,
1630698748426673920,1.67400,0.31240,0.17709,0.99933,-0.03356,0.00854,-0.01183,-0.14366,0.05305,0.09956,
1630698748493344000,1.66556,0.31583,0.17869,0.99968,-0.01891,0.00642,-0.01583,-0.10966,-0.00311,-0.04061,
1630698748560015104,1.65563,0.31711,0.17844,0.99966,-0.01606,0.00894,-0.01874,-0.13474,-0.00084,-0.02659,
1630698748626685440,1.64685,0.31726,0.17497,0.99960,-0.01750,0.01329,-0.01793,-0.14335,-0.00101,-0.01080,
1630698748693356800,1.63543,0.31522,0.17606,0.99971,-0.01205,0.00971,-0.01839,-0.17452,-0.08709,-0.00721,
1630698748760026880,1.62257,0.30891,0.17595,0.99971,-0.00477,0.00917,-0.02159,-0.19442,-0.13791,0.03628,
1630698748826697984,1.60867,0.29815,0.18108,0.99943,-0.00045,0.00967,-0.03230,-0.18915,-0.10264,0.09582,
1630698748893368320,1.59932,0.29473,0.18406,0.99947,-0.01366,0.00362,-0.02940,-0.11849,-0.04235,0.00896,
1630698748960039680,1.59027,0.29280,0.18378,0.99932,-0.02161,0.00877,-0.02858,-0.13395,-0.03538,-0.02409,
1630698749026709760,1.58300,0.29058,0.17942,0.99936,-0.01460,0.01623,-0.02827,-0.11667,-0.06465,-0.02547,
1630698749093380864,1.57435,0.28930,0.17809,0.99929,-0.01392,0.01797,-0.02997,-0.12011,-0.00671,0.00011,
1630698749160051200,1.56684,0.29024,0.17639,0.99933,-0.01422,0.01948,-0.02770,-0.11122,0.01920,-0.01142,
1630698749226722560,1.56027,0.29531,0.17951,0.99936,-0.01685,0.02199,-0.02274,-0.09312,0.10718,0.08703,
1630698749293392640,1.55397,0.29838,0.18391,0.99944,-0.02033,0.01454,-0.02215,-0.08538,-0.01644,0.04296,
1630698749360063744,1.54899,0.29711,0.18300,0.99947,-0.01617,0.01378,-0.02474,-0.08603,-0.00917,0.00425,
1630698749426735104,1.54200,0.29669,0.18265,0.99946,-0.01716,0.01554,-0.02312,-0.11044,-0.01026,-0.00332,
1630698749493405440,1.53482,0.29422,0.18236,0.99956,-0.01340,0.01333,-0.02295,-0.12603,-0.04887,0.03612,
1630698749560076544,1.52524,0.28915,0.18427,0.99964,-0.00578,0.00852,-0.02489,-0.15440,-0.11017,0.00449,
1630698749626746624,1.51195,0.28227,0.18761,0.99966,-0.00301,0.00411,-0.02548,-0.21193,-0.12448,0.10504,
1630698749693417984,1.49617,0.26937,0.19464,0.99927,-0.00623,0.00170,-0.03768,-0.20422,-0.15429,0.03257,
1630698749760088320,1.48645,0.26484,0.19356,0.99930,-0.01114,0.00468,-0.03530,-0.14436,-0.04888,-0.07473,
1630698749826759424,1.47548,0.26232,0.18996,0.99916,-0.01741,0.01034,-0.03555,-0.17881,-0.04550,0.00421,
1630698749893429504,1.46475,0.26197,0.18697,0.99919,-0.01452,0.01389,-0.03487,-0.16066,-0.00110,-0.05085,
1630698749960100864,1.45441,0.26421,0.18471,0.99914,-0.01759,0.01365,-0.03511,-0.17518,0.05988,0.01526,
1630698750026770944,1.44296,0.27098,0.18434,0.99908,-0.02460,0.01041,-0.03362,-0.18760,0.11956,-0.02104,
1630698750093442304,1.43035,0.28112,0.18654,0.99907,-0.03030,0.00906,-0.02929,-0.18854,0.23113,0.09020,
1630698750160112640,1.42064,0.29169,0.18889,0.99928,-0.03048,0.00729,-0.02159,-0.13717,0.04178,-0.00406,
1630698750226783744,1.41362,0.29339,0.18664,0.99938,-0.02274,0.00950,-0.02523,-0.11522,-0.00410,-0.04515,
1630698750293454080,1.40529,0.29430,0.18616,0.99946,-0.01944,0.01055,-0.02449,-0.13727,-0.01096,-0.02263,
1630698750360125184,1.39613,0.29226,0.18427,0.99949,-0.01716,0.01134,-0.02437,-0.14365,-0.05232,0.00841,
1630698750426795776,1.38502,0.28707,0.18585,0.99962,-0.00932,0.00669,-0.02497,-0.17933,-0.12186,0.00286,
1630698750493466880,1.37116,0.27858,0.18575,0.99966,-0.00213,0.00176,-0.02580,-0.23555,-0.15112,0.02336,
1630698750560137216,1.35425,0.26491,0.18897,0.99941,0.00590,-0.00153,-0.03387,-0.23430,-0.27462,0.10724,
1630698750626808320,1.34128,0.25647,0.19094,0.99930,0.00029,-0.00249,-0.03727,-0.14653,-0.03696,-0.04603,
1630698750693478656,1.33246,0.25426,0.18740,0.99917,-0.01965,0.00369,-0.03554,-0.14349,-0.03212,-0.04187,
1630698750760150016,1.32231,0.25150,0.18420,0.99923,-0.01791,0.00868,-0.03382,-0.12795,-0.01796,-0.09994,
1630698750826821376,1.31419,0.24851,0.17808,0.99918,-0.01131,0.01745,-0.03485,-0.13039,-0.03024,-0.03875,
1630698750893491456,1.30536,0.24749,0.17638,0.99919,-0.01345,0.01698,-0.03404,-0.12897,0.04793,-0.01521,
1630698750960162816,1.29797,0.25077,0.17461,0.99918,-0.01861,0.01890,-0.03044,-0.08260,0.09466,-0.01097,
1630698751026833152,1.29172,0.25921,0.18002,0.99931,-0.02662,0.01560,-0.02061,-0.09366,0.08553,0.07623,
1630698751093504256,1.28656,0.26080,0.18376,0.99949,-0.01901,0.00701,-0.02476,-0.05412,-0.01277,-0.02564,
1630698751160174336,1.28173,0.26044,0.18278,0.99956,-0.01280,0.01001,-0.02485,-0.08174,0.02831,-0.01726,
1630698751226845440,1.27553,0.26158,0.18095,0.99944,-0.01810,0.01435,-0.02404,-0.08509,0.01466,-0.05342,
1630698751293515776,1.26926,0.26181,0.18109,0.99953,-0.01466,0.01231,-0.02395,-0.10519,-0.02389,0.02326,
1630698751360186880,1.26207,0.25831,0.18117,0.99954,-0.00985,0.01130,-0.02651,-0.11201,-0.05728,-0.02519,
1630698751426856960,1.25254,0.25517,0.18392,0.99962,-0.00894,0.00912,-0.02460,-0.16227,-0.11068,0.09231,
1630698751493528320,1.24203,0.24984,0.18713,0.99953,-0.01218,0.00454,-0.02768,-0.14454,-0.05147,0.01812,
1630698751560198656,1.23369,0.24833,0.18445,0.99949,-0.01608,0.00706,-0.02679,-0.12727,-0.00222,-0.05959,
1630698751626869760,1.22371,0.24834,0.18374,0.99949,-0.01356,0.01071,-0.02699,-0.15774,0.00247,-0.03489,
1630698751693539840,1.21299,0.24966,0.18174,0.99943,-0.01625,0.00989,-0.02790,-0.16729,0.03175,-0.01273,
1630698751760210944,1.20120,0.25545,0.18233,0.99933,-0.02398,0.00526,-0.02720,-0.19079,0.12341,-0.00770,
1630698751826881280,1.18772,0.26549,0.17961,0.99914,-0.03223,0.00166,-0.02600,-0.23836,0.14789,0.03576,
1630698751893552384,1.17263,0.28003,0.18214,0.99936,-0.03274,0.00395,-0.01373,-0.21275,0.19348,-0.00457,
1630698751960222464,1.15942,0.28515,0.18199,0.99949,-0.02821,0.00461,-0.01420,-0.16254,0.03685,-0.06023,
1630698752026893568,1.14738,0.28733,0.18079,0.99962,-0.02077,0.00868,-0.01609,-0.19167,-0.00363,-0.01257,
1630698752093564672,1.13371,0.28575,0.17922,0.99957,-0.02013,0.00959,-0.01896,-0.19681,-0.03535,-0.04498,
1630698752160235008,1.11937,0.28173,0.17871,0.99973,-0.01240,0.00677,-0.01867,-0.23299,-0.09501,-0.00053,
1630698752226906112,1.10075,0.27125,0.17984,0.99980,0.00016,-0.00044,-0.01997,-0.28814,-0.17645,-0.01085,
1630698752293576192,1.07984,0.25803,0.17975,0.99969,0.00957,-0.00566,-0.02226,-0.32413,-0.27856,0.03280,
1630698752360247296,1.05937,0.23809,0.18508,0.99926,0.01236,-0.00376,-0.03618,-0.24608,-0.16054,0.00838,
1630698752426917632,1.04723,0.23126,0.18426,0.99938,-0.00405,0.00176,-0.03486,-0.15513,-0.04228,-0.07238,
1630698752493588480,1.03539,0.22793,0.18138,0.99914,-0.02572,0.00742,-0.03182,-0.17348,-0.04457,-0.02910,
1630698752560258560,1.02536,0.22516,0.17597,0.99923,-0.01728,0.01621,-0.03142,-0.12480,-0.04836,-0.10003,
1630698752626929664,1.01598,0.22175,0.17154,0.99909,-0.01317,0.02264,-0.03358,-0.13953,-0.01141,-0.01863,
1630698752693600000,1.00779,0.22343,0.17094,0.99916,-0.01918,0.01987,-0.03038,-0.11089,0.06572,0.01965,
1630698752760271104,1.00214,0.22805,0.17208,0.99910,-0.02385,0.02093,-0.02822,-0.06249,0.13204,0.08421,
1630698752826941184,0.99780,0.23752,0.17990,0.99927,-0.02988,0.01296,-0.02019,-0.07366,0.07526,0.12625,
1630698752893612288,0.99436,0.23969,0.18507,0.99943,-0.02255,0.00404,-0.02469,-0.04396,0.00776,0.01056,
1630698752960282624,0.99008,0.24137,0.18482,0.99950,-0.01698,0.00703,-0.02574,-0.06689,0.00300,-0.03042,
1630698753026953728,0.98590,0.24126,0.18324,0.99931,-0.02279,0.01194,-0.02684,-0.07560,0.02141,-0.02756,
1630698753093623552,0.98015,0.24281,0.18295,0.99940,-0.01942,0.00959,-0.02714,-0.09197,-0.01812,0.00271,
1630698753160294656,0.97353,0.24003,0.18263,0.99934,-0.01682,0.01016,-0.03054,-0.10545,-0.04767,-0.01844,
1630698753226964992,0.96552,0.23686,0.18471,0.99941,-0.01397,0.00780,-0.03030,-0.14823,-0.10244,0.12136,
1630698753293636096,0.95674,0.23107,0.19033,0.99933,-0.01331,0.00404,-0.03378,-0.13038,-0.01582,0.05138,
1630698753360306176,0.94856,0.23066,0.19100,0.99940,-0.01767,0.00259,-0.02969,-0.11723,0.00052,-0.05975,
1630698753426977280,0.93914,0.23012,0.18880,0.99945,-0.01500,0.00719,-0.02872,-0.14808,0.01571,-0.04087,
1630698753493648640,0.92912,0.23157,0.18699,0.99939,-0.01760,0.00649,-0.02956,-0.15953,0.03918,-0.00549,
1630698753560318720,0.91808,0.23716,0.18630,0.99931,-0.02380,0.00418,-0.02838,-0.18771,0.11557,-0.01518,
1630698753626989824,0.90429,0.24616,0.18509,0.99909,-0.03183,-0.00099,-0.02850,-0.23557,0.14003,-0.02074,
1630698753693659904,0.88878,0.25949,0.18628,0.99912,-0.03657,-0.00206,-0.02054,-0.22817,0.27915,0.08063,
1630698753760331008,0.87634,0.27053,0.19240,0.99925,-0.03616,-0.00501,-0.01308,-0.18384,0.04321,0.03447,
1630698753827001088,0.86508,0.27024,0.19186,0.99946,-0.02505,-0.00452,-0.02058,-0.17304,-0.01271,-0.05294,
1630698753893672192,0.85116,0.26982,0.19139,0.99960,-0.01746,-0.00303,-0.02225,-0.21089,-0.02643,-0.03136,
1630698753960342272,0.83602,0.26711,0.18856,0.99960,-0.01637,0.00028,-0.02310,-0.23462,-0.06695,-0.03862,
1630698754027013632,0.81871,0.26095,0.18726,0.99971,-0.00678,-0.00431,-0.02267,-0.29976,-0.13508,-0.00288,
1630698754093683456,0.79657,0.24908,0.18511,0.99961,0.00806,-0.01291,-0.02348,-0.36562,-0.23176,-0.02489,
1630698754160354304,0.77065,0.23083,0.18456,0.99926,0.01518,-0.01494,-0.03210,-0.37380,-0.35302,0.03634,
1630698754227024640,0.74800,0.21454,0.18713,0.99890,0.00925,-0.01407,-0.04370,-0.31217,-0.21002,0.06305,
1630698754293695744,0.72789,0.20389,0.19186,0.99875,-0.00083,-0.01473,-0.04775,-0.28296,-0.09821,0.01598,
1630698754360365824,0.70800,0.20077,0.19179,0.99880,-0.02188,-0.01382,-0.04164,-0.29342,-0.03336,-0.10613,
1630698754427036928,0.68804,0.19633,0.18500,0.99900,-0.01324,-0.00778,-0.04190,-0.31179,-0.12905,-0.07825,
1630698754493707264,0.66495,0.19086,0.18426,0.99871,-0.00226,-0.00828,-0.04998,-0.36697,-0.05798,-0.03756,
1630698754560378368,0.63669,0.19133,0.18350,0.99853,-0.00791,-0.02316,-0.04833,-0.45077,0.03371,-0.07022,
1630698754627048192,0.60554,0.19462,0.18364,0.99825,-0.02222,-0.03174,-0.04463,-0.42920,0.13101,0.14622,
1630698754693719296,0.58030,0.20161,0.19335,0.99795,-0.02970,-0.04455,-0.03515,-0.39095,0.11065,0.11617,
1630698754760390400,0.55746,0.20034,0.19158,0.99796,-0.01786,-0.05010,-0.03544,-0.41009,-0.04711,-0.03362,
1630698754827060736,0.52777,0.19484,0.17414,0.99780,-0.01792,-0.04844,-0.04156,-0.51637,-0.03333,-0.38343,
1630698754893731840,0.48390,0.19185,0.15218,0.99734,-0.02374,-0.05795,-0.03742,-0.75890,-0.06381,-0.41793,
1630698754960401664,0.43700,0.18162,0.11500,0.99886,0.00558,-0.03706,-0.02943,-0.73403,-0.28007,-0.57171,
1630698755027073024,0.39201,0.15167,0.08574,0.99715,0.04982,-0.02505,-0.05080,-0.69587,-0.33371,0.24467,
1630698755093743104,0.35250,0.13262,0.09576,0.99548,0.02082,-0.03555,-0.08551,-0.56143,-0.21681,0.18467,
1630698755160414208,0.31499,0.12095,0.11878,0.99216,-0.01771,-0.04493,-0.11522,-0.57138,-0.16229,0.41604,
