1630698550081125632,0.00056,-0.00208,0.02221,0.99998,0.00521,0.00250,0.00028,-0.00051,0.00479,-0.00672,0.00185,-0.00822,0.16469,0.00000,0.00000,0.00000,
1630698550147794944,0.00050,-0.00208,0.02230,0.99998,0.00624,0.00201,0.00030,0.00040,-0.00130,-0.00614,0.00186,-0.00808,0.16467,0.00000,0.00000,0.00000,
1630698550214465280,0.00134,-0.00217,0.02109,0.99997,0.00736,0.00170,0.00022,0.00278,0.00140,-0.00519,0.00185,-0.00807,0.16466,0.00000,0.00000,0.00000,
1630698550281134848,0.00125,-0.00210,0.02102,0.99997,0.00828,0.00109,0.00027,0.00240,0.00067,-0.00443,0.00186,-0.00810,0.16467,0.00000,0.00000,0.00000,
1630698550347804928,0.00116,-0.00230,0.02100,0.99996,0.00936,0.00047,0.00028,0.00236,-0.00067,-0.00428,0.00188,-0.00810,0.16464,0.00000,0.00000,0.00000,
1630698550414474240,0.00113,-0.00230,0.02103,0.99995,0.01034,-0.00018,0.00031,0.00150,0.00142,-0.00384,0.00188,-0.00812,0.16466,0.00000,0.00000,0.00000,
1630698550481144320,0.00108,-0.00234,0.02113,0.99994,0.01132,-0.00080,0.00031,0.00133,-0.00088,-0.00359,0.00186,-0.00814,0.16461,0.00000,0.00000,0.00000,
1630698550547813888,0.00095,-0.00240,0.02116,0.99992,0.01236,-0.00144,0.00032,0.00098,0.00068,-0.00354,0.00187,-0.00808,0.16464,0.00000,0.00000,0.00000,
1630698550614484224,0.00090,-0.00241,0.02108,0.99991,0.01338,-0.00213,0.00036,0.00124,-0.00029,-0.00323,0.00184,-0.00815,0.16460,0.00000,0.00000,0.00000,
1630698550681153536,0.00091,-0.00246,0.02108,0.99989,0.01440,-0.00283,0.00034,0.00118,0.00017,-0.00327,0.00184,-0.00811,0.16460,0.00000,0.00000,0.00000,
1630698550747823616,0.00090,-0.00248,0.02102,0.99988,0.01540,-0.00357,0.00038,0.00075,0.00071,-0.00301,0.00184,-0.00809,0.16462,0.00000,0.00000,0.00000,
1630698550814494208,0.00084,-0.00249,0.02102,0.99986,0.01643,-0.00428,0.00039,0.00062,0.00024,-0.00318,0.00184,-0.00809,0.16462,0.00000,0.00000,0.00000,
1630698550881163776,0.00076,-0.00255,0.02104,0.99983,0.01745,-0.00507,0.00042,0.00061,0.00062,-0.00322,0.00182,-0.00809,0.16460,0.00000,0.00000,0.00000,
1630698550947834368,0.00061,-0.00265,0.02107,0.99981,0.01848,-0.00587,0.00046,0.00006,0.00012,-0.00295,0.00182,-0.00808,0.16459,0.00000,0.00000,0.00000,
1630698551014504192,0.00057,-0.00271,0.02102,0.99979,0.01947,-0.00669,0.00048,0.00027,0.00049,-0.00310,0.00179,-0.00818,0.16450,0.00000,0.00000,0.00000,
1630698551081174784,0.00061,-0.00270,0.02101,0.99976,0.02044,-0.00752,0.00050,0.00057,0.00089,-0.00328,0.00182,-0.00808,0.16458,0.00000,0.00000,0.00000,
1630698551147844608,0.00050,-0.00280,0.02095,0.99973,0.02145,-0.00840,0.00055,0.00070,0.00091,-0.00310,0.00181,-0.00807,0.16457,0.00000,0.00000,0.00000,
1630698551214515200,0.00032,-0.00293,0.02112,0.99970,0.02244,-0.00929,0.00060,0.00044,0.00070,-0.00290,0.00180,-0.00808,0.16457,0.00000,0.00000,0.00000,
1630698551281185024,0.00021,-0.00298,0.02116,0.99968,0.02323,-0.01005,0.00063,0.00028,0.00089,-0.00293,0.00176,-0.00790,0.16506,0.00000,0.00000,0.00000,
1630698551347855616,0.00024,-0.00300,0.02108,0.99965,0.02410,-0.01066,0.00068,-0.00021,0.00317,0.00283,0.00182,-0.00733,0.16888,0.00000,0.00000,0.00000,
1630698551414524928,0.00009,-0.00257,0.02429,0.99968,0.02199,-0.01284,0.00085,-0.00425,0.00391,0.06281,0.00151,-0.00745,0.17398,0.00000,0.00000,0.00000,
1630698551481195776,-0.00059,-0.00241,0.02874,0.99964,0.02155,-0.01627,0.00067,-0.01236,-0.00607,0.07284,0.00124,-0.00943,0.17893,0.00000,0.00000,0.00000,
1630698551547865344,-0.00109,-0.00373,0.03328,0.99953,0.02346,-0.01952,-0.00003,-0.00733,-0.02340,0.05741,0.00115,-0.01179,0.18119,0.00000,0.00000,0.00000,
1630698551614535936,-0.00106,-0.00601,0.03615,0.99941,0.02689,-0.02127,-0.00098,-0.00284,-0.03492,0.03355,0.00143,-0.01388,0.18260,0.00000,0.00000,0.00000,
1630698551681205760,-0.00035,-0.00845,0.03745,0.99927,0.03120,-0.02200,-0.00166,0.00362,-0.03557,0.01545,0.00253,-0.01396,0.18381,0.00000,0.00000,0.00000,
1630698551747876352,0.00071,-0.01055,0.03848,0.99921,0.03340,-0.02165,-0.00187,0.01046,-0.01394,0.00947,0.00335,-0.01216,0.18529,0.00000,0.00000,0.00000,
1630698551814546176,0.00147,-0.01010,0.03922,0.99919,0.03366,-0.02200,-0.00131,0.01177,0.01876,0.01180,0.00361,-0.01043,0.18785,0.00000,0.00000,0.00000,
1630698551881216256,0.00188,-0.00832,0.04073,0.99922,0.03175,-0.02356,-0.00077,0.00483,0.03127,0.02575,0.00324,-0.00962,0.19158,0.00000,0.00000,0.00000,
1630698551947885568,0.00164,-0.00667,0.04380,0.99923,0.02891,-0.02646,-0.00012,-0.00365,0.02489,0.04933,0.00266,-0.01073,0.19584,0.00000,0.00000,0.00000,
1630698552014555392,0.00085,-0.00639,0.04809,0.99913,0.02791,-0.03084,0.00004,-0.01320,0.00026,0.06024,0.00290,-0.01291,0.19923,0.00000,0.00000,0.00000,
1630698552081225728,0.00005,-0.00776,0.05186,0.99882,0.03285,-0.03565,0.00027,-0.00965,-0.02578,0.06404,0.00404,-0.01492,0.20247,0.00000,0.00000,0.00000,
1630698552147894528,0.00047,-0.01051,0.05485,0.99861,0.03743,-0.03714,-0.00068,0.01424,-0.04076,0.03878,0.00538,-0.01493,0.20569,0.00000,0.00000,0.00000,
1630698552214564608,0.00161,-0.01250,0.05770,0.99838,0.04150,-0.03900,-0.00143,0.01960,-0.02532,0.05179,0.00670,-0.01438,0.20842,0.00000,0.00000,0.00000,
1630698552281233664,0.00262,-0.01270,0.06085,0.99830,0.04202,-0.04047,-0.00163,0.01976,0.01414,0.04758,0.00777,-0.01371,0.21065,0.00000,0.00000,0.00000,
1630698552347903488,0.00359,-0.01204,0.06343,0.99829,0.04090,-0.04169,-0.00120,0.01693,0.01195,0.04071,0.00790,-0.01353,0.21306,0.00000,0.00000,0.00000,
1630698552414572544,0.00419,-0.01188,0.06586,0.99823,0.04096,-0.04310,-0.00092,0.01310,0.00035,0.03251,0.00722,-0.01388,0.21554,0.00000,0.00000,0.00000,
1630698552481242368,0.00378,-0.01219,0.06836,0.99806,0.04177,-0.04618,-0.00069,-0.00820,-0.00085,0.04296,0.00655,-0.01381,0.21805,0.00000,0.00000,0.00000,
1630698552547911424,0.00282,-0.01279,0.07051,0.99786,0.04261,-0.04956,-0.00114,-0.01215,-0.00661,0.03393,0.00671,-0.01384,0.21934,0.00000,0.00000,0.00000,
1630698552614581248,0.00212,-0.01293,0.07298,0.99772,0.04315,-0.05186,-0.00102,-0.00697,-0.00228,0.03289,0.00691,-0.01398,0.22064,0.00000,0.00000,0.00000,
1630698552681250304,-0.00343,-0.01466,0.07118,0.99760,0.04325,-0.05409,-0.00104,-0.00111,-0.00283,0.01753,0.00742,-0.01543,0.22413,0.00000,0.00000,0.00000,
1630698552747920128,-0.00246,-0.01598,0.07574,0.99746,0.04395,-0.05611,-0.00140,0.00030,-0.00958,0.03328,0.00853,-0.01587,0.22981,0.00000,0.00000,0.00000,
1630698552814588672,-0.00269,-0.01748,0.08008,0.99724,0.04595,-0.05833,-0.00145,0.00202,-0.02776,0.05925,0.00986,-0.01560,0.23415,0.00000,0.00000,0.00000,
1630698552881259520,-0.00297,-0.01912,0.08514,0.99705,0.04650,-0.06105,-0.00210,0.00467,-0.01267,0.07883,0.01179,-0.01552,0.23789,0.00000,0.00000,0.00000,
1630698552947929088,-0.00226,-0.02040,0.09026,0.99697,0.04501,-0.06337,-0.00211,0.00935,-0.00321,0.07521,0.01371,-0.01555,0.24076,0.00000,0.00000,0.00000,
1630698553014599680,-0.00075,-0.02081,0.09209,0.99696,0.04432,-0.06398,-0.00219,0.02110,-0.01084,0.06323,0.01481,-0.01589,0.24315,0.00000,0.00000,0.00000,
1630698553081269504,0.00118,-0.02096,0.09394,0.99706,0.04361,-0.06304,-0.00220,0.02394,-0.00532,0.04639,0.01497,-0.01655,0.24516,0.00000,0.00000,0.00000,
1630698553147939840,0.00264,-0.02077,0.09472,0.99713,0.04323,-0.06211,-0.00215,0.01317,-0.00738,0.03490,0.01500,-0.01732,0.24762,0.00000,0.00000,0.00000,
1630698553214609664,0.00241,-0.02202,0.09905,0.99702,0.04504,-0.06252,-0.00243,-0.00242,-0.01810,0.04692,0.01507,-0.01716,0.24969,0.00000,0.00000,0.00000,
1630698553281280256,0.00271,-0.02374,0.10181,0.99682,0.04834,-0.06330,-0.00221,-0.00230,-0.01574,0.03851,0.01511,-0.01639,0.25177,0.00000,0.00000,0.00000,
1630698553347950080,0.00184,-0.02318,0.10291,0.99674,0.04952,-0.06361,-0.00065,-0.00592,0.00036,0.03507,0.01525,-0.01498,0.25458,0.00000,0.00000,0.00000,
1630698553414620672,0.00008,-0.02253,0.10866,0.99674,0.04910,-0.06406,-0.00056,-0.00762,0.00897,0.04570,0.01568,-0.01357,0.25743,0.00000,0.00000,0.00000,
1630698553481291264,0.00168,-0.02374,0.11076,0.99676,0.04849,-0.06416,-0.00007,-0.00640,0.01040,0.04212,0.01773,-0.01341,0.25982,0.00000,0.00000,0.00000,
1630698553547960832,0.00197,-0.02377,0.11471,0.99688,0.04782,-0.06275,-0.00041,-0.00449,0.00941,0.04595,0.02013,-0.01388,0.26048,0.00000,0.00000,0.00000,
1630698553614631424,0.00278,-0.02357,0.11688,0.99713,0.04852,-0.05811,-0.00065,0.00845,0.00611,0.03177,0.02221,-0.01469,0.26241,0.00000,0.00000,0.00000,
1630698553681300992,0.00462,-0.02301,0.11434,0.99743,0.05015,-0.05106,-0.00118,0.02509,-0.00265,0.01928,0.02371,-0.01626,0.26735,0.00000,0.00000,0.00000,
1630698553747971840,0.00741,-0.02238,0.10973,0.99766,0.05194,-0.04441,-0.00081,0.03587,-0.01023,0.00154,0.02387,-0.01730,0.27213,0.00000,0.00000,0.00000,
1630698553814640896,0.00938,-0.02253,0.10933,0.99780,0.05504,-0.03693,-0.00136,0.02416,-0.01744,0.02859,0.02308,-0.01759,0.27707,0.00000,0.00000,0.00000,
1630698553881312256,0.01049,-0.02349,0.11190,0.99775,0.05817,-0.03331,-0.00124,0.00991,-0.02222,0.06096,0.02228,-0.01797,0.28060,0.00000,0.00000,0.00000,
1630698553947982336,0.01055,-0.02545,0.11739,0.99759,0.06129,-0.03264,-0.00121,-0.00585,-0.02354,0.06882,0.02178,-0.01721,0.28202,0.00000,0.00000,0.00000,
1630698554014653696,0.00943,-0.02726,0.12209,0.99742,0.06335,-0.03369,-0.00204,-0.02016,-0.02178,0.06826,0.02072,-0.01592,0.28406,0.00000,0.00000,0.00000,
1630698554081323264,0.00900,-0.02937,0.12844,0.99732,0.06416,-0.03500,-0.00291,-0.01899,-0.00767,0.04901,0.01970,-0.01496,0.28482,0.00000,0.00000,0.00000,
1630698554147994624,0.00950,-0.03064,0.13289,0.99733,0.06547,-0.03216,-0.00423,-0.01526,0.01070,0.02169,0.01901,-0.01503,0.28481,0.00000,0.00000,0.00000,
1630698554214664704,0.00960,-0.03009,0.13150,0.99734,0.06645,-0.02949,-0.00442,-0.01637,0.01055,0.02020,0.01866,-0.01645,0.28547,0.00000,0.00000,0.00000,
1630698554281335808,0.01008,-0.03073,0.13294,0.99734,0.06706,-0.02792,-0.00524,-0.01758,0.00961,0.00259,0.01914,-0.01854,0.28642,0.00000,0.00000,0.00000,
1630698554348005888,0.00915,-0.02977,0.13171,0.99723,0.06999,-0.02438,-0.00543,-0.00995,-0.00260,-0.01385,0.02033,-0.02168,0.28790,0.00000,0.00000,0.00000,
1630698554414677248,0.01298,-0.03625,0.13277,0.99699,0.07374,-0.02313,-0.00535,-0.00379,-0.02534,-0.00299,0.02157,-0.02309,0.29285,0.00000,0.00000,0.00000,
1630698554481347328,0.01371,-0.03932,0.13483,0.99652,0.08035,-0.02143,-0.00584,0.00976,-0.03695,0.00246,0.02276,-0.02252,0.30001,0.00000,0.00000,0.00000,
1630698554548018432,0.01501,-0.04272,0.13603,0.99586,0.08892,-0.01817,-0.00517,0.02116,-0.04681,0.00785,0.02430,-0.02089,0.30657,0.00000,0.00000,0.00000,
1630698554614688512,0.01740,-0.04853,0.14089,0.99517,0.09635,-0.01773,-0.00606,0.02018,-0.04039,0.07097,0.02636,-0.01843,0.31126,0.00000,0.00000,0.00000,
1630698554681359872,0.01743,-0.04967,0.14385,0.99473,0.10011,-0.02137,-0.00563,0.01420,-0.00576,0.11129,0.02868,-0.01551,0.31447,0.00000,0.00000,0.00000,
1630698554748031232,0.01915,-0.05259,0.15518,0.99459,0.10080,-0.02445,-0.00593,0.01903,0.00152,0.09893,0.03035,-0.01439,0.31459,0.00000,0.00000,0.00000,
1630698554814701312,0.02120,-0.05409,0.16163,0.99457,0.10118,-0.02326,-0.00720,0.02749,0.02293,0.08089,0.03139,-0.01499,0.31479,0.00000,0.00000,0.00000,
1630698554881372416,0.02106,-0.05126,0.17125,0.99485,0.09920,-0.01950,-0.00727,0.02472,0.02488,0.05397,0.03074,-0.01655,0.31579,0.00000,0.00000,0.00000,
1630698554948042752,0.02598,-0.05244,0.17312,0.99497,0.09913,-0.01263,-0.00718,0.02577,0.01990,-0.00109,0.02919,-0.01796,0.31749,0.00000,0.00000,0.00000,
1630698555014714368,0.02894,-0.05201,0.17108,0.99493,0.10022,-0.00474,-0.00744,0.01900,-0.00344,-0.01367,0.02685,-0.01930,0.32058,0.00000,0.00000,0.00000,
1630698555081384448,0.03029,-0.05180,0.16732,0.99464,0.10316,0.00040,-0.00731,0.00194,-0.01603,-0.01165,0.02385,-0.01963,0.32497,0.00000,0.00000,0.00000,
1630698555148055808,0.02946,-0.05310,0.16376,0.99424,0.10685,0.00129,-0.00855,-0.01635,-0.02876,-0.00308,0.02224,-0.01967,0.32899,0.00000,0.00000,0.00000,
1630698555214726144,0.02793,-0.05522,0.16189,0.99374,0.11140,-0.00048,-0.00868,-0.02745,-0.02919,0.01252,0.02152,-0.01904,0.33439,0.00000,0.00000,0.00000,
1630698555281397760,0.02394,-0.05705,0.16217,0.99326,0.11541,-0.00599,-0.00879,-0.03740,-0.02465,0.03258,0.02243,-0.01860,0.33734,0.00000,0.00000,0.00000,
1630698555348068096,0.01982,-0.05824,0.16393,0.99287,0.11830,-0.01213,-0.00867,-0.03443,-0.01696,0.04346,0.02427,-0.01795,0.33914,0.00000,0.00000,0.00000,
1630698555414739712,0.01701,-0.05935,0.16615,0.99262,0.11988,-0.01633,-0.00872,-0.02165,-0.01760,0.04906,0.02687,-0.01746,0.34055,0.00000,0.00000,0.00000,
1630698555481410048,0.01519,-0.06047,0.16850,0.99241,0.12093,-0.02055,-0.00918,-0.00704,-0.00674,0.05179,0.02919,-0.01728,0.34244,0.00000,0.00000,0.00000,
1630698555548081408,0.01522,-0.06141,0.17184,0.99233,0.12132,-0.02177,-0.00950,0.01543,-0.00394,0.03189,0.03079,-0.01770,0.34513,0.00000,0.00000,0.00000,
1630698555614751744,0.01672,-0.06133,0.17234,0.99233,0.12153,-0.02044,-0.00929,0.03078,0.00494,0.01464,0.03184,-0.01777,0.34757,0.00000,0.00000,0.00000,
1630698555681423104,0.01936,-0.06075,0.17144,0.99237,0.12170,-0.01765,-0.00933,0.04459,0.00390,-0.00076,0.03249,-0.01838,0.34987,0.00000,0.00000,0.00000,
1630698555748093696,0.02178,-0.06079,0.17325,0.99237,0.12179,-0.01720,-0.00898,0.04246,0.00036,0.00882,0.03252,-0.01973,0.35370,0.00000,0.00000,0.00000,
1630698555814765056,0.02324,-0.06192,0.17534,0.99227,0.12234,-0.01861,-0.00915,0.02917,-0.01708,0.01986,0.03239,-0.02012,0.35647,0.00000,0.00000,0.00000,
1630698555881435904,0.02405,-0.06294,0.17727,0.99216,0.12287,-0.02081,-0.00924,0.02025,-0.01289,0.02015,0.03223,-0.02060,0.35928,0.00000,0.00000,0.00000,
1630698555948107520,0.02427,-0.06360,0.17890,0.99206,0.12366,-0.02125,-0.00873,0.01617,-0.01549,0.01172,0.03188,-0.02019,0.36247,0.00000,0.00000,0.00000,
1630698556014778112,0.02381,-0.06522,0.18224,0.99193,0.12440,-0.02291,-0.00909,0.00853,-0.02995,0.02502,0.03137,-0.01976,0.36510,0.00000,0.00000,0.00000,
1630698556081449984,0.02645,-0.07052,0.18397,0.99173,0.12539,-0.02541,-0.00970,0.00394,-0.02228,0.02285,0.03106,-0.01933,0.36738,0.00000,0.00000,0.00000,
1630698556148121600,0.02720,-0.07269,0.18572,0.99156,0.12651,-0.02644,-0.01021,0.00557,-0.01796,0.01702,0.03097,-0.01913,0.36828,0.00000,0.00000,0.00000,
1630698556214792448,0.02685,-0.07409,0.18804,0.99146,0.12689,-0.02791,-0.01079,0.00190,-0.01397,0.03126,0.03071,-0.01941,0.36819,0.00000,0.00000,0.00000,
1630698556281464320,0.02610,-0.07459,0.19062,0.99142,0.12670,-0.03011,-0.01098,-0.00109,-0.00969,0.02483,0.03025,-0.01948,0.36828,0.00000,0.00000,0.00000,
1630698556348134912,0.02555,-0.07519,0.19257,0.99143,0.12633,-0.03114,-0.01146,0.00405,-0.00601,0.01576,0.02991,-0.01963,0.36810,0.00000,0.00000,0.00000,
1630698556414806784,0.02538,-0.07526,0.19383,0.99147,0.12591,-0.03164,-0.01130,0.00778,-0.00211,0.00401,0.02940,-0.01919,0.36822,0.00000,0.00000,0.00000,
1630698556481477632,0.02489,-0.07391,0.19289,0.99152,0.12549,-0.03190,-0.01122,0.00888,-0.00842,-0.01926,0.02901,-0.01929,0.36824,0.00000,0.00000,0.00000,
1630698556548149504,0.02477,-0.07408,0.19406,0.99164,0.12426,-0.03299,-0.01129,0.00352,-0.00972,-0.00994,0.02873,-0.01929,0.36824,0.00000,0.00000,0.00000,
1630698556614820608,0.02420,-0.07383,0.19485,0.99176,0.12299,-0.03398,-0.01121,0.00299,-0.00159,-0.01126,0.02876,-0.01925,0.36819,0.00000,0.00000,0.00000,
1630698556681492224,0.02350,-0.07324,0.19524,0.99193,0.12142,-0.03470,-0.01133,-0.00018,-0.00369,-0.00576,0.02885,-0.01920,0.36819,0.00000,0.00000,0.00000,
1630698556748163328,0.02325,-0.07261,0.19579,0.99209,0.12003,-0.03512,-0.01111,0.00210,-0.00289,-0.00751,0.02883,-0.01927,0.36820,0.00000,0.00000,0.00000,
1630698556814835200,0.02294,-0.07273,0.19628,0.99223,0.11861,-0.03579,-0.01117,0.00278,-0.00726,-0.00648,0.02880,-0.01929,0.36819,0.00000,0.00000,0.00000,
1630698556881505792,0.02272,-0.07238,0.19658,0.99241,0.11704,-0.03611,-0.01090,0.00536,-0.00246,-0.00393,0.02882,-0.01927,0.36820,0.00000,0.00000,0.00000,
1630698556948177152,0.02277,-0.07197,0.19666,0.99256,0.11569,-0.03631,-0.01094,0.00776,-0.00455,-0.00408,0.02884,-0.01924,0.36817,0.00000,0.00000,0.00000,
1630698557014847488,0.02320,-0.07163,0.19663,0.99274,0.11418,-0.03633,-0.01091,0.00715,-0.00493,-0.00409,0.02884,-0.01927,0.36818,0.00000,0.00000,0.00000,
1630698557081519104,0.02328,-0.07121,0.19661,0.99290,0.11272,-0.03630,-0.01096,0.00521,-0.00506,-0.00326,0.02883,-0.01928,0.36818,0.00000,0.00000,0.00000,
1630698557148189440,0.02310,-0.07024,0.19712,0.99310,0.11107,-0.03602,-0.01103,0.00534,-0.00375,-0.00254,0.02883,-0.01927,0.36816,0.00000,0.00000,0.00000,
1630698557214860800,0.02301,-0.06943,0.19739,0.99331,0.10923,-0.03582,-0.01109,0.00571,-0.00312,-0.00181,0.02885,-0.01927,0.36818,0.00000,0.00000,0.00000,
1630698557281531648,0.02323,-0.06926,0.19716,0.99351,0.10745,-0.03553,-0.01106,0.00496,-0.00402,-0.00198,0.02883,-0.01930,0.36818,0.00000,0.00000,0.00000,
1630698557348203008,0.02333,-0.06871,0.19720,0.99372,0.10565,-0.03527,-0.01109,0.00419,-0.00381,-0.00172,0.02886,-0.01928,0.36818,0.00000,0.00000,0.00000,
1630698557414874624,0.02342,-0.06815,0.19732,0.99393,0.10370,-0.03500,-0.01112,0.00395,-0.00365,-0.00124,0.02887,-0.01927,0.36818,0.00000,0.00000,0.00000,
1630698557481544960,0.02353,-0.06769,0.19743,0.99411,0.10203,-0.03482,-0.01112,0.00431,-0.00392,-0.00089,0.02888,-0.01927,0.36817,0.00000,0.00000,0.00000,
1630698557548216576,0.02363,-0.06675,0.19768,0.99431,0.10016,-0.03441,-0.01124,0.00363,-0.00342,-0.00080,0.02889,-0.01926,0.36816,0.00000,0.00000,0.00000,
1630698557614886912,0.02373,-0.06601,0.19776,0.99457,0.09771,-0.03403,-0.01128,0.00320,-0.00403,-0.00031,0.02886,-0.01929,0.36815,0.00000,0.00000,0.00000,
1630698557681558528,0.02413,-0.06569,0.19765,0.99482,0.09532,-0.03359,-0.01130,0.00380,-0.00391,-0.00042,0.02888,-0.01928,0.36816,0.00000,0.00000,0.00000,
1630698557748229120,0.02431,-0.06480,0.19775,0.99509,0.09260,-0.03319,-0.01134,0.00295,-0.00418,-0.00005,0.02888,-0.01928,0.36816,0.00000,0.00000,0.00000,
1630698557814900736,0.02437,-0.06334,0.19839,0.99539,0.08953,-0.03248,-0.01146,0.00261,-0.00364,0.00012,0.02888,-0.01928,0.36816,0.00000,0.00000,0.00000,
1630698557881571072,0.02467,-0.06235,0.19889,0.99563,0.08701,-0.03186,-0.01157,0.00339,-0.00365,-0.00000,0.02885,-0.01929,0.36823,0.00000,0.00000,0.00000,
1630698557948242688,0.02508,-0.06186,0.19879,0.99589,0.08417,-0.03135,-0.01157,0.00186,-0.00333,0.00012,0.02888,-0.01928,0.36814,0.00000,0.00000,0.00000,
1630698558014913024,0.02531,-0.06167,0.19881,0.99607,0.08219,-0.03106,-0.01154,0.00175,-0.00364,0.00007,0.02886,-0.01927,0.36824,0.00000,0.00000,0.00000,
1630698558081584640,0.02578,-0.06115,0.19882,0.99624,0.08015,-0.03068,-0.01159,0.00151,-0.00276,-0.00033,0.02888,-0.01929,0.36817,0.00000,0.00000,0.00000,
1630698558148255232,0.02603,-0.05997,0.19930,0.99652,0.07697,-0.02987,-0.01168,0.00120,-0.00311,0.00005,0.02889,-0.01928,0.36814,0.00000,0.00000,0.00000,
1630698558214926592,0.02660,-0.05871,0.20013,0.99686,0.07281,-0.02870,-0.01176,0.00194,-0.00262,0.00027,0.02886,-0.01928,0.36821,0.00000,0.00000,0.00000,
1630698558281597440,0.02704,-0.05736,0.20126,0.99720,0.06842,-0.02766,-0.01182,0.00150,-0.00282,0.00078,0.02889,-0.01929,0.36814,0.00000,0.00000,0.00000,
1630698558348268800,0.02729,-0.05568,0.20293,0.99754,0.06380,-0.02633,-0.01186,0.00145,-0.00269,0.00097,0.02889,-0.01924,0.36814,0.00000,0.00000,0.00000,
1630698558414939392,0.02780,-0.05468,0.20428,0.99778,0.06025,-0.02558,-0.01188,-0.00011,-0.00269,0.00091,0.02889,-0.01924,0.36824,0.00000,0.00000,0.00000,
1630698558481611008,0.02774,-0.05390,0.20624,0.99788,0.05872,-0.02534,-0.01188,0.00086,-0.00221,0.00072,0.02889,-0.01933,0.36814,0.00000,0.00000,0.00000,
1630698558548281600,0.02780,-0.05305,0.20639,0.99803,0.05639,-0.02471,-0.01190,0.00093,-0.00248,0.00095,0.02889,-0.01931,0.36810,0.00000,0.00000,0.00000,
1630698558614952960,0.02721,-0.05092,0.20808,0.99823,0.05342,-0.02339,-0.01192,-0.00033,-0.00177,0.00117,0.02893,-0.01915,0.36815,0.00000,0.00000,0.00000,
1630698558681623808,0.02794,-0.04943,0.20885,0.99851,0.04886,-0.02131,-0.01198,-0.00035,-0.00362,0.00117,0.02885,-0.01928,0.36823,0.00000,0.00000,0.00000,
1630698558748295424,0.02853,-0.04898,0.20959,0.99865,0.04627,-0.02024,-0.01201,-0.00027,-0.00489,0.00139,0.02883,-0.01928,0.36811,0.00000,0.00000,0.00000,
1630698558814967040,0.02883,-0.04808,0.21007,0.99879,0.04361,-0.01927,-0.01200,-0.00036,-0.00122,0.00123,0.02887,-0.01915,0.36809,0.00000,0.00000,0.00000,
1630698558881638144,0.02901,-0.04735,0.21038,0.99887,0.04194,-0.01881,-0.01200,-0.00125,-0.00200,0.00110,0.02887,-0.01917,0.36807,0.00000,0.00000,0.00000,
1630698558948309760,0.02916,-0.04649,0.21068,0.99894,0.04053,-0.01812,-0.01208,-0.00044,-0.00464,0.00138,0.02893,-0.01919,0.36806,0.00000,0.00000,0.00000,
1630698559014980352,0.02894,-0.04610,0.21116,0.99898,0.03980,-0.01784,-0.01208,0.00001,-0.00256,0.00191,0.02891,-0.01913,0.36815,0.00000,0.00000,0.00000,
1630698559081652224,0.02932,-0.04629,0.21100,0.99901,0.03902,-0.01765,-0.01199,-0.00010,-0.00093,0.00100,0.02879,-0.01910,0.36819,0.00000,0.00000,0.00000,
1630698559148322816,0.02922,-0.04606,0.21111,0.99902,0.03874,-0.01774,-0.01197,-0.00166,-0.00482,0.00153,0.02877,-0.01897,0.36811,0.00000,0.00000,0.00000,
1630698559214994432,0.02928,-0.04603,0.21116,0.99903,0.03853,-0.01766,-0.01198,0.00100,-0.00262,0.00123,0.02875,-0.01892,0.36817,0.00000,0.00000,0.00000,
1630698559281665280,0.02967,-0.04614,0.21095,0.99904,0.03841,-0.01751,-0.01197,0.00055,-0.00165,0.00156,0.02881,-0.01890,0.36810,0.00000,0.00000,0.00000,
1630698559348337152,0.02968,-0.04618,0.21076,0.99905,0.03819,-0.01752,-0.01198,-0.00185,-0.00275,0.00151,0.02879,-0.01904,0.36813,0.00000,0.00000,0.00000,
1630698559415007744,0.02938,-0.04585,0.21110,0.99905,0.03804,-0.01747,-0.01200,-0.00029,-0.00209,0.00151,0.02873,-0.01904,0.36814,0.00000,0.00000,0.00000,
1630698559481679616,0.02927,-0.04560,0.21124,0.99906,0.03776,-0.01728,-0.01201,0.00097,-0.00357,0.00085,0.02867,-0.01898,0.36809,0.00000,0.00000,0.00000,
1630698559548350464,0.02958,-0.04524,0.21096,0.99908,0.03749,-0.01713,-0.01206,-0.00005,-0.00261,0.00140,0.02863,-0.01893,0.36810,0.00000,0.00000,0.00000,
1630698559615022336,0.02956,-0.04543,0.21088,0.99908,0.03745,-0.01728,-0.01208,-0.00173,-0.00438,0.00155,0.02861,-0.01890,0.36810,0.00000,0.00000,0.00000,
1630698559681693440,0.02932,-0.04522,0.21105,0.99908,0.03734,-0.01732,-0.01216,-0.00237,-0.00276,0.00130,0.02864,-0.01887,0.36808,0.00000,0.00000,0.00000,
1630698559748365056,0.02890,-0.04505,0.21144,0.99908,0.03726,-0.01736,-0.01221,-0.00025,-0.00393,0.00142,0.02866,-0.01887,0.36806,0.00000,0.00000,0.00000,
1630698559815036160,0.02896,-0.04539,0.21137,0.99908,0.03726,-0.01745,-0.01218,0.00016,-0.00366,0.00183,0.02870,-0.01885,0.36806,0.00000,0.00000,0.00000,
1630698559881707008,0.02932,-0.04564,0.21091,0.99908,0.03719,-0.01753,-0.01220,-0.00073,-0.00357,0.00110,0.02868,-0.01878,0.36808,0.00000,0.00000,0.00000,
1630698559948376576,0.02951,-0.04581,0.21067,0.99908,0.03722,-0.01774,-0.01219,-0.00068,-0.00197,0.00107,0.02867,-0.01878,0.36810,0.00000,0.00000,0.00000,
1630698560015047424,0.02945,-0.04583,0.21067,0.99907,0.03737,-0.01791,-0.01220,0.00047,-0.00330,-0.00046,0.02875,-0.01893,0.36808,0.00000,0.00000,0.00000,
1630698560081718528,0.02931,-0.04564,0.21066,0.99907,0.03722,-0.01785,-0.01221,-0.00019,-0.00225,0.00161,0.02874,-0.01912,0.36810,0.00000,0.00000,0.00000,
1630698560148388352,0.02910,-0.04528,0.21103,0.99908,0.03709,-0.01758,-0.01220,0.00105,-0.00335,0.00153,0.02869,-0.01912,0.36809,0.00000,0.00000,0.00000,
1630698560215058944,0.02926,-0.04546,0.21081,0.99908,0.03699,-0.01777,-0.01221,0.00058,-0.00541,0.00170,0.02863,-0.01900,0.36814,0.00000,0.00000,0.00000,
1630698560281729024,0.02946,-0.04554,0.21062,0.99908,0.03697,-0.01771,-0.01224,0.00021,-0.00604,0.00027,0.02870,-0.01897,0.36807,0.00000,0.00000,0.00000,
1630698560348399616,0.02957,-0.04575,0.21079,0.99908,0.03712,-0.01754,-0.01231,0.00115,-0.00643,0.00093,0.02874,-0.01907,0.36808,0.00000,0.00000,0.00000,
1630698560415069696,0.02978,-0.04600,0.21050,0.99908,0.03719,-0.01764,-0.01228,-0.00129,-0.00210,0.00181,0.02864,-0.01913,0.36808,0.00000,0.00000,0.00000,
1630698560481740544,0.02967,-0.04589,0.21052,0.99907,0.03725,-0.01780,-0.01229,-0.00031,-0.00152,-0.00007,0.02852,-0.01897,0.36811,0.00000,0.00000,0.00000,
1630698560548410112,0.02971,-0.04588,0.21039,0.99907,0.03724,-0.01777,-0.01228,0.00058,-0.00403,0.00023,0.02841,-0.01884,0.36806,0.00000,0.00000,0.00000,
1630698560615080960,0.02960,-0.04596,0.21055,0.99906,0.03738,-0.01792,-0.01229,-0.00075,-0.00689,0.00172,0.02818,-0.01890,0.36810,0.00000,0.00000,0.00000,
1630698560681750784,0.02950,-0.04605,0.21054,0.99906,0.03750,-0.01799,-0.01231,-0.00263,-0.00325,0.00116,0.02788,-0.01909,0.36809,0.00000,0.00000,0.00000,
1630698560748421376,0.02936,-0.04593,0.21058,0.99906,0.03751,-0.01801,-0.01221,-0.00166,-0.00091,0.00082,0.02749,-0.01907,0.36807,0.00000,0.00000,0.00000,
1630698560815091456,0.02900,-0.04527,0.21047,0.99907,0.03729,-0.01799,-0.01200,-0.00521,-0.00327,0.00138,0.02712,-0.01904,0.36807,0.00000,0.00000,0.00000,
1630698560881762816,0.02852,-0.04537,0.21059,0.99906,0.03739,-0.01821,-0.01197,-0.00545,-0.00800,0.00166,0.02696,-0.01889,0.36805,0.00000,0.00000,0.00000,
1630698560948433152,0.02828,-0.04598,0.21070,0.99905,0.03765,-0.01825,-0.01189,-0.00542,-0.00464,0.00059,0.02683,-0.01893,0.36804,0.00000,0.00000,0.00000,
1630698561015104768,0.02790,-0.04596,0.21065,0.99905,0.03773,-0.01820,-0.01186,-0.00733,-0.00353,0.00080,0.02666,-0.01885,0.36802,0.00000,0.00000,0.00000,
1630698561081775104,0.02757,-0.04570,0.21081,0.99906,0.03758,-0.01784,-0.01212,-0.00359,0.00004,-0.00070,0.02661,-0.01871,0.36808,0.00000,0.00000,0.00000,
1630698561148446464,0.02741,-0.04560,0.21076,0.99907,0.03745,-0.01791,-0.01196,-0.00249,-0.00518,0.00013,0.02663,-0.01881,0.36802,0.00000,0.00000,0.00000,
1630698561215117312,0.02756,-0.04586,0.21048,0.99906,0.03753,-0.01801,-0.01212,-0.00190,-0.00413,0.00061,0.02671,-0.01885,0.36803,0.00000,0.00000,0.00000,
1630698561281788672,0.02722,-0.04575,0.21062,0.99906,0.03747,-0.01796,-0.01209,-0.00281,-0.00466,0.00114,0.02665,-0.01882,0.36805,0.00000,0.00000,0.00000,
1630698561348459264,0.02722,-0.04563,0.21062,0.99907,0.03739,-0.01783,-0.01213,-0.00136,-0.00410,0.00042,0.02663,-0.01871,0.36812,0.00000,0.00000,0.00000,
1630698561415130624,0.02748,-0.04570,0.21046,0.99906,0.03748,-0.01784,-0.01213,-0.00014,-0.00200,-0.00017,0.02663,-0.01881,0.36804,0.00000,0.00000,0.00000,
1630698561481802240,0.02730,-0.04573,0.21060,0.99906,0.03752,-0.01788,-0.01211,-0.00025,-0.00471,0.00102,0.02666,-0.01864,0.36812,0.00000,0.00000,0.00000,
1630698561548472832,0.02738,-0.04574,0.21039,0.99906,0.03753,-0.01796,-0.01213,-0.00196,-0.00396,0.00025,0.02661,-0.01886,0.36805,0.00000,0.00000,0.00000,
1630698561615144192,0.02733,-0.04578,0.21046,0.99906,0.03752,-0.01798,-0.01213,-0.00054,-0.00322,0.00030,0.02663,-0.01862,0.36814,0.00000,0.00000,0.00000,
1630698561681814784,0.02730,-0.04572,0.21052,0.99906,0.03755,-0.01804,-0.01214,0.00026,-0.00349,0.00007,0.02662,-0.01855,0.36811,0.00000,0.00000,0.00000,
1630698561748486400,0.02731,-0.04586,0.21039,0.99906,0.03757,-0.01816,-0.01214,-0.00055,-0.00542,0.00005,0.02662,-0.01856,0.36813,0.00000,0.00000,0.00000,
1630698561815156992,0.02721,-0.04580,0.21044,0.99905,0.03759,-0.01833,-0.01213,-0.00090,-0.00264,0.00091,0.02662,-0.01860,0.36830,0.00000,0.00000,0.00000,
1630698561881828608,0.02711,-0.04558,0.21056,0.99905,0.03753,-0.01844,-0.01213,-0.00053,-0.00237,-0.00028,0.02572,-0.02058,0.37420,0.00000,0.00000,0.00000,
1630698561948499200,0.02719,-0.04569,0.21035,0.99905,0.03745,-0.01860,-0.01214,-0.00049,-0.00445,0.00023,0.02292,-0.02209,0.38188,0.00000,0.00000,0.00000,
1630698562015170816,0.02725,-0.04575,0.21024,0.99905,0.03740,-0.01881,-0.01215,-0.00123,-0.00362,0.00075,0.01704,-0.02099,0.38542,0.00000,0.00000,0.00000,
1630698562081841408,0.02446,-0.04747,0.21811,0.99869,0.04557,-0.01985,-0.01255,-0.03129,-0.08283,0.18617,0.00918,-0.02071,0.38567,0.00000,0.00000,0.00000,
1630698562148513024,0.02167,-0.05509,0.22740,0.99785,0.05765,-0.02601,-0.01736,-0.07004,-0.03659,0.13608,0.00046,-0.01757,0.37087,0.00000,0.00000,0.00000,
1630698562215183616,0.01892,-0.05860,0.23445,0.99795,0.05213,-0.03171,-0.01913,-0.13710,-0.03123,0.06549,-0.00834,-0.00783,0.36325,0.00000,0.00000,0.00000,
1630698562281855488,0.01190,-0.06592,0.23660,0.99800,0.05657,-0.02040,-0.01965,-0.16257,-0.01606,-0.06928,-0.01104,-0.00199,0.37037,0.00000,0.00000,0.00000,
1630698562348526592,0.00132,-0.06873,0.22160,0.99867,0.04756,0.00649,-0.01855,-0.18753,0.11086,-0.42502,-0.00774,0.01015,0.38304,0.00000,0.00000,0.00000,
1630698562415198208,-0.00794,-0.05537,0.20293,0.99770,0.04705,0.04867,-0.00448,-0.13166,0.17836,-0.18875,0.00015,0.03081,0.38790,0.00000,0.00000,0.00000,
1630698562481868800,-0.01252,-0.05091,0.20076,0.99630,0.05413,0.06682,0.00072,-0.04744,0.09962,0.06691,0.00997,0.04699,0.39424,0.00000,0.00000,0.00000,
1630698562548540416,-0.01419,-0.04672,0.22841,0.99288,0.11504,0.03088,-0.00250,0.04023,0.15915,0.22480,0.01847,0.05682,0.40488,0.00000,0.00000,0.00000,
1630698562615211264,-0.00927,-0.03205,0.24635,0.99324,0.11474,0.01347,-0.01113,0.09639,0.30770,0.12454,0.02946,0.06595,0.41916,0.00000,0.00000,0.00000,
1630698562681882880,-0.00271,-0.01508,0.25798,0.99265,0.12015,0.00358,-0.01403,0.13782,0.21385,0.15233,0.03599,0.06585,0.42087,0.00000,0.00000,0.00000,
1630698562748554752,0.00228,-0.00143,0.26507,0.99142,0.12922,-0.00624,-0.01868,0.10594,0.07461,0.21007,0.04436,0.05994,0.41497,0.00000,0.00000,0.00000,
1630698562815225344,0.00863,0.00443,0.28038,0.99134,0.12891,-0.01083,-0.02273,0.13464,0.07453,0.17083,0.05169,0.04809,0.41010,0.00000,0.00000,0.00000,
1630698562881896704,0.01743,0.01088,0.29550,0.99156,0.12803,0.00371,-0.02017,0.12928,-0.00376,0.01605,0.05986,0.03510,0.40494,0.00000,0.00000,0.00000,
1630698562948567040,0.03470,0.00316,0.28802,0.99048,0.13439,0.02206,-0.01996,0.13894,-0.06319,-0.16218,0.06746,0.02618,0.41071,0.00000,0.00000,0.00000,
1630698563015238400,0.04343,-0.00221,0.27665,0.98925,0.14046,0.03476,-0.02109,0.12520,-0.15991,-0.14572,0.07585,0.02067,0.41439,0.00000,0.00000,0.00000,
1630698563081908480,0.05370,-0.01286,0.26757,0.98991,0.13340,0.04162,-0.02324,0.14554,-0.17338,-0.16361,0.08118,0.02282,0.41145,0.00000,0.00000,0.00000,
1630698563148579840,0.06559,-0.02295,0.26319,0.99105,0.12413,0.04516,-0.01908,0.15055,-0.16981,0.05613,0.08713,0.03015,0.40808,0.00000,0.00000,0.00000,
1630698563215249920,0.07209,-0.03393,0.26813,0.99088,0.12827,0.03418,-0.02312,0.11810,-0.11752,0.03601,0.09273,0.03676,0.40541,0.00000,0.00000,0.00000,
1630698563281921280,0.08083,-0.03185,0.26668,0.99128,0.12503,0.03419,-0.02387,0.12143,0.03324,-0.03104,0.09937,0.04121,0.40703,0.00000,0.00000,0.00000,
1630698563348591616,0.08709,-0.02468,0.26302,0.99279,0.11029,0.04181,-0.02130,0.09754,0.10839,-0.02839,0.10365,0.04581,0.40936,0.00000,0.00000,0.00000,
1630698563415262976,0.09615,-0.02004,0.26186,0.99295,0.10901,0.04202,-0.02027,0.10167,0.09312,-0.00488,0.10787,0.04465,0.40877,0.00000,0.00000,0.00000,
1630698563481933312,0.09856,-0.01234,0.25846,0.99175,0.11852,0.04309,-0.02281,0.11957,0.03284,0.02389,0.10887,0.04068,0.40692,0.00000,0.00000,0.00000,
1630698563548604416,0.10418,-0.00696,0.26790,0.99229,0.11525,0.04091,-0.02032,0.09120,0.04474,0.13439,0.10962,0.03670,0.40610,0.00000,0.00000,0.00000,
1630698563615275008,0.11046,-0.00653,0.27167,0.99256,0.11455,0.03665,-0.01899,0.05439,-0.06424,0.05846,0.11333,0.03029,0.40547,0.00000,0.00000,0.00000,
1630698563681946368,0.11517,-0.01065,0.26950,0.99191,0.11927,0.03914,-0.01915,0.03151,-0.07647,0.02759,0.11724,0.02696,0.41055,0.00000,0.00000,0.00000,
1630698563748616448,0.11785,-0.01584,0.26450,0.99153,0.12261,0.03911,-0.01742,0.03118,-0.10176,0.03283,0.12423,0.02510,0.41033,0.00000,0.00000,0.00000,
1630698563815287808,0.12426,-0.02339,0.26023,0.99150,0.12208,0.04150,-0.01735,0.06748,-0.07972,0.02148,0.13158,0.03166,0.40552,0.00000,0.00000,0.00000,
1630698563881958144,0.12763,-0.02765,0.26521,0.99200,0.11889,0.03924,-0.01586,0.08537,-0.07212,0.13025,0.14108,0.04334,0.40008,0.00000,0.00000,0.00000,
1630698563948629760,0.13118,-0.03237,0.26938,0.99185,0.12178,0.03130,-0.02070,0.09224,-0.02727,0.04330,0.15589,0.05674,0.39317,0.00000,0.00000,0.00000,
1630698564015300352,0.13427,-0.02649,0.26644,0.99245,0.11544,0.03493,-0.02239,0.09594,0.09364,0.00523,0.16744,0.06603,0.39645,0.00000,0.00000,0.00000,
1630698564081971968,0.14500,-0.01871,0.26460,0.99384,0.10053,0.04271,-0.01852,0.12663,0.19980,-0.01012,0.17741,0.07400,0.40310,0.00000,0.00000,0.00000,
1630698564148643328,0.15908,-0.00712,0.26316,0.99326,0.10584,0.04415,-0.01678,0.19827,0.21946,0.00329,0.19065,0.08026,0.40480,0.00000,0.00000,0.00000,
1630698564215313664,0.17502,0.01050,0.25594,0.99199,0.11409,0.05129,-0.01733,0.24157,0.18733,0.12498,0.20192,0.07911,0.40251,0.00000,0.00000,0.00000,
1630698564281985280,0.18502,0.02410,0.27198,0.99451,0.09662,0.03526,-0.01929,0.20307,0.12834,0.19033,0.20956,0.07601,0.39915,0.00000,0.00000,0.00000,
1630698564348655616,0.19819,0.03152,0.27662,0.99537,0.09020,0.02619,-0.02036,0.19137,0.07891,0.05786,0.22043,0.06824,0.39861,0.00000,0.00000,0.00000,
1630698564415327232,0.20957,0.03127,0.27490,0.99296,0.11268,0.02986,-0.02121,0.16463,-0.00474,-0.02724,0.22934,0.06417,0.40035,0.00000,0.00000,0.00000,
1630698564481997824,0.22015,0.02662,0.26739,0.99052,0.13163,0.03442,-0.01908,0.16040,-0.08532,-0.03813,0.24013,0.05873,0.40197,0.00000,0.00000,0.00000,
1630698564548669440,0.23454,0.02132,0.26323,0.99149,0.12377,0.03444,-0.02110,0.20579,-0.05572,-0.00305,0.25170,0.05700,0.40258,0.00000,0.00000,0.00000,
1630698564615339776,0.24548,0.01566,0.26425,0.99217,0.11850,0.03487,-0.01856,0.18987,-0.08026,-0.02351,0.26383,0.06158,0.39836,0.00000,0.00000,0.00000,
1630698564682011392,0.25568,0.00560,0.26926,0.99165,0.12434,0.02735,-0.02074,0.18813,-0.05450,0.04138,0.27368,0.06887,0.39523,0.00000,0.00000,0.00000,
1630698564748681728,0.26989,0.01148,0.26857,0.99225,0.11865,0.03005,-0.02150,0.19103,0.07417,-0.03506,0.28558,0.07650,0.39176,0.00000,0.00000,0.00000,
1630698564815353600,0.28312,0.01824,0.26656,0.99335,0.10807,0.03458,-0.01967,0.20212,0.16168,-0.01556,0.29707,0.08173,0.39473,0.00000,0.00000,0.00000,
1630698564882024192,0.30145,0.02884,0.26337,0.99344,0.10601,0.03835,-0.01905,0.26372,0.15461,-0.00530,0.31036,0.08984,0.39911,0.00000,0.00000,0.00000,
1630698564948696064,0.31551,0.03862,0.26895,0.99315,0.10723,0.03958,-0.02409,0.22969,0.12008,0.17683,0.32154,0.09290,0.40069,0.00000,0.00000,0.00000,
1630698565015366912,0.32783,0.04880,0.27619,0.99449,0.09771,0.03011,-0.02312,0.20218,0.10187,0.08137,0.33061,0.08978,0.39789,0.00000,0.00000,0.00000,
1630698565082038528,0.34110,0.05114,0.27847,0.99452,0.09835,0.02552,-0.02469,0.17253,0.02014,0.01379,0.33620,0.08441,0.39499,0.00000,0.00000,0.00000,
1630698565148709376,0.35040,0.04793,0.27272,0.99223,0.11801,0.03082,-0.02451,0.14169,-0.04666,-0.06253,0.33793,0.08190,0.39435,0.00000,0.00000,0.00000,
1630698565215380992,0.35785,0.04348,0.26595,0.99126,0.12468,0.03396,-0.02650,0.14099,-0.12169,-0.05014,0.35010,0.07112,0.39693,0.00000,0.00000,0.00000,
1630698565282051840,0.36538,0.03653,0.26548,0.99131,0.12365,0.03828,-0.02336,0.15359,-0.05777,0.03430,0.35821,0.06340,0.40013,0.00000,0.00000,0.00000,
1630698565348723456,0.37254,0.03014,0.26778,0.99115,0.12694,0.03064,-0.02403,0.12478,-0.07362,0.02444,0.36599,0.06208,0.39995,0.00000,0.00000,0.00000,
1630698565415395328,0.37781,0.02284,0.27011,0.99084,0.13062,0.02436,-0.02407,0.11482,-0.02671,0.05159,0.37089,0.06597,0.39764,0.00000,0.00000,0.00000,
1630698565482066176,0.38740,0.02474,0.26948,0.99215,0.12003,0.02685,-0.02250,0.09603,0.05573,0.00275,0.37485,0.06997,0.39690,0.00000,0.00000,0.00000,
1630698565548738048,0.39017,0.02988,0.26782,0.99325,0.11034,0.02896,-0.02089,0.08592,0.08712,0.03399,0.38097,0.07264,0.39967,0.00000,0.00000,0.00000,
1630698565615408640,0.39777,0.03408,0.26871,0.99292,0.11328,0.02926,-0.02060,0.11600,0.03346,0.06390,0.38663,0.07673,0.40014,0.00000,0.00000,0.00000,
1630698565682080512,0.40333,0.03893,0.26885,0.99294,0.11301,0.02837,-0.02218,0.09758,0.08906,0.06443,0.39278,0.07530,0.39971,0.00000,0.00000,0.00000,
1630698565748751360,0.40731,0.04261,0.26904,0.99352,0.10875,0.02462,-0.02182,0.08867,0.01183,0.02227,0.39688,0.06943,0.39700,0.00000,0.00000,0.00000,
1630698565815423232,0.41156,0.04070,0.26856,0.99320,0.11063,0.02681,-0.02441,0.06575,-0.02434,-0.00573,0.40050,0.06140,0.39438,0.00000,0.00000,0.00000,
1630698565882093312,0.41562,0.03778,0.26446,0.99256,0.11569,0.02956,-0.02393,0.05240,-0.08296,-0.02871,0.40433,0.05794,0.39778,0.00000,0.00000,0.00000,
1630698565948764928,0.42043,0.03068,0.25929,0.99170,0.12178,0.03338,-0.02407,0.07876,-0.09382,-0.07077,0.41063,0.05083,0.40390,0.00000,0.00000,0.00000,
1630698566015435008,0.42482,0.02320,0.26320,0.99165,0.12223,0.03580,-0.02012,0.08248,-0.12576,0.10630,0.41745,0.04909,0.40292,0.00000,0.00000,0.00000,
1630698566082106112,0.42671,0.01431,0.26795,0.99138,0.12655,0.02412,-0.02396,0.09236,-0.08807,0.03689,0.42463,0.05370,0.40013,0.00000,0.00000,0.00000,
1630698566148776192,0.43519,0.01642,0.26769,0.99138,0.12606,0.02462,-0.02575,0.11027,0.01690,-0.00306,0.43300,0.06128,0.39720,0.00000,0.00000,0.00000,
1630698566215447552,0.44243,0.02007,0.26554,0.99285,0.11370,0.02815,-0.02311,0.11121,0.09871,-0.01625,0.44634,0.06947,0.39774,0.00000,0.00000,0.00000,
1630698566282117632,0.45145,0.02755,0.26474,0.99335,0.10891,0.03074,-0.02114,0.14216,0.13727,-0.00058,0.45341,0.07369,0.39954,0.00000,0.00000,0.00000,
1630698566348788992,0.46025,0.03530,0.26219,0.99321,0.10887,0.03535,-0.02061,0.16647,0.06513,0.06125,0.46227,0.07524,0.40073,0.00000,0.00000,0.00000,
1630698566415459072,0.46776,0.04147,0.26606,0.99386,0.10495,0.02827,-0.02048,0.14268,0.07091,0.04523,0.47156,0.07121,0.39804,0.00000,0.00000,0.00000,
1630698566482130176,0.47967,0.04476,0.26936,0.99432,0.10163,0.02377,-0.02077,0.14051,-0.00518,0.02452,0.47803,0.06238,0.39462,0.00000,0.00000,0.00000,
1630698566548800512,0.48757,0.04246,0.26712,0.99374,0.10619,0.02740,-0.02125,0.12003,-0.04388,-0.04567,0.48348,0.05483,0.39286,0.00000,0.00000,0.00000,
1630698566615471616,0.49622,0.03941,0.26231,0.99283,0.11342,0.03175,-0.02057,0.11344,-0.11671,-0.08116,0.49035,0.04574,0.40277,0.00000,0.00000,0.00000,
1630698566682141696,0.50416,0.03063,0.25416,0.99177,0.12075,0.03762,-0.02003,0.13090,-0.13528,-0.01454,0.49678,0.03777,0.40856,0.00000,0.00000,0.00000,
1630698566748812800,0.51051,0.01807,0.25879,0.99141,0.12532,0.03222,-0.01924,0.12579,-0.19677,0.13657,0.50358,0.03577,0.40730,0.00000,0.00000,0.00000,
1630698566815484160,0.51500,0.00438,0.26527,0.99054,0.13399,0.01705,-0.02414,0.12029,-0.12741,-0.00331,0.51024,0.03947,0.40424,0.00000,0.00000,0.00000,
1630698566882154496,0.52617,0.00369,0.26389,0.99127,0.12874,0.01764,-0.02216,0.10817,0.01011,-0.01595,0.51556,0.04324,0.40454,0.00000,0.00000,0.00000,
1630698566948825600,0.53224,0.00678,0.26324,0.99405,0.10511,0.02224,-0.01784,0.08914,0.04373,-0.02041,0.52523,0.04770,0.40260,0.00000,0.00000,0.00000,
1630698567015495680,0.53837,0.01034,0.26305,0.99400,0.10636,0.02054,-0.01516,0.09429,0.04873,0.04057,0.53023,0.04743,0.40099,0.00000,0.00000,0.00000,
1630698567082166784,0.54473,0.01401,0.26420,0.99316,0.11402,0.02222,-0.01165,0.12644,0.06471,0.02590,0.53753,0.04143,0.39926,0.00000,0.00000,0.00000,
1630698567148837376,0.55236,0.01745,0.26313,0.99355,0.11110,0.02031,-0.01054,0.10902,-0.00064,-0.02284,0.54279,0.03254,0.39561,0.00000,0.00000,0.00000,
1630698567215508480,0.55931,0.01491,0.26131,0.99326,0.11298,0.02192,-0.01383,0.09779,-0.06429,-0.00893,0.54785,0.02400,0.39176,0.00000,0.00000,0.00000,
1630698567282178560,0.56496,0.01050,0.25682,0.99236,0.11957,0.02710,-0.01382,0.08495,-0.09926,-0.06794,0.55635,0.01370,0.39349,0.00000,0.00000,0.00000,
1630698567348849664,0.57202,0.00171,0.25033,0.99107,0.12854,0.03277,-0.01381,0.10907,-0.15029,-0.09543,0.56433,0.00056,0.40322,0.00000,0.00000,0.00000,
1630698567415520000,0.57852,-0.00766,0.24302,0.99070,0.12961,0.03966,-0.01186,0.14312,-0.12197,-0.00850,0.57045,-0.00746,0.40520,0.00000,0.00000,0.00000,
1630698567482191360,0.58663,-0.01997,0.25047,0.99122,0.12798,0.03101,-0.01220,0.11321,-0.18590,0.11665,0.57520,-0.01140,0.40403,0.00000,0.00000,0.00000,
1630698567548861440,0.59172,-0.03082,0.25373,0.99037,0.13665,0.01725,-0.01393,0.10244,-0.13908,0.01452,0.57695,-0.01506,0.40608,0.00000,0.00000,0.00000,
1630698567615532544,0.59791,-0.03788,0.25618,0.99119,0.13130,0.01312,-0.01172,0.06397,-0.05552,0.01323,0.58068,-0.01828,0.40531,0.00000,0.00000,0.00000,
1630698567682202880,0.60140,-0.03866,0.25506,0.99421,0.10590,0.01483,-0.01070,0.03787,-0.03433,-0.01531,0.58477,-0.02218,0.40049,0.00000,0.00000,0.00000,
1630698567748873984,0.60324,-0.04251,0.25618,0.99382,0.11014,0.00904,-0.01029,0.00931,-0.05777,0.07787,0.58950,-0.02898,0.39839,0.00000,0.00000,0.00000,
1630698567815544064,0.60584,-0.04559,0.25793,0.99310,0.11600,0.01182,-0.01241,0.04394,-0.00874,-0.00759,0.59547,-0.03769,0.39464,0.00000,0.00000,0.00000,
1630698567882215168,0.60902,-0.04462,0.25255,0.99313,0.11549,0.01525,-0.01126,0.05972,-0.04549,-0.06216,0.60476,-0.04779,0.39059,0.00000,0.00000,0.00000,
1630698567948885504,0.61412,-0.05010,0.24800,0.99234,0.12094,0.02026,-0.01486,0.07344,-0.08664,-0.03549,0.61288,-0.05295,0.39355,0.00000,0.00000,0.00000,
1630698568015556608,0.61948,-0.05556,0.24348,0.99148,0.12696,0.02502,-0.01498,0.09165,-0.11055,-0.06775,0.62253,-0.06059,0.39831,0.00000,0.00000,0.00000,
1630698568082227712,0.62639,-0.06323,0.23664,0.99051,0.13303,0.03079,-0.01576,0.14847,-0.12706,-0.10291,0.63469,-0.06529,0.39991,0.00000,0.00000,0.00000,
1630698568148897792,0.63624,-0.07134,0.23651,0.99145,0.12477,0.03599,-0.01306,0.16421,-0.09462,0.08303,0.64444,-0.06216,0.39723,0.00000,0.00000,0.00000,
1630698568215568896,0.64705,-0.07850,0.24191,0.99231,0.12003,0.02599,-0.01516,0.15061,-0.10272,0.05903,0.65463,-0.05488,0.39377,0.00000,0.00000,0.00000,
1630698568282238976,0.65909,-0.08621,0.24566,0.99176,0.12557,0.01977,-0.01608,0.14898,-0.04064,0.05885,0.66614,-0.04984,0.39493,0.00000,0.00000,0.00000,
1630698568348910080,0.66920,-0.08338,0.24531,0.99273,0.11759,0.02082,-0.01480,0.14307,0.07432,0.00496,0.67656,-0.04282,0.39692,0.00000,0.00000,0.00000,
1630698568415580160,0.67967,-0.07646,0.24279,0.99414,0.10440,0.02512,-0.01268,0.15001,0.12662,0.00926,0.68618,-0.03961,0.39770,0.00000,0.00000,0.00000,
1630698568482251520,0.69014,-0.07023,0.24488,0.99433,0.10196,0.02674,-0.01418,0.17914,0.06111,0.06920,0.69377,-0.03939,0.39684,0.00000,0.00000,0.00000,
1630698568548921600,0.70117,-0.06431,0.24982,0.99429,0.10249,0.02483,-0.01630,0.14995,0.10680,0.09843,0.70102,-0.04254,0.39533,0.00000,0.00000,0.00000,
1630698568615592704,0.71033,-0.05894,0.25098,0.99512,0.09521,0.01841,-0.01811,0.13987,0.04322,0.05603,0.70712,-0.04243,0.39859,0.00000,0.00000,0.00000,
1630698568682262784,0.71953,-0.05769,0.25179,0.99496,0.09639,0.01571,-0.02255,0.11275,0.01440,0.01217,0.71312,-0.04327,0.39971,0.00000,0.00000,0.00000,
1630698568748933888,0.72557,-0.05803,0.24870,0.99344,0.11058,0.01683,-0.02359,0.09127,-0.02748,-0.00959,0.72052,-0.04168,0.39854,0.00000,0.00000,0.00000,
1630698568815603968,0.73161,-0.05933,0.24554,0.99335,0.11099,0.01540,-0.02631,0.09738,-0.02532,0.02514,0.73213,-0.03347,0.39330,0.00000,0.00000,0.00000,
1630698568882275072,0.73764,-0.05984,0.25373,0.99365,0.10965,0.01625,-0.01907,0.09249,-0.00596,0.06578,0.74741,-0.02062,0.38734,0.00000,0.00000,0.00000,
1630698568948945408,0.74068,-0.06182,0.25364,0.99346,0.11148,0.01275,-0.02102,0.10258,0.02242,-0.00208,0.76286,-0.01261,0.38751,0.00000,0.00000,0.00000,
1630698569015616512,0.75274,-0.05642,0.25245,0.99379,0.10883,0.01462,-0.01786,0.13765,0.11006,-0.01557,0.77732,-0.00258,0.39231,0.00000,0.00000,0.00000,
1630698569082286592,0.76217,-0.04763,0.24948,0.99471,0.09927,0.02115,-0.01600,0.15464,0.16363,-0.01910,0.79331,0.00255,0.39450,0.00000,0.00000,0.00000,
1630698569148957696,0.77519,-0.03696,0.24819,0.99509,0.09429,0.02623,-0.01505,0.20939,0.19226,-0.03618,0.80436,0.00016,0.39077,0.00000,0.00000,0.00000,
1630698569215628032,0.78766,-0.02663,0.24317,0.99407,0.10223,0.03216,-0.01841,0.22355,0.08810,0.09668,0.81462,-0.00631,0.38651,0.00000,0.00000,0.00000,
1630698569282299392,0.80307,-0.01692,0.25156,0.99488,0.09650,0.02396,-0.01787,0.21994,0.15328,0.08354,0.82843,-0.01277,0.38929,0.00000,0.00000,0.00000,
1630698569348969472,0.81655,-0.00977,0.25417,0.99582,0.08782,0.01463,-0.02027,0.19556,0.07712,0.03587,0.83821,-0.01841,0.39128,0.00000,0.00000,0.00000,
1630698569415640576,0.82933,-0.00795,0.25283,0.99436,0.10253,0.01641,-0.02151,0.17839,0.01010,-0.08211,0.85205,-0.02058,0.39188,0.00000,0.00000,0.00000,
1630698569482311680,0.83811,-0.01159,0.24537,0.99164,0.12512,0.02297,-0.02148,0.16981,-0.06241,-0.09376,0.86048,-0.01738,0.38906,0.00000,0.00000,0.00000,
1630698569548982016,0.84920,-0.01701,0.24129,0.99183,0.12335,0.02425,-0.02181,0.19499,-0.03997,-0.01901,0.87622,-0.00760,0.38404,0.00000,0.00000,0.00000,
1630698569615653120,0.85924,-0.02255,0.24449,0.99264,0.11740,0.02387,-0.01745,0.15952,-0.08591,0.03796,0.89364,-0.00170,0.38767,0.00000,0.00000,0.00000,
1630698569682323200,0.86940,-0.02708,0.24635,0.99220,0.12251,0.01497,-0.01764,0.16747,-0.03587,0.03251,0.90577,0.00490,0.38934,0.00000,0.00000,0.00000,
1630698569748994304,0.88300,-0.02540,0.24556,0.99250,0.12003,0.01558,-0.01715,0.17643,0.04803,-0.03342,0.91434,0.00563,0.38957,0.00000,0.00000,0.00000,
1630698569815664640,0.89448,-0.01990,0.24272,0.99406,0.10591,0.01977,-0.01548,0.18311,0.12934,-0.02963,0.92635,0.00162,0.38685,0.00000,0.00000,0.00000,
1630698569882335744,0.90873,-0.01096,0.24011,0.99424,0.10393,0.02167,-0.01464,0.22571,0.14827,-0.03952,0.93552,-0.00659,0.38361,0.00000,0.00000,0.00000,
1630698569949005568,0.92178,-0.00724,0.24542,0.99389,0.10440,0.02772,-0.02262,0.19387,0.07220,0.13780,0.94550,-0.01204,0.38578,0.00000,0.00000,0.00000,
1630698570015676672,0.93273,-0.00156,0.25140,0.99452,0.10059,0.01936,-0.02081,0.18256,0.06693,0.02412,0.95182,-0.01715,0.39052,0.00000,0.00000,0.00000,
1630698570082347008,0.94484,0.00214,0.25163,0.99470,0.09837,0.01676,-0.02494,0.16935,-0.01591,0.01806,0.96106,-0.02306,0.39257,0.00000,0.00000,0.00000,
1630698570149018112,0.95495,0.00075,0.24837,0.99375,0.10695,0.01876,-0.02608,0.15242,-0.05268,-0.06570,0.97152,-0.02404,0.39139,0.00000,0.00000,0.00000,
1630698570215687936,0.96473,-0.00507,0.24317,0.99286,0.11410,0.02137,-0.02751,0.16424,-0.12278,-0.08215,0.98211,-0.01981,0.38785,0.00000,0.00000,0.00000,
1630698570282359040,0.97430,-0.01132,0.24050,0.99238,0.11814,0.02686,-0.02230,0.15610,-0.05743,0.07661,0.99413,-0.01307,0.38521,0.00000,0.00000,0.00000,
1630698570349029376,0.98407,-0.01859,0.24571,0.99238,0.11985,0.01930,-0.02112,0.15251,-0.09540,0.04959,1.00861,-0.00847,0.39212,0.00000,0.00000,0.00000,
1630698570415700224,0.99431,-0.02440,0.24644,0.99180,0.12529,0.01090,-0.02252,0.17556,-0.02905,-0.00890,1.01974,-0.00469,0.39169,0.00000,0.00000,0.00000,
1630698570482370304,1.00773,-0.02104,0.24473,0.99293,0.11596,0.01409,-0.02126,0.17350,0.07798,-0.04397,1.02977,-0.00746,0.38976,0.00000,0.00000,0.00000,
1630698570549041408,1.01730,-0.01499,0.24175,0.99430,0.10311,0.01803,-0.02021,0.17806,0.13071,-0.03939,1.03890,-0.01479,0.38529,0.00000,0.00000,0.00000,
1630698570615711488,1.03245,-0.00794,0.24036,0.99399,0.10609,0.01847,-0.01944,0.21276,0.10799,0.05774,1.04991,-0.02491,0.37972,0.00000,0.00000,0.00000,
1630698570682382592,1.04092,-0.00492,0.24794,0.99391,0.10538,0.02006,-0.02512,0.17253,0.09126,0.09859,1.06175,-0.03063,0.38291,0.00000,0.00000,0.00000,
1630698570749053696,1.05189,0.00006,0.24988,0.99439,0.10223,0.01387,-0.02317,0.17107,0.05026,-0.02197,1.07216,-0.03606,0.38543,0.00000,0.00000,0.00000,
1630698570815723776,1.06400,-0.00162,0.24753,0.99412,0.10379,0.01511,-0.02686,0.16214,-0.03436,-0.06740,1.08840,-0.03840,0.38462,0.00000,0.00000,0.00000,
1630698570882395136,1.07328,-0.00576,0.24082,0.99295,0.11326,0.01872,-0.02952,0.15977,-0.08865,-0.11898,1.09906,-0.03512,0.38104,0.00000,0.00000,0.00000,
1630698570949065216,1.08562,-0.01242,0.23221,0.99231,0.11705,0.02443,-0.03206,0.20346,-0.12103,-0.14419,1.11953,-0.02484,0.37405,0.00000,0.00000,0.00000,
1630698571015736320,1.09799,-0.01849,0.23429,0.99255,0.11460,0.03139,-0.02679,0.18113,-0.07740,0.09510,1.13732,-0.01963,0.37715,0.00000,0.00000,0.00000,
1630698571082406656,1.10891,-0.02400,0.23631,0.99236,0.11858,0.02034,-0.02721,0.19591,-0.05682,-0.00018,1.15726,-0.00852,0.38523,0.00000,0.00000,0.00000,
1630698571149078016,1.12176,-0.02556,0.23832,0.99222,0.12046,0.01601,-0.02722,0.22821,0.00731,-0.02465,1.17133,-0.00617,0.38583,0.00000,0.00000,0.00000,
1630698571215748352,1.13522,-0.01886,0.23373,0.99378,0.10586,0.02224,-0.02651,0.23039,0.11678,-0.06097,1.18335,-0.01108,0.38166,0.00000,0.00000,0.00000,
1630698571282419456,1.15402,-0.01049,0.23055,0.99477,0.09536,0.02638,-0.02528,0.27119,0.16137,-0.04663,1.19836,-0.02244,0.37711,0.00000,0.00000,0.00000,
1630698571349089536,1.17171,-0.00113,0.22707,0.99376,0.10201,0.03335,-0.03024,0.28431,0.05196,0.06663,1.21024,-0.02787,0.38251,0.00000,0.00000,0.00000,
1630698571415760896,1.18684,0.00818,0.23796,0.99455,0.09536,0.02652,-0.03286,0.25486,0.14935,0.14082,1.22001,-0.03569,0.38925,0.00000,0.00000,0.00000,
1630698571482431232,1.20174,0.01546,0.24406,0.99578,0.08459,0.01648,-0.03165,0.23618,0.08179,0.03003,1.23114,-0.04030,0.39015,0.00000,0.00000,0.00000,
1630698571549102592,1.21683,0.01644,0.24277,0.99493,0.09394,0.01618,-0.03206,0.21318,-0.01086,-0.06147,1.24219,-0.03893,0.38773,0.00000,0.00000,0.00000,
1630698571615772672,1.22602,0.01061,0.23818,0.99265,0.11457,0.02362,-0.03092,0.20310,-0.07680,-0.10455,1.25669,-0.03256,0.38356,0.00000,0.00000,0.00000,
1630698571682444032,1.24171,0.00252,0.23565,0.99263,0.11402,0.02610,-0.03180,0.21542,-0.12566,0.03204,1.26875,-0.03040,0.38812,0.00000,0.00000,0.00000,
1630698571749114368,1.25165,-0.00593,0.23991,0.99314,0.11122,0.02924,-0.02136,0.18273,-0.12031,0.09273,1.28001,-0.02450,0.39193,0.00000,0.00000,0.00000,
1630698571815785472,1.25535,-0.01556,0.24461,0.99302,0.11482,0.01264,-0.02373,0.17564,-0.09021,0.01102,1.29294,-0.02381,0.39193,0.00000,0.00000,0.00000,
1630698571882455808,1.26583,-0.02030,0.24655,0.99332,0.11243,0.01045,-0.02378,0.17064,-0.01009,-0.01689,1.30216,-0.02894,0.38922,0.00000,0.00000,0.00000,
1630698571949126912,1.27649,-0.01686,0.24535,0.99540,0.09175,0.01494,-0.02320,0.16541,0.07129,-0.02995,1.31101,-0.03887,0.38515,0.00000,0.00000,0.00000,
1630698572015797248,1.28921,-0.01167,0.24330,0.99579,0.08732,0.01626,-0.02277,0.18815,0.11134,-0.00901,1.32105,-0.04770,0.38548,0.00000,0.00000,0.00000,
1630698572082468608,1.30007,-0.00977,0.24528,0.99486,0.09493,0.02024,-0.02896,0.16910,-0.00458,0.14541,1.32911,-0.05643,0.39268,0.00000,0.00000,0.00000,
1630698572149139712,1.31128,-0.00458,0.25199,0.99538,0.09134,0.01293,-0.02671,0.17694,0.08266,0.02732,1.33772,-0.06275,0.39412,0.00000,0.00000,0.00000,
1630698572215809792,1.32290,-0.00189,0.25345,0.99564,0.08887,0.00978,-0.02654,0.16298,-0.01013,0.00713,1.34565,-0.06282,0.39284,0.00000,0.00000,0.00000,
1630698572282481152,1.33265,-0.00385,0.25052,0.99525,0.09256,0.01341,-0.02695,0.15079,-0.06467,-0.04886,1.35132,-0.06031,0.39058,0.00000,0.00000,0.00000,
1630698572349151488,1.34248,-0.00996,0.24580,0.99441,0.10023,0.01906,-0.02709,0.15166,-0.13068,-0.08680,1.35723,-0.05714,0.38929,0.00000,0.00000,0.00000,
1630698572415822848,1.35283,-0.01922,0.24102,0.99360,0.10742,0.02371,-0.02576,0.17009,-0.14406,0.02283,1.36625,-0.05495,0.39182,0.00000,0.00000,0.00000,
1630698572482492928,1.36000,-0.02951,0.24764,0.99351,0.10969,0.02106,-0.02173,0.13461,-0.15028,0.12945,1.37488,-0.05235,0.39144,0.00000,0.00000,0.00000,
1630698572549164032,1.36559,-0.03807,0.24949,0.99283,0.11698,0.00783,-0.02339,0.13414,-0.08133,0.00947,1.38322,-0.05408,0.39028,0.00000,0.00000,0.00000,
1630698572615834368,1.37727,-0.03911,0.24907,0.99341,0.11254,0.00727,-0.02044,0.12315,0.01355,0.00268,1.39078,-0.05936,0.38792,0.00000,0.00000,0.00000,
1630698572682505728,1.38436,-0.03640,0.24688,0.99556,0.09162,0.01077,-0.01883,0.11018,0.07092,-0.03278,1.40097,-0.07151,0.38297,0.00000,0.00000,0.00000,
1630698572749176064,1.39277,-0.03206,0.24633,0.99568,0.09070,0.01035,-0.01676,0.12827,0.08032,0.01854,1.41394,-0.08041,0.38665,0.00000,0.00000,0.00000,
1630698572815847168,1.40195,-0.03021,0.24941,0.99493,0.09799,0.01274,-0.01873,0.13327,0.05690,0.06321,1.42284,-0.08673,0.39030,0.00000,0.00000,0.00000,
1630698572882517248,1.41011,-0.02724,0.24821,0.99509,0.09703,0.00975,-0.01720,0.12764,0.02391,-0.03338,1.43014,-0.08955,0.39129,0.00000,0.00000,0.00000,
1630698572949188352,1.41859,-0.02943,0.24690,0.99491,0.09817,0.01091,-0.01972,0.12487,-0.05164,-0.02583,1.44007,-0.08835,0.38912,0.00000,0.00000,0.00000,
1630698573015858688,1.42668,-0.03259,0.24274,0.99427,0.10398,0.01433,-0.02043,0.12013,-0.09280,-0.07909,1.45085,-0.08245,0.38535,0.00000,0.00000,0.00000,
1630698573082529792,1.43603,-0.04037,0.23688,0.99338,0.11138,0.01892,-0.02095,0.15451,-0.14344,-0.11493,1.46293,-0.07481,0.38351,0.00000,0.00000,0.00000,
1630698573149199872,1.44424,-0.04741,0.23278,0.99315,0.11286,0.02428,-0.01783,0.15400,-0.06384,0.07546,1.47440,-0.06986,0.38824,0.00000,0.00000,0.00000,
1630698573215870976,1.45421,-0.05486,0.23722,0.99372,0.10936,0.01708,-0.01629,0.13867,-0.10473,0.03010,1.48677,-0.06422,0.38874,0.00000,0.00000,0.00000,
1630698573282541312,1.46639,-0.06124,0.23821,0.99321,0.11468,0.00952,-0.01701,0.15634,-0.04794,0.00249,1.49500,-0.06469,0.38754,0.00000,0.00000,0.00000,
1630698573349212416,1.47548,-0.05772,0.23617,0.99399,0.10771,0.01117,-0.01626,0.14869,0.06246,-0.05554,1.49968,-0.06755,0.38573,0.00000,0.00000,0.00000,
1630698573415882240,1.48616,-0.05274,0.23310,0.99530,0.09451,0.01554,-0.01461,0.16074,0.12604,-0.05077,1.50611,-0.07332,0.38381,0.00000,0.00000,0.00000,
1630698573482553600,1.49974,-0.04595,0.23165,0.99542,0.09281,0.01827,-0.01357,0.17817,0.07369,0.07270,1.51273,-0.07396,0.38955,0.00000,0.00000,0.00000,
1630698573549224704,1.50833,-0.04029,0.23670,0.99536,0.09219,0.01957,-0.01958,0.14792,0.10639,0.08843,1.51999,-0.07712,0.38940,0.00000,0.00000,0.00000,
1630698573615894784,1.51780,-0.03432,0.23890,0.99589,0.08794,0.01049,-0.01907,0.14194,0.05945,-0.01455,1.52535,-0.07517,0.38896,0.00000,0.00000,0.00000,
1630698573682565888,1.52846,-0.03372,0.23889,0.99602,0.08523,0.00933,-0.02423,0.11927,0.00283,-0.04688,1.53257,-0.07024,0.38531,0.00000,0.00000,0.00000,
1630698573749236224,1.53536,-0.03556,0.23599,0.99478,0.09773,0.01121,-0.02706,0.09333,-0.05214,-0.05653,1.54293,-0.05942,0.38150,0.00000,0.00000,0.00000,
1630698573815907328,1.54192,-0.03910,0.23281,0.99429,0.10155,0.01247,-0.03032,0.10371,-0.07878,-0.05527,1.55651,-0.05088,0.38355,0.00000,0.00000,0.00000,
1630698573882577408,1.54836,-0.04160,0.23846,0.99457,0.09993,0.01558,-0.02446,0.09513,-0.02053,0.07644,1.56659,-0.04222,0.38690,0.00000,0.00000,0.00000,
1630698573949248512,1.55268,-0.04238,0.23923,0.99458,0.10053,0.00797,-0.02550,0.09759,-0.02566,-0.04684,1.57581,-0.03783,0.38896,0.00000,0.00000,0.00000,
1630698574015918848,1.56101,-0.04260,0.23939,0.99449,0.10220,0.00708,-0.02218,0.11142,0.05722,-0.00251,1.58627,-0.03904,0.38641,0.00000,0.00000,0.00000,
1630698574082589952,1.56680,-0.03570,0.23703,0.99550,0.09173,0.01389,-0.01909,0.10025,0.10424,-0.04112,1.59177,-0.04235,0.38681,0.00000,0.00000,0.00000,
1630698574149260032,1.57621,-0.02905,0.23536,0.99602,0.08554,0.01796,-0.01764,0.12612,0.14004,-0.01485,1.59616,-0.04157,0.39116,0.00000,0.00000,0.00000,
1630698574215931136,1.58547,-0.01956,0.23349,0.99527,0.09256,0.02271,-0.01900,0.16778,0.07804,0.01978,1.60368,-0.04378,0.39078,0.00000,0.00000,0.00000,
1630698574282601472,1.59421,-0.01159,0.23904,0.99559,0.08970,0.01837,-0.02037,0.14601,0.13935,0.08809,1.61157,-0.03982,0.38958,0.00000,0.00000,0.00000,
1630698574349272576,1.60215,-0.00497,0.24375,0.99651,0.08027,0.00960,-0.02065,0.13590,0.06745,0.04466,1.62540,-0.02781,0.38327,0.00000,0.00000,0.00000,
1630698574415942656,1.61138,-0.00255,0.24501,0.99651,0.07964,0.00761,-0.02372,0.11237,0.02503,-0.01178,1.63854,-0.01739,0.37828,0.00000,0.00000,0.00000,
1630698574482613760,1.61799,-0.00405,0.24322,0.99509,0.09538,0.01146,-0.02372,0.08769,-0.02602,-0.04841,1.65540,-0.00628,0.38453,0.00000,0.00000,0.00000,
1630698574549284096,1.62476,-0.00552,0.23941,0.99465,0.09925,0.01197,-0.02593,0.08261,-0.03421,0.06007,1.66481,0.00104,0.38744,0.00000,0.00000,0.00000,
1630698574615955200,1.62891,-0.00686,0.24607,0.99499,0.09738,0.01022,-0.02005,0.08349,-0.03227,0.03352,1.67638,0.00574,0.38857,0.00000,0.00000,0.00000,
1630698574682625280,1.63375,-0.00992,0.24705,0.99478,0.09920,0.00589,-0.02304,0.08815,-0.01581,-0.00959,1.68863,0.00446,0.38479,0.00000,0.00000,0.00000,
1630698574749296384,1.64369,-0.00468,0.24682,0.99503,0.09721,0.00796,-0.02025,0.10998,0.07961,-0.01003,1.69520,0.00061,0.38295,0.00000,0.00000,0.00000,
1630698574815967488,1.65169,0.00239,0.24388,0.99589,0.08736,0.01510,-0.01843,0.11902,0.12317,-0.01564,1.70258,-0.00380,0.38259,0.00000,0.00000,0.00000,
1630698574882637824,1.66253,0.01133,0.24274,0.99609,0.08433,0.01924,-0.01820,0.16788,0.16037,-0.01977,1.71242,-0.00602,0.38646,0.00000,0.00000,0.00000,
1630698574949309184,1.67628,0.02092,0.24199,0.99514,0.09303,0.02617,-0.01876,0.20121,0.09605,0.07635,1.72489,-0.01231,0.38869,0.00000,0.00000,0.00000,
1630698575015979264,1.68694,0.02904,0.25112,0.99579,0.08699,0.01953,-0.02122,0.17454,0.14767,0.12899,1.74100,-0.00985,0.38450,0.00000,0.00000,0.00000,
1630698575082650624,1.69785,0.03663,0.25726,0.99670,0.07813,0.00915,-0.02004,0.16329,0.08689,0.05734,1.75465,-0.00092,0.37997,0.00000,0.00000,0.00000,
1630698575149320960,1.70969,0.03967,0.25810,0.99598,0.08653,0.01000,-0.02093,0.14271,0.01992,-0.01829,1.77223,0.00951,0.37434,0.00000,0.00000,0.00000,
1630698575215992320,1.71865,0.03675,0.25463,0.99371,0.10941,0.01577,-0.01786,0.12580,-0.03893,-0.05311,1.79297,0.02000,0.38256,0.00000,0.00000,0.00000,
1630698575282662400,1.72848,0.03314,0.25195,0.99359,0.11009,0.01551,-0.02051,0.14162,-0.09174,-0.02467,1.81201,0.02924,0.38534,0.00000,0.00000,0.00000,
1630698575349333760,1.73857,0.03144,0.25405,0.99456,0.10135,0.01940,-0.01401,0.13349,-0.05982,0.09275,1.82523,0.02639,0.38309,0.00000,0.00000,0.00000,
1630698575416003840,1.74763,0.02563,0.25729,0.99414,0.10634,0.01046,-0.01612,0.14628,-0.07548,0.01673,1.84120,0.01608,0.37699,0.00000,0.00000,0.00000,
1630698575482675200,1.75917,0.02321,0.25760,0.99391,0.10845,0.00687,-0.01818,0.17991,0.00292,-0.00591,1.85482,0.00625,0.37604,0.00000,0.00000,0.00000,
1630698575549345536,1.77019,0.02949,0.25396,0.99510,0.09623,0.01504,-0.01696,0.17739,0.12526,-0.03165,1.86358,0.00103,0.38133,0.00000,0.00000,0.00000,
1630698575616016896,1.78457,0.03672,0.25148,0.99571,0.08938,0.01793,-0.01591,0.21133,0.15788,-0.02116,1.87637,-0.01026,0.38830,0.00000,0.00000,0.00000,
1630698575682686976,1.80008,0.04841,0.24762,0.99455,0.10031,0.02327,-0.01648,0.26237,0.12527,0.02212,1.88588,-0.01475,0.38856,0.00000,0.00000,0.00000,
1630698575749358336,1.81384,0.05591,0.25690,0.99510,0.09407,0.02017,-0.02262,0.21926,0.13668,0.16460,1.89604,-0.01334,0.38541,0.00000,0.00000,0.00000,
1630698575816028672,1.82908,0.06558,0.26547,0.99627,0.08349,0.00856,-0.02001,0.21553,0.08786,0.02683,1.90374,-0.01131,0.38639,0.00000,0.00000,0.00000,
1630698575882700032,1.84448,0.06592,0.26480,0.99574,0.08920,0.00797,-0.02193,0.19339,-0.03579,-0.03127,1.91111,-0.01212,0.39116,0.00000,0.00000,0.00000,
1630698575949370112,1.85803,0.06058,0.25914,0.99336,0.11184,0.01673,-0.02108,0.19151,-0.09116,-0.10589,1.92058,-0.01138,0.39020,0.00000,0.00000,0.00000,
1630698576016041216,1.87257,0.05412,0.25192,0.99252,0.11812,0.02162,-0.02185,0.22035,-0.15507,-0.11894,1.92796,-0.01546,0.38890,0.00000,0.00000,0.00000,
1630698576082712320,1.88759,0.04784,0.25218,0.99302,0.11424,0.02626,-0.01304,0.17542,-0.11922,0.15897,1.93722,-0.02568,0.38430,0.00000,0.00000,0.00000,
1630698576149382656,1.89973,0.03868,0.25993,0.99283,0.11811,0.01054,-0.01533,0.15809,-0.15124,0.09034,1.94654,-0.03648,0.38055,0.00000,0.00000,0.00000,
1630698576216053760,1.91067,0.03050,0.26261,0.99197,0.12553,0.00171,-0.01508,0.15193,-0.08764,0.02480,1.95805,-0.04805,0.39204,0.00000,0.00000,0.00000,
1630698576282723840,1.92134,0.02811,0.26308,0.99377,0.11046,0.00340,-0.01450,0.12021,-0.00065,0.00483,1.96844,-0.05866,0.39707,0.00000,0.00000,0.00000,
1630698576349394944,1.92859,0.03145,0.26098,0.99576,0.09051,0.00850,-0.01427,0.10934,0.03057,0.01531,1.97741,-0.05972,0.39560,0.00000,0.00000,0.00000,
1630698576416065280,1.93812,0.03188,0.26344,0.99526,0.09577,0.00547,-0.01591,0.12248,-0.03674,0.07243,1.98573,-0.05577,0.39149,0.00000,0.00000,0.00000,
1630698576482736384,1.94350,0.03365,0.26819,0.99445,0.10314,0.00644,-0.01953,0.10260,0.04621,0.06780,1.99454,-0.05007,0.39019,0.00000,0.00000,0.00000,
1630698576549406464,1.95295,0.03526,0.26712,0.99455,0.10256,0.00522,-0.01778,0.11080,-0.02265,0.02088,2.00557,-0.04479,0.39093,0.00000,0.00000,0.00000,
1630698576616077568,1.96074,0.03189,0.26475,0.99412,0.10611,0.00941,-0.01921,0.10962,-0.05068,-0.03100,2.01511,-0.04148,0.39100,0.00000,0.00000,0.00000,
1630698576682747904,1.96795,0.02723,0.25984,0.99325,0.11371,0.01496,-0.01755,0.11630,-0.11378,-0.06341,2.02480,-0.04297,0.39104,0.00000,0.00000,0.00000,
1630698576749419264,1.97664,0.01875,0.25324,0.99252,0.11901,0.02135,-0.01700,0.15065,-0.14433,-0.10843,2.03391,-0.04974,0.38673,0.00000,0.00000,0.00000,
1630698576816089344,1.98776,0.00969,0.25324,0.99305,0.11483,0.02317,-0.01181,0.15251,-0.16185,0.12335,2.04366,-0.06271,0.38149,0.00000,0.00000,0.00000,
1630698576882760448,1.99726,-0.00196,0.26356,0.99316,0.11544,0.00747,-0.01600,0.13370,-0.15008,0.11452,2.05305,-0.07437,0.37631,0.00000,0.00000,0.00000,
1630698576949430784,2.00728,-0.01054,0.26387,0.99228,0.12278,-0.00144,-0.01737,0.13984,-0.05859,-0.01764,2.06595,-0.08559,0.38180,0.00000,0.00000,0.00000,
1630698577016101888,2.01629,-0.00929,0.26202,0.99451,0.10337,0.00063,-0.01600,0.12542,0.05473,-0.03330,2.07740,-0.09725,0.38933,0.00000,0.00000,0.00000,
1630698577082771968,2.02420,-0.00518,0.25777,0.99602,0.08771,0.00684,-0.01462,0.11244,0.09523,0.00279,2.09269,-0.10575,0.39083,0.00000,0.00000,0.00000,
1630698577149443072,2.03528,0.00042,0.25797,0.99526,0.09639,0.00409,-0.01223,0.17231,0.11606,-0.00664,2.10420,-0.10518,0.38801,0.00000,0.00000,0.00000,
1630698577216113408,2.04433,0.00582,0.25915,0.99474,0.10116,0.00812,-0.01410,0.14257,0.09422,0.04245,2.11628,-0.10056,0.38452,0.00000,0.00000,0.00000,
1630698577282784768,2.05183,0.01090,0.26078,0.99523,0.09628,0.00320,-0.01547,0.13312,0.01217,0.02418,2.12893,-0.09862,0.38693,0.00000,0.00000,0.00000,
1630698577349454848,2.06184,0.00892,0.25986,0.99506,0.09770,0.00447,-0.01726,0.14098,-0.04404,-0.05778,2.13748,-0.09578,0.38897,0.00000,0.00000,0.00000,
1630698577416125952,2.07082,0.00341,0.25401,0.99415,0.10605,0.01199,-0.01678,0.13394,-0.13536,-0.09793,2.14862,-0.09410,0.38862,0.00000,0.00000,0.00000,
1630698577482797056,2.08261,-0.00663,0.24612,0.99282,0.11692,0.01968,-0.01591,0.18139,-0.18310,-0.16459,2.15842,-0.09771,0.38754,0.00000,0.00000,0.00000,
1630698577549467392,2.09645,-0.01979,0.23752,0.99219,0.12053,0.02936,-0.01327,0.21080,-0.12797,0.00564,2.17007,-0.10889,0.38278,0.00000,0.00000,0.00000,
1630698577616138496,2.10888,-0.03201,0.24274,0.99274,0.11802,0.02020,-0.01140,0.17848,-0.18971,0.10988,2.18444,-0.12470,0.37771,0.00000,0.00000,0.00000,
1630698577682808576,2.12050,-0.04291,0.24652,0.99226,0.12318,0.00637,-0.01430,0.18604,-0.11970,0.01840,2.19825,-0.13550,0.38381,0.00000,0.00000,0.00000,
1630698577749479936,2.13317,-0.04820,0.24605,0.99273,0.11962,0.00281,-0.01302,0.16267,-0.01068,0.01292,2.20929,-0.14336,0.38561,0.00000,0.00000,0.00000,
1630698577816150272,2.14438,-0.04643,0.24337,0.99517,0.09712,0.00602,-0.01317,0.15638,0.07178,-0.02787,2.22098,-0.14607,0.38508,0.00000,0.00000,0.00000,
1630698577882821376,2.15645,-0.04078,0.24164,0.99588,0.08956,0.00797,-0.01160,0.17936,0.11578,-0.00238,2.22923,-0.14408,0.38146,0.00000,0.00000,0.00000,
1630698577949491456,2.16782,-0.03968,0.24332,0.99514,0.09592,0.01156,-0.01913,0.16052,-0.02700,0.09931,2.24132,-0.13811,0.37698,0.00000,0.00000,0.00000,
1630698578016162560,2.17899,-0.03596,0.24660,0.99494,0.09860,0.00815,-0.01721,0.15614,0.06159,-0.00558,2.25111,-0.13497,0.37755,0.00000,0.00000,0.00000,
1630698578082832896,2.19034,-0.03539,0.24714,0.99506,0.09704,0.00563,-0.02035,0.14690,-0.03816,0.00297,2.26208,-0.13070,0.38414,0.00000,0.00000,0.00000,
1630698578149504000,2.19974,-0.03851,0.24388,0.99451,0.10195,0.00801,-0.02207,0.13710,-0.06888,-0.07703,2.27217,-0.12565,0.38445,0.00000,0.00000,0.00000,
1630698578216174080,2.20938,-0.04614,0.23775,0.99335,0.11184,0.01338,-0.02366,0.15398,-0.15275,-0.09713,2.28094,-0.12657,0.38367,0.00000,0.00000,0.00000,
1630698578282845184,2.22179,-0.05676,0.22997,0.99285,0.11503,0.02064,-0.02448,0.18228,-0.15640,0.00471,2.28795,-0.13107,0.38201,0.00000,0.00000,0.00000,
1630698578349515264,2.23477,-0.06635,0.23060,0.99279,0.11659,0.02262,-0.01616,0.16687,-0.14379,0.04041,2.29524,-0.13908,0.37927,0.00000,0.00000,0.00000,
1630698578416186368,2.24466,-0.07515,0.23286,0.99228,0.12254,0.00786,-0.01748,0.17170,-0.10353,-0.01133,2.30148,-0.14380,0.37959,0.00000,0.00000,0.00000,
1630698578482856448,2.25803,-0.08060,0.23186,0.99235,0.12224,0.00473,-0.01640,0.16910,-0.02819,-0.01759,2.30932,-0.15027,0.38558,0.00000,0.00000,0.00000,
1630698578549527552,2.26970,-0.07873,0.22824,0.99496,0.09826,0.01071,-0.01665,0.15865,0.07402,-0.04985,2.31667,-0.15348,0.38580,0.00000,0.00000,0.00000,
1630698578616197888,2.28071,-0.07185,0.22593,0.99593,0.08741,0.01495,-0.01595,0.17371,0.12835,-0.01942,2.32271,-0.15261,0.38528,0.00000,0.00000,0.00000,
1630698578682868992,2.29396,-0.06793,0.22740,0.99512,0.09463,0.01901,-0.02052,0.16844,-0.01300,0.08093,2.33076,-0.14830,0.38200,0.00000,0.00000,0.00000,
1630698578749540096,2.30307,-0.06185,0.23403,0.99500,0.09594,0.01426,-0.02370,0.14476,0.14049,0.06781,2.34025,-0.14089,0.37876,0.00000,0.00000,0.00000,
1630698578816210176,2.31378,-0.05788,0.23440,0.99536,0.09252,0.00899,-0.02493,0.14192,0.02857,-0.01373,2.35110,-0.13594,0.38064,0.00000,0.00000,0.00000,
1630698578882881280,2.32309,-0.05862,0.23368,0.99513,0.09369,0.00819,-0.02943,0.11637,-0.02450,-0.03754,2.36067,-0.12905,0.38492,0.00000,0.00000,0.00000,
1630698578949551616,2.32983,-0.06205,0.23081,0.99439,0.10055,0.00944,-0.03141,0.11103,-0.07784,-0.06991,2.36972,-0.12647,0.38420,0.00000,0.00000,0.00000,
1630698579016222720,2.33781,-0.06806,0.22611,0.99376,0.10574,0.01338,-0.03290,0.13005,-0.09117,-0.08228,2.37729,-0.12802,0.38396,0.00000,0.00000,0.00000,
1630698579082892800,2.34497,-0.07275,0.22889,0.99368,0.10787,0.01924,-0.02427,0.10707,-0.05685,0.09822,2.38325,-0.13356,0.38191,0.00000,0.00000,0.00000,
1630698579149563904,2.35058,-0.07861,0.23162,0.99340,0.11134,0.00853,-0.02614,0.10330,-0.07229,-0.00053,2.39338,-0.14340,0.38050,0.00000,0.00000,0.00000,
1630698579216233984,2.35895,-0.08125,0.23062,0.99332,0.11269,0.00499,-0.02451,0.12411,0.00630,0.00309,2.39864,-0.14697,0.38575,0.00000,0.00000,0.00000,
1630698579282905088,2.36736,-0.07864,0.22929,0.99439,0.10316,0.00876,-0.02190,0.11808,0.07493,-0.03857,2.40314,-0.15113,0.38648,0.00000,0.00000,0.00000,
1630698579349575168,2.37660,-0.07242,0.22811,0.99507,0.09620,0.01221,-0.02058,0.12980,0.13272,-0.00755,2.41148,-0.15214,0.38603,0.00000,0.00000,0.00000,
1630698579416246528,2.38782,-0.06413,0.22640,0.99486,0.09817,0.01498,-0.01954,0.16552,0.10165,0.06417,2.42212,-0.14640,0.38208,0.00000,0.00000,0.00000,
1630698579482916608,2.39610,-0.06019,0.23167,0.99489,0.09592,0.01691,-0.02658,0.13470,0.10972,0.11450,2.43349,-0.13816,0.37817,0.00000,0.00000,0.00000,
1630698579549587712,2.40455,-0.05339,0.23536,0.99530,0.09363,0.00864,-0.02315,0.13148,0.07657,-0.00405,2.44878,-0.13096,0.38114,0.00000,0.00000,0.00000,
1630698579616257792,2.41461,-0.05208,0.23682,0.99545,0.09084,0.00655,-0.02802,0.11620,-0.00471,0.02522,2.45989,-0.12343,0.38408,0.00000,0.00000,0.00000,
1630698579682928896,2.42144,-0.05365,0.23432,0.99499,0.09514,0.00848,-0.02936,0.09433,-0.05105,-0.05097,2.47051,-0.12182,0.38403,0.00000,0.00000,0.00000,
1630698579749598976,2.42778,-0.05913,0.23071,0.99437,0.10037,0.01075,-0.03217,0.10160,-0.10192,-0.06689,2.47903,-0.12328,0.38253,0.00000,0.00000,0.00000,
1630698579816270080,2.43473,-0.06439,0.22545,0.99362,0.10755,0.01707,-0.02921,0.10836,-0.03754,0.02225,2.48910,-0.12969,0.37851,0.00000,0.00000,0.00000,
1630698579882940416,2.43827,-0.06991,0.22964,0.99377,0.10852,0.01388,-0.02118,0.07999,-0.08725,0.05517,2.50124,-0.13987,0.37512,0.00000,0.00000,0.00000,
1630698579949611776,2.44302,-0.07624,0.23010,0.99321,0.11377,0.00478,-0.02401,0.10671,-0.04356,0.00455,2.51372,-0.14525,0.38080,0.00000,0.00000,0.00000,
1630698580016282112,2.45169,-0.07406,0.22865,0.99365,0.11002,0.00762,-0.02250,0.11807,0.04798,-0.02945,2.52527,-0.15312,0.38744,0.00000,0.00000,0.00000,
1630698580082953472,2.46037,-0.07068,0.22747,0.99472,0.09977,0.01129,-0.02128,0.12821,0.11956,-0.02609,2.54305,-0.15578,0.38550,0.00000,0.00000,0.00000,
1630698580149624832,2.47121,-0.06209,0.22720,0.99513,0.09535,0.01438,-0.02052,0.17750,0.15697,-0.03599,2.55831,-0.14904,0.38011,0.00000,0.00000,0.00000,
1630698580216295168,2.48206,-0.05555,0.22770,0.99469,0.09779,0.02163,-0.02358,0.15945,0.03372,0.09747,2.57112,-0.14142,0.37563,0.00000,0.00000,0.00000,
1630698580282966528,2.49263,-0.04841,0.23506,0.99531,0.09312,0.01338,-0.02254,0.15365,0.11272,0.07316,2.59534,-0.13002,0.37138,0.00000,0.00000,0.00000,
1630698580349637120,2.50314,-0.04469,0.23810,0.99574,0.08902,0.00907,-0.02213,0.15412,0.01987,0.02540,2.61220,-0.11813,0.38101,0.00000,0.00000,0.00000,
1630698580416308480,2.51397,-0.04442,0.23681,0.99502,0.09647,0.01307,-0.02119,0.15341,-0.01525,-0.05714,2.63221,-0.10911,0.38357,0.00000,0.00000,0.00000,
1630698580482979072,2.52374,-0.04849,0.23171,0.99387,0.10715,0.01919,-0.01934,0.15229,-0.11397,-0.07283,2.64248,-0.11003,0.38152,0.00000,0.00000,0.00000,
1630698580549650432,2.53670,-0.05594,0.22523,0.99353,0.10931,0.02244,-0.02112,0.20057,-0.11734,-0.08825,2.64898,-0.11185,0.37920,0.00000,0.00000,0.00000,
1630698580616320768,2.54876,-0.06167,0.22837,0.99357,0.10958,0.02577,-0.01168,0.16953,-0.11732,0.11006,2.66176,-0.11801,0.37537,0.00000,0.00000,0.00000,
1630698580682992128,2.55834,-0.07119,0.23424,0.99310,0.11573,0.01061,-0.01549,0.17905,-0.10014,0.04697,2.68088,-0.12674,0.37535,0.00000,0.00000,0.00000,
1630698580749662720,2.57425,-0.07253,0.23333,0.99306,0.11611,0.00819,-0.01694,0.21130,0.02342,-0.04658,2.69094,-0.13197,0.37845,0.00000,0.00000,0.00000,
1630698580816334080,2.58804,-0.06716,0.23147,0.99497,0.09804,0.01352,-0.01546,0.21358,0.14346,-0.05831,2.70476,-0.13724,0.37984,0.00000,0.00000,0.00000,
1630698580883004160,2.60451,-0.05766,0.22854,0.99578,0.08881,0.01792,-0.01438,0.25466,0.19247,-0.04793,2.71748,-0.13683,0.37869,0.00000,0.00000,0.00000,
1630698580949675264,2.62301,-0.04456,0.22379,0.99469,0.09872,0.02504,-0.01504,0.27566,0.13928,0.00272,2.73485,-0.12936,0.37191,0.00000,0.00000,0.00000,
1630698581016345600,2.63920,-0.03406,0.23372,0.99531,0.09264,0.01924,-0.02022,0.23266,0.19087,0.17768,2.74979,-0.11982,0.36574,0.00000,0.00000,0.00000,
1630698581083016960,2.65432,-0.02317,0.24266,0.99668,0.07909,0.00552,-0.01856,0.22482,0.15077,0.06076,2.78031,-0.10409,0.35618,0.00000,0.00000,0.00000,
1630698581149687040,2.66975,-0.01929,0.24316,0.99601,0.08688,0.00346,-0.02027,0.19929,0.02887,-0.02331,2.79655,-0.09464,0.36250,0.00000,0.00000,0.00000,
1630698581216358144,2.68148,-0.02192,0.23777,0.99286,0.11710,0.01187,-0.01928,0.18595,-0.01944,-0.09022,2.82061,-0.07748,0.37670,0.00000,0.00000,0.00000,
1630698581283028480,2.69463,-0.02613,0.23360,0.99277,0.11748,0.01405,-0.02041,0.20405,-0.11455,-0.04519,2.83400,-0.07220,0.37789,0.00000,0.00000,0.00000,
1630698581349699584,2.70920,-0.03198,0.23081,0.99375,0.10819,0.02170,-0.01684,0.20987,-0.05094,0.04629,2.85076,-0.07046,0.37579,0.00000,0.00000,0.00000,
1630698581416370688,2.72104,-0.03714,0.23310,0.99368,0.11025,0.01592,-0.01396,0.19796,-0.04682,0.02041,2.86716,-0.07151,0.37506,0.00000,0.00000,0.00000,
1630698581483040768,2.73454,-0.04133,0.23386,0.99320,0.11499,0.00762,-0.01661,0.22589,0.02492,-0.00586,2.87616,-0.07405,0.37359,0.00000,0.00000,0.00000,
1630698581549711872,2.75099,-0.03571,0.23096,0.99414,0.10603,0.01289,-0.01663,0.23782,0.15666,-0.07348,2.89413,-0.07866,0.37420,0.00000,0.00000,0.00000,
1630698581616382208,2.76948,-0.02428,0.22635,0.99542,0.09204,0.02082,-0.01541,0.26746,0.25872,-0.08537,2.91263,-0.08940,0.38149,0.00000,0.00000,0.00000,
1630698581683053312,2.79319,-0.00788,0.21750,0.99523,0.09165,0.02900,-0.01655,0.36519,0.27248,-0.12798,2.93297,-0.09230,0.38043,0.00000,0.00000,0.00000,
1630698581749723392,2.81680,0.00402,0.21799,0.99444,0.09346,0.04085,-0.02624,0.30652,0.16851,0.18978,2.94995,-0.08519,0.37472,0.00000,0.00000,0.00000,
1630698581816394496,2.83521,0.01927,0.22988,0.99671,0.07406,0.02130,-0.02492,0.27367,0.23056,0.13344,2.96869,-0.07399,0.36855,0.00000,0.00000,0.00000,
1630698581883065088,2.85190,0.03017,0.23770,0.99674,0.07666,0.00797,-0.02374,0.25422,0.16221,-0.00504,2.99613,-0.05962,0.36129,0.00000,0.00000,0.00000,
1630698581949736192,2.86662,0.03309,0.23845,0.99337,0.11288,0.01129,-0.01841,0.24058,0.06450,-0.06993,3.01373,-0.04727,0.37441,0.00000,0.00000,0.00000,
1630698582016406528,2.88133,0.03388,0.23817,0.99278,0.11808,0.01594,-0.01348,0.23455,-0.00420,-0.03835,3.02564,-0.04053,0.38048,0.00000,0.00000,0.00000,
1630698582083077888,2.89860,0.02990,0.23606,0.99492,0.09795,0.01601,-0.01653,0.27783,-0.07576,-0.11691,3.03826,-0.03741,0.38089,0.00000,0.00000,0.00000,
1630698582149747968,2.91526,0.02718,0.23539,0.99541,0.09211,0.02521,-0.00683,0.22460,-0.09802,0.05029,3.05380,-0.03979,0.37761,0.00000,0.00000,0.00000,
1630698582216419584,2.92426,0.01451,0.23975,0.99446,0.10329,0.01592,-0.01093,0.20124,-0.11912,0.02248,3.06562,-0.04531,0.37288,0.00000,0.00000,0.00000,
1630698582283089664,2.94103,0.01091,0.24123,0.99462,0.10202,0.01172,-0.01383,0.22399,0.00478,-0.05638,3.08807,-0.06005,0.36712,0.00000,0.00000,0.00000,
1630698582349761024,2.95621,0.01694,0.23835,0.99629,0.08274,0.02004,-0.01274,0.21461,0.13650,-0.06577,3.10440,-0.07194,0.37536,0.00000,0.00000,0.00000,
1630698582416431104,2.97307,0.02764,0.23508,0.99697,0.07246,0.02564,-0.01221,0.24551,0.18865,-0.04182,3.11137,-0.07903,0.38141,0.00000,0.00000,0.00000,
1630698582483102464,2.99240,0.04240,0.22763,0.99570,0.08590,0.03253,-0.01211,0.30703,0.22367,-0.06141,3.12182,-0.08700,0.38658,0.00000,0.00000,0.00000,
1630698582549772800,3.01077,0.05246,0.23354,0.99595,0.07861,0.03840,-0.02078,0.24150,0.16906,0.18326,3.13528,-0.09139,0.38627,0.00000,0.00000,0.00000,
1630698582616444160,3.02196,0.06169,0.25200,0.99788,0.06024,0.01500,-0.01942,0.20333,0.09805,0.21598,3.14448,-0.08890,0.38315,0.00000,0.00000,0.00000,
1630698582683114496,3.03785,0.06750,0.25651,0.99766,0.06541,0.00986,-0.01728,0.20675,0.03745,0.00673,3.16092,-0.08331,0.37284,0.00000,0.00000,0.00000,
1630698582749785600,3.05389,0.06779,0.25198,0.99486,0.09872,0.01910,-0.01203,0.19844,-0.04052,-0.06731,3.17124,-0.08437,0.37538,0.00000,0.00000,0.00000,
1630698582816456960,3.07165,0.06448,0.24385,0.99290,0.11527,0.02825,-0.00807,0.22597,-0.15047,-0.08906,3.18152,-0.08586,0.37387,0.00000,0.00000,0.00000,
1630698582883127296,3.09204,0.05594,0.23510,0.99369,0.10631,0.03512,-0.00701,0.28188,-0.12338,-0.11572,3.18876,-0.08582,0.37280,0.00000,0.00000,0.00000,
1630698582949798656,3.10999,0.04542,0.23873,0.99381,0.10548,0.03487,0.00155,0.21980,-0.24454,0.17633,3.19498,-0.08385,0.37051,0.00000,0.00000,0.00000,
1630698583016468992,3.12311,0.03071,0.24740,0.99274,0.11958,0.01219,-0.00399,0.19789,-0.16396,0.09342,3.19758,-0.08126,0.36984,0.00000,0.00000,0.00000,
1630698583083140096,3.13730,0.02450,0.24711,0.99299,0.11792,0.00661,-0.00547,0.17278,-0.04440,-0.00829,3.19836,-0.07826,0.36980,0.00000,0.00000,0.00000,
1630698583149810432,3.14850,0.02759,0.24421,0.99619,0.08654,0.00999,-0.00453,0.14872,0.06986,-0.03837,3.19763,-0.07613,0.37031,0.00000,0.00000,0.00000,
1630698583216482048,3.16152,0.03657,0.23168,0.99654,0.08140,0.01674,0.00308,0.18412,0.09936,-0.18190,3.19711,-0.07607,0.37096,0.00000,0.00000,0.00000,
1630698583283152128,3.17209,0.03595,0.23227,0.99406,0.10837,0.00749,0.00638,0.12506,-0.01155,0.02443,3.19640,-0.07754,0.37096,0.00000,0.00000,0.00000,
1630698583349823488,3.18269,0.03465,0.23385,0.99379,0.11111,-0.00078,0.00583,0.12757,-0.00251,-0.03818,3.19621,-0.07899,0.37120,0.00000,0.00000,0.00000,
1630698583416493824,3.19293,0.03500,0.23313,0.99413,0.10786,0.00521,0.00686,0.10097,0.01652,-0.00192,3.19548,-0.07989,0.37168,0.00000,0.00000,0.00000,
1630698583483164928,3.19909,0.03709,0.23226,0.99486,0.10070,0.00958,0.00460,0.04755,0.03944,-0.01162,3.19522,-0.07938,0.37167,0.00000,0.00000,0.00000,
1630698583549835520,3.20235,0.03996,0.23277,0.99532,0.09582,0.01222,0.00257,-0.00126,0.05743,0.01671,3.19572,-0.07888,0.37139,0.00000,0.00000,0.00000,
1630698583616506880,3.20500,0.04336,0.23370,0.99570,0.09174,0.01258,0.00253,-0.02777,0.03547,0.02233,3.19642,-0.07812,0.37107,0.00000,0.00000,0.00000,
1630698583683176960,3.20419,0.04441,0.23492,0.99587,0.09000,0.01192,0.00194,-0.03185,-0.00352,0.01902,3.19660,-0.07775,0.37104,0.00000,0.00000,0.00000,
1630698583749848320,3.20357,0.04359,0.23525,0.99581,0.09072,0.01155,0.00200,-0.01974,-0.02451,0.00327,3.19631,-0.07786,0.37114,0.00000,0.00000,0.00000,
1630698583816518656,3.20372,0.04183,0.23515,0.99567,0.09229,0.01131,0.00226,-0.01615,-0.02658,0.00105,3.19608,-0.07854,0.37141,0.00000,0.00000,0.00000,
1630698583883190016,3.20369,0.04090,0.23550,0.99558,0.09326,0.01096,0.00217,-0.01953,-0.00444,0.00645,3.19597,-0.07895,0.37147,0.00000,0.00000,0.00000,
1630698583949859840,3.20347,0.04109,0.23572,0.99560,0.09302,0.01081,0.00229,-0.01109,0.01359,0.00281,3.19595,-0.07910,0.37154,0.00000,0.00000,0.00000,
1630698584016530944,3.20405,0.04179,0.23582,0.99568,0.09208,0.01146,0.00226,0.00271,0.01642,-0.00270,3.19591,-0.07890,0.37141,0.00000,0.00000,0.00000,
1630698584083202048,3.20476,0.04242,0.23559,0.99574,0.09131,0.01230,0.00233,-0.00194,0.01217,-0.00175,3.19605,-0.07852,0.37128,0.00000,0.00000,0.00000,
1630698584149872384,3.20483,0.04283,0.23566,0.99578,0.09091,0.01249,0.00229,-0.01252,0.00314,0.00171,3.19634,-0.07813,0.37117,0.00000,0.00000,0.00000,
1630698584216543488,3.20459,0.04256,0.23594,0.99575,0.09119,0.01231,0.00224,-0.01192,-0.00534,0.00025,3.19637,-0.07806,0.37109,0.00000,0.00000,0.00000,
1630698584283213312,3.20440,0.04201,0.23606,0.99570,0.09182,0.01215,0.00220,-0.00847,-0.00454,-0.00143,3.19630,-0.07818,0.37119,0.00000,0.00000,0.00000,
1630698584349884416,3.20436,0.04170,0.23617,0.99567,0.09215,0.01222,0.00220,-0.00734,0.00406,-0.00099,3.19610,-0.07850,0.37131,0.00000,0.00000,0.00000,
1630698584416554752,3.20441,0.04202,0.23626,0.99569,0.09190,0.01235,0.00217,-0.00555,0.01089,-0.00117,3.19603,-0.07866,0.37128,0.00000,0.00000,0.00000,
1630698584483225856,3.20462,0.04247,0.23642,0.99573,0.09136,0.01275,0.00219,-0.00107,0.01084,-0.00233,3.19602,-0.07875,0.37128,0.00000,0.00000,0.00000,
1630698584549895680,3.20481,0.04263,0.23636,0.99576,0.09107,0.01305,0.00220,-0.00385,0.00643,-0.00202,3.19607,-0.07868,0.37126,0.00000,0.00000,0.00000,
1630698584616566784,3.20476,0.04257,0.23646,0.99575,0.09115,0.01308,0.00221,-0.00800,0.00141,-0.00089,3.19617,-0.07856,0.37131,0.00000,0.00000,0.00000,
1630698584683237120,3.20450,0.04170,0.23635,0.99572,0.09146,0.01299,0.00232,-0.00776,-0.00141,-0.00189,3.19624,-0.07827,0.37121,0.00000,0.00000,0.00000,
1630698584749908224,3.20450,0.04194,0.23676,0.99571,0.09164,0.01298,0.00222,-0.00525,0.00274,-0.00189,3.19629,-0.07821,0.37119,0.00000,0.00000,0.00000,
1630698584816578048,3.20453,0.04198,0.23685,0.99571,0.09162,0.01307,0.00221,-0.00350,0.00703,-0.00239,3.19630,-0.07821,0.37117,0.00000,0.00000,0.00000,
1630698584883249408,3.20458,0.04214,0.23680,0.99572,0.09140,0.01320,0.00224,-0.00424,0.00811,-0.00242,3.19623,-0.07833,0.37123,0.00000,0.00000,0.00000,
1630698584949919488,3.20468,0.04235,0.23691,0.99574,0.09116,0.01337,0.00222,-0.00337,0.00595,-0.00245,3.19618,-0.07853,0.37131,0.00000,0.00000,0.00000,
1630698585016590592,3.20470,0.04236,0.23688,0.99575,0.09113,0.01343,0.00223,-0.00579,0.00265,-0.00197,3.19611,-0.07856,0.37122,0.00000,0.00000,0.00000,
1630698585083260672,3.20461,0.04226,0.23713,0.99573,0.09128,0.01342,0.00223,-0.00499,0.00214,-0.00176,3.19612,-0.07854,0.37122,0.00000,0.00000,0.00000,
1630698585149932032,3.20454,0.04214,0.23709,0.99572,0.09145,0.01334,0.00223,-0.00548,0.00334,-0.00206,3.19613,-0.07844,0.37122,0.00000,0.00000,0.00000,
1630698585216601856,3.20455,0.04212,0.23734,0.99571,0.09148,0.01349,0.00221,-0.00199,0.00512,-0.00250,3.19623,-0.07834,0.37123,0.00000,0.00000,0.00000,
1630698585283272960,3.20458,0.04220,0.23728,0.99572,0.09143,0.01355,0.00223,-0.00267,0.00633,-0.00267,3.19622,-0.07828,0.37116,0.00000,0.00000,0.00000,
1630698585349943040,3.20462,0.04232,0.23726,0.99573,0.09129,0.01363,0.00225,-0.00271,0.00608,-0.00250,3.19627,-0.07826,0.37119,0.00000,0.00000,0.00000,
1630698585416614400,3.20466,0.04234,0.23723,0.99573,0.09125,0.01366,0.00224,-0.00435,0.00389,-0.00195,3.19623,-0.07828,0.37115,0.00000,0.00000,0.00000,
1630698585483285504,3.20458,0.04223,0.23727,0.99572,0.09137,0.01368,0.00225,-0.00535,0.00274,-0.00203,3.19622,-0.07836,0.37121,0.00000,0.00000,0.00000,
1630698585549955584,3.20455,0.04223,0.23762,0.99571,0.09143,0.01376,0.00223,-0.00185,0.00380,-0.00191,3.19618,-0.07842,0.37125,0.00000,0.00000,0.00000,
1630698585616626688,3.20455,0.04219,0.23763,0.99570,0.09154,0.01383,0.00224,-0.00186,0.00437,-0.00228,3.19618,-0.07836,0.37116,0.00000,0.00000,0.00000,
1630698585683297024,3.20471,0.04233,0.23768,0.99571,0.09151,0.01385,0.00224,-0.00251,0.00622,-0.00281,3.19624,-0.07832,0.37119,0.00000,0.00000,0.00000,
1630698585749967872,3.20461,0.04228,0.23770,0.99572,0.09139,0.01394,0.00224,-0.00224,0.00614,-0.00254,3.19627,-0.07828,0.37119,0.00000,0.00000,0.00000,
1630698585816637952,3.20462,0.04236,0.23776,0.99571,0.09144,0.01400,0.00225,-0.00203,0.00446,-0.00288,3.19626,-0.07830,0.37119,0.00000,0.00000,0.00000,
1630698585883309056,3.20466,0.04254,0.23789,0.99571,0.09140,0.01395,0.00219,-0.00167,0.00483,-0.00195,3.19623,-0.07834,0.37120,0.00000,0.00000,0.00000,
1630698585949979392,3.20461,0.04250,0.23785,0.99571,0.09150,0.01392,0.00221,-0.00192,0.00513,-0.00222,3.19623,-0.07837,0.37121,0.00000,0.00000,0.00000,
1630698586016650496,3.20457,0.04244,0.23781,0.99570,0.09158,0.01392,0.00219,-0.00225,0.00391,-0.00237,3.19620,-0.07833,0.37115,0.00000,0.00000,0.00000,
1630698586083320576,3.20457,0.04260,0.23774,0.99570,0.09158,0.01388,0.00218,-0.00310,0.00512,-0.00238,3.19626,-0.07831,0.37118,0.00000,0.00000,0.00000,
1630698586149991424,3.20454,0.04260,0.23790,0.99570,0.09156,0.01397,0.00218,-0.00158,0.00369,-0.00220,3.19628,-0.07828,0.37117,0.00000,0.00000,0.00000,
1630698586216661760,3.20451,0.04266,0.23789,0.99570,0.09160,0.01392,0.00216,-0.00235,0.00346,-0.00234,3.19627,-0.07829,0.37118,0.00000,0.00000,0.00000,
1630698586283332864,3.20451,0.04276,0.23805,0.99570,0.09161,0.01395,0.00214,-0.00118,0.00350,-0.00187,3.19625,-0.07831,0.37117,0.00000,0.00000,0.00000,
1630698586350002944,3.20447,0.04248,0.23825,0.99569,0.09166,0.01398,0.00217,0.00068,0.00390,-0.00221,3.19626,-0.07832,0.37119,0.00000,0.00000,0.00000,
1630698586416674048,3.20445,0.04269,0.23809,0.99569,0.09168,0.01392,0.00214,-0.00109,0.00380,-0.00193,3.19627,-0.07831,0.37119,0.00000,0.00000,0.00000,
1630698586483344128,3.20439,0.04276,0.23797,0.99568,0.09178,0.01390,0.00212,-0.00205,0.00214,-0.00254,3.19625,-0.07827,0.37113,0.00000,0.00000,0.00000,
1630698586550015232,3.20441,0.04288,0.23789,0.99568,0.09175,0.01382,0.00210,-0.00245,0.00486,-0.00246,3.19629,-0.07827,0.37118,0.00000,0.00000,0.00000,
1630698586616685312,3.20439,0.04268,0.23811,0.99568,0.09177,0.01395,0.00211,0.00010,0.00371,-0.00243,3.19626,-0.07827,0.37112,0.00000,0.00000,0.00000,
1630698586683356416,3.20433,0.04272,0.23800,0.99568,0.09179,0.01391,0.00210,-0.00156,0.00267,-0.00242,3.19628,-0.07829,0.37117,0.00000,0.00000,0.00000,
1630698586750027520,3.20432,0.04277,0.23792,0.99568,0.09181,0.01385,0.00210,-0.00203,0.00284,-0.00220,3.19628,-0.07830,0.37117,0.00000,0.00000,0.00000,
1630698586816697600,3.20441,0.04319,0.23839,0.99568,0.09178,0.01396,0.00200,0.00114,0.00403,-0.00184,3.19628,-0.07828,0.37116,0.00000,0.00000,0.00000,
1630698586883368704,3.20446,0.04334,0.23832,0.99568,0.09179,0.01398,0.00197,0.00201,0.00362,-0.00228,3.19629,-0.07828,0.37116,0.00000,0.00000,0.00000,
1630698586950039040,3.20438,0.04324,0.23824,0.99567,0.09185,0.01396,0.00197,-0.00019,0.00220,-0.00225,3.19630,-0.07826,0.37115,0.00000,0.00000,0.00000,
1630698587016710400,3.20438,0.04354,0.23845,0.99567,0.09185,0.01403,0.00194,0.00278,0.00368,-0.00244,3.19627,-0.07825,0.37112,0.00000,0.00000,0.00000,
1630698587083380480,3.20432,0.04359,0.23825,0.99567,0.09185,0.01399,0.00191,0.00085,0.00337,-0.00199,3.19629,-0.07827,0.37117,0.00000,0.00000,0.00000,
1630698587150051840,3.20447,0.04417,0.23867,0.99567,0.09193,0.01405,0.00179,0.00279,0.00402,-0.00240,3.19629,-0.07828,0.37116,0.00000,0.00000,0.00000,
1630698587216721920,3.20443,0.04427,0.23859,0.99566,0.09195,0.01403,0.00174,0.00220,0.00503,-0.00228,3.19630,-0.07827,0.37116,0.00000,0.00000,0.00000,
1630698587283393024,3.20437,0.04393,0.23852,0.99566,0.09196,0.01407,0.00179,0.00292,0.00324,-0.00231,3.19627,-0.07825,0.37111,0.00000,0.00000,0.00000,
