1630698550081125632,0.00052,-0.00218,0.02264,0.99998,0.00595,0.00175,0.00030,-0.00145,0.00421,-0.00528,0.00187,-0.00805,0.16469,0.00000,0.00000,0.00000,
1630698550147794944,0.00044,-0.00225,0.02283,0.99997,0.00812,0.00083,0.00032,-0.00031,-0.00185,-0.00553,0.00186,-0.00822,0.16469,0.00000,0.00000,0.00000,
1630698550214465280,0.00101,-0.00237,0.02157,0.99994,0.01049,0.00006,0.00027,0.00155,0.00109,-0.00459,0.00185,-0.00805,0.16466,0.00000,0.00000,0.00000,
1630698550281134848,0.00114,-0.00236,0.02147,0.99992,0.01271,-0.00111,0.00033,0.00151,0.00030,-0.00398,0.00182,-0.00819,0.16464,0.00000,0.00000,0.00000,
1630698550347804928,0.00102,-0.00260,0.02144,0.99988,0.01507,-0.00239,0.00035,0.00155,-0.00103,-0.00403,0.00188,-0.00811,0.16465,0.00000,0.00000,0.00000,
1630698550414474240,0.00096,-0.00267,0.02148,0.99984,0.01772,-0.00389,0.00041,0.00071,0.00129,-0.00361,0.00187,-0.00819,0.16467,0.00000,0.00000,0.00000,
1630698550481144320,0.00087,-0.00278,0.02157,0.99978,0.02040,-0.00540,0.00045,0.00061,-0.00107,-0.00337,0.00187,-0.00810,0.16466,0.00000,0.00000,0.00000,
1630698550547813888,0.00069,-0.00292,0.02156,0.99970,0.02347,-0.00717,0.00051,0.00031,0.00063,-0.00341,0.00186,-0.00807,0.16465,0.00000,0.00000,0.00000,
1630698550614484224,0.00061,-0.00300,0.02151,0.99963,0.02580,-0.00858,0.00059,0.00056,-0.00052,-0.00309,0.00185,-0.00814,0.16461,0.00000,0.00000,0.00000,
1630698550681153536,0.00060,-0.00310,0.02150,0.99955,0.02811,-0.01004,0.00063,0.00062,0.00025,-0.00315,0.00185,-0.00808,0.16462,0.00000,0.00000,0.00000,
1630698550747823616,0.00054,-0.00317,0.02144,0.99947,0.03043,-0.01154,0.00071,0.00021,0.00059,-0.00285,0.00184,-0.00809,0.16462,0.00000,0.00000,0.00000,
1630698550814494208,0.00046,-0.00324,0.02141,0.99938,0.03277,-0.01310,0.00079,0.00007,0.00006,-0.00296,0.00183,-0.00808,0.16462,0.00000,0.00000,0.00000,
1630698550881163776,0.00036,-0.00336,0.02143,0.99928,0.03508,-0.01472,0.00090,0.00020,0.00055,-0.00295,0.00180,-0.00808,0.16460,0.00000,0.00000,0.00000,
1630698550947834368,0.00013,-0.00355,0.02147,0.99913,0.03818,-0.01694,0.00105,-0.00029,-0.00012,-0.00263,0.00178,-0.00819,0.16451,0.00000,0.00000,0.00000,
1630698551014504192,0.00010,-0.00367,0.02139,0.99901,0.04045,-0.01864,0.00116,0.00005,0.00030,-0.00280,0.00179,-0.00818,0.16450,0.00000,0.00000,0.00000,
1630698551081174784,0.00007,-0.00371,0.02137,0.99888,0.04269,-0.02039,0.00127,0.00021,0.00076,-0.00286,0.00182,-0.00808,0.16458,0.00000,0.00000,0.00000,
1630698551147844608,-0.00008,-0.00385,0.02129,0.99874,0.04498,-0.02224,0.00143,0.00031,0.00070,-0.00272,0.00181,-0.00807,0.16457,0.00000,0.00000,0.00000,
1630698551214515200,-0.00030,-0.00403,0.02144,0.99862,0.04685,-0.02380,0.00156,0.00008,0.00025,-0.00246,0.00180,-0.00808,0.16457,0.00000,0.00000,0.00000,
1630698551281185024,-0.00037,-0.00412,0.02150,0.99849,0.04867,-0.02533,0.00169,0.00020,0.00076,-0.00250,0.00179,-0.00805,0.16467,0.00000,0.00000,0.00000,
1630698551347855616,-0.00038,-0.00418,0.02137,0.99838,0.05040,-0.02649,0.00184,-0.00052,0.00240,0.00254,0.00187,-0.00751,0.16773,0.00000,0.00000,0.00000,
1630698551414524928,-0.00079,-0.00394,0.02488,0.99832,0.04938,-0.03019,0.00208,-0.00722,0.00052,0.06721,0.00162,-0.00727,0.17265,0.00000,0.00000,0.00000,
1630698551481195776,-0.00160,-0.00409,0.02921,0.99815,0.05008,-0.03454,0.00195,-0.01588,-0.00957,0.07241,0.00126,-0.00867,0.17712,0.00000,0.00000,0.00000,
1630698551547865344,-0.00237,-0.00596,0.03363,0.99784,0.05331,-0.03849,0.00132,-0.00860,-0.02809,0.05432,0.00118,-0.01110,0.18081,0.00000,0.00000,0.00000,
1630698551614535936,-0.00240,-0.00852,0.03628,0.99741,0.05878,-0.04141,0.00056,-0.00308,-0.03760,0.02983,0.00122,-0.01289,0.18196,0.00000,0.00000,0.00000,
1630698551681205760,-0.00181,-0.01121,0.03742,0.99696,0.06486,-0.04319,0.00013,0.00402,-0.03733,0.01230,0.00189,-0.01468,0.18333,0.00000,0.00000,0.00000,
1630698551747876352,-0.00052,-0.01328,0.03824,0.99664,0.07005,-0.04243,0.00017,0.01184,-0.01354,0.00970,0.00277,-0.01358,0.18407,0.00000,0.00000,0.00000,
1630698551814546176,0.00028,-0.01347,0.03890,0.99617,0.07691,-0.04159,0.00103,0.01253,0.01788,0.01569,0.00343,-0.01180,0.18578,0.00000,0.00000,0.00000,
1630698551881216256,0.00063,-0.01222,0.04052,0.99596,0.07885,-0.04290,0.00183,0.00475,0.02837,0.03052,0.00358,-0.00991,0.18864,0.00000,0.00000,0.00000,
1630698551947885568,0.00020,-0.01128,0.04358,0.99562,0.08071,-0.04720,0.00279,-0.00475,0.01910,0.05261,0.00324,-0.00962,0.19158,0.00000,0.00000,0.00000,
1630698552014555392,-0.00095,-0.01181,0.04758,0.99493,0.08459,-0.05423,0.00331,-0.01426,-0.00725,0.05842,0.00279,-0.01018,0.19480,0.00000,0.00000,0.00000,
1630698552081225728,-0.00202,-0.01383,0.05099,0.99390,0.09211,-0.06051,0.00388,-0.01023,-0.03414,0.05838,0.00290,-0.01291,0.19923,0.00000,0.00000,0.00000,
1630698552147894528,-0.00186,-0.01701,0.05358,0.99306,0.09880,-0.06366,0.00333,0.01412,-0.04508,0.03288,0.00367,-0.01453,0.20159,0.00000,0.00000,0.00000,
1630698552214564608,-0.00084,-0.01905,0.05630,0.99266,0.10223,-0.06451,0.00272,0.01910,-0.03122,0.05006,0.00500,-0.01521,0.20497,0.00000,0.00000,0.00000,
1630698552281233664,0.00017,-0.01958,0.05971,0.99272,0.10164,-0.06454,0.00263,0.01907,0.00982,0.05104,0.00642,-0.01458,0.20783,0.00000,0.00000,0.00000,
1630698552347903488,0.00101,-0.01950,0.06219,0.99273,0.10059,-0.06606,0.00318,0.01626,0.00754,0.04367,0.00724,-0.01380,0.20963,0.00000,0.00000,0.00000,
1630698552414572544,0.00176,-0.01943,0.06459,0.99281,0.09970,-0.06613,0.00336,0.01295,-0.00313,0.03409,0.00800,-0.01367,0.21169,0.00000,0.00000,0.00000,
1630698552481242368,0.00145,-0.01993,0.06700,0.99268,0.09966,-0.06807,0.00352,-0.00836,-0.00581,0.04341,0.00759,-0.01374,0.21428,0.00000,0.00000,0.00000,
1630698552547911424,0.00052,-0.02069,0.06902,0.99250,0.09982,-0.07055,0.00290,-0.01153,-0.01025,0.03224,0.00689,-0.01390,0.21662,0.00000,0.00000,0.00000,
1630698552614581248,-0.00024,-0.02109,0.07110,0.99227,0.10037,-0.07288,0.00296,-0.00636,-0.00551,0.03200,0.00660,-0.01378,0.21857,0.00000,0.00000,0.00000,
1630698552681250304,-0.00617,-0.02003,0.06673,0.99252,0.09650,-0.07469,0.00311,0.00064,-0.00398,0.01654,0.00691,-0.01398,0.22064,0.00000,0.00000,0.00000,
1630698552747920128,-0.00500,-0.02123,0.07100,0.99270,0.09441,-0.07504,0.00248,0.00145,-0.01157,0.03293,0.00726,-0.01492,0.22314,0.00000,0.00000,0.00000,
1630698552814588672,-0.00495,-0.02293,0.07466,0.99262,0.09486,-0.07548,0.00229,0.00231,-0.03264,0.05704,0.00773,-0.01579,0.22627,0.00000,0.00000,0.00000,
1630698552881259520,-0.00504,-0.02472,0.07983,0.99275,0.09308,-0.07598,0.00146,0.00425,-0.01884,0.07764,0.00909,-0.01580,0.23209,0.00000,0.00000,0.00000,
1630698552947929088,-0.00400,-0.02662,0.08582,0.99310,0.08994,-0.07529,0.00116,0.00966,-0.01004,0.07366,0.01071,-0.01564,0.23628,0.00000,0.00000,0.00000,
1630698553014599680,-0.00154,-0.02672,0.08622,0.99358,0.08742,-0.07180,0.00069,0.02304,-0.01611,0.05865,0.01281,-0.01558,0.23941,0.00000,0.00000,0.00000,
1630698553081269504,0.00100,-0.02617,0.08710,0.99426,0.08436,-0.06583,0.00021,0.02593,-0.00834,0.04080,0.01408,-0.01528,0.24132,0.00000,0.00000,0.00000,
1630698553147939840,0.00250,-0.02532,0.08744,0.99468,0.08223,-0.06200,-0.00002,0.01455,-0.00927,0.02858,0.01497,-0.01655,0.24516,0.00000,0.00000,0.00000,
1630698553214609664,0.00292,-0.02661,0.09239,0.99492,0.08178,-0.05874,-0.00072,-0.00086,-0.02034,0.04175,0.01506,-0.01743,0.24859,0.00000,0.00000,0.00000,
1630698553281280256,0.00418,-0.02867,0.09549,0.99489,0.08348,-0.05673,-0.00078,0.00018,-0.01746,0.03359,0.01510,-0.01681,0.25067,0.00000,0.00000,0.00000,
1630698553347950080,0.00384,-0.02772,0.09627,0.99517,0.08252,-0.05314,0.00043,-0.00410,-0.00145,0.03056,0.01519,-0.01554,0.25284,0.00000,0.00000,0.00000,
1630698553414620672,0.00168,-0.02638,0.10323,0.99555,0.07968,-0.05032,0.00011,-0.00821,0.00985,0.04282,0.01527,-0.01472,0.25517,0.00000,0.00000,0.00000,
1630698553481291264,0.00476,-0.02743,0.10527,0.99614,0.07498,-0.04572,0.00021,-0.00570,0.01022,0.03697,0.01590,-0.01338,0.25781,0.00000,0.00000,0.00000,
1630698553547960832,0.00607,-0.02668,0.10780,0.99669,0.07065,-0.04019,-0.00053,-0.00335,0.01007,0.03860,0.01773,-0.01341,0.25982,0.00000,0.00000,0.00000,
1630698553614631424,0.00733,-0.02530,0.10887,0.99724,0.06703,-0.03181,-0.00110,0.00865,0.00796,0.02225,0.02128,-0.01420,0.26109,0.00000,0.00000,0.00000,
1630698553681300992,0.00988,-0.02430,0.10766,0.99772,0.06430,-0.02056,-0.00198,0.02481,-0.00038,0.00916,0.02263,-0.01517,0.26327,0.00000,0.00000,0.00000,
1630698553747971840,0.01359,-0.02409,0.10671,0.99801,0.06248,-0.00829,-0.00203,0.03532,-0.00880,-0.00676,0.02371,-0.01626,0.26735,0.00000,0.00000,0.00000,
1630698553814640896,0.01748,-0.02526,0.10996,0.99813,0.06107,0.00064,-0.00280,0.02618,-0.01659,0.02435,0.02387,-0.01730,0.27213,0.00000,0.00000,0.00000,
1630698553881312256,0.01936,-0.02575,0.11352,0.99820,0.05968,0.00556,-0.00281,0.01489,-0.02152,0.05907,0.02308,-0.01759,0.27707,0.00000,0.00000,0.00000,
1630698553947982336,0.01971,-0.02644,0.11874,0.99827,0.05822,0.00725,-0.00282,0.00036,-0.02261,0.06894,0.02228,-0.01797,0.28060,0.00000,0.00000,0.00000,
1630698554014653696,0.01894,-0.02707,0.12331,0.99843,0.05555,0.00598,-0.00349,-0.01349,-0.02006,0.06937,0.02178,-0.01721,0.28202,0.00000,0.00000,0.00000,
1630698554081323264,0.01824,-0.02737,0.12864,0.99864,0.05187,0.00364,-0.00408,-0.01414,-0.00521,0.04841,0.02072,-0.01592,0.28406,0.00000,0.00000,0.00000,
1630698554147994624,0.01842,-0.02696,0.13200,0.99883,0.04782,0.00452,-0.00507,-0.01330,0.01334,0.01958,0.01995,-0.01491,0.28485,0.00000,0.00000,0.00000,
1630698554214664704,0.01765,-0.02518,0.13163,0.99904,0.04341,0.00447,-0.00489,-0.01524,0.01320,0.01930,0.01915,-0.01457,0.28472,0.00000,0.00000,0.00000,
1630698554281335808,0.01702,-0.02395,0.13253,0.99921,0.03917,0.00405,-0.00533,-0.01755,0.01179,0.00073,0.01875,-0.01570,0.28504,0.00000,0.00000,0.00000,
1630698554348005888,0.01548,-0.02215,0.13279,0.99933,0.03604,0.00464,-0.00517,-0.01155,-0.00125,-0.01327,0.01877,-0.01752,0.28595,0.00000,0.00000,0.00000,
1630698554414677248,0.01904,-0.02745,0.13184,0.99936,0.03539,0.00279,-0.00480,-0.00535,-0.02384,-0.00129,0.01967,-0.02006,0.28709,0.00000,0.00000,0.00000,
1630698554481347328,0.01962,-0.02934,0.13395,0.99928,0.03745,0.00224,-0.00511,0.00881,-0.03412,0.00456,0.02096,-0.02288,0.28995,0.00000,0.00000,0.00000,
1630698554548018432,0.02026,-0.03136,0.13589,0.99918,0.04003,0.00281,-0.00440,0.02002,-0.04432,0.01138,0.02224,-0.02305,0.29625,0.00000,0.00000,0.00000,
1630698554614688512,0.02263,-0.03525,0.14078,0.99915,0.04096,0.00090,-0.00519,0.02082,-0.03037,0.07526,0.02345,-0.02179,0.30356,0.00000,0.00000,0.00000,
1630698554681359872,0.02296,-0.03469,0.14397,0.99927,0.03784,-0.00396,-0.00444,0.01484,0.00959,0.10719,0.02532,-0.01962,0.30911,0.00000,0.00000,0.00000,
1630698554748031232,0.02460,-0.03384,0.15321,0.99941,0.03327,-0.00770,-0.00439,0.01801,0.01542,0.08909,0.02688,-0.01762,0.31227,0.00000,0.00000,0.00000,
1630698554814701312,0.02655,-0.03271,0.16020,0.99956,0.02855,-0.00583,-0.00544,0.02504,0.03804,0.06621,0.02914,-0.01517,0.31461,0.00000,0.00000,0.00000,
1630698554881372416,0.02503,-0.02636,0.16800,0.99976,0.02124,-0.00246,-0.00536,0.01924,0.03712,0.03824,0.03069,-0.01450,0.31459,0.00000,0.00000,0.00000,
1630698554948042752,0.02933,-0.02584,0.16575,0.99984,0.01679,0.00440,-0.00491,0.01708,0.02269,-0.01649,0.03139,-0.01499,0.31479,0.00000,0.00000,0.00000,
1630698555014714368,0.03221,-0.02616,0.16351,0.99982,0.01566,0.01000,-0.00490,0.01026,-0.00248,-0.02060,0.03041,-0.01701,0.31617,0.00000,0.00000,0.00000,
1630698555081384448,0.03329,-0.02663,0.16223,0.99978,0.01682,0.01184,-0.00451,-0.00486,-0.01538,-0.01104,0.02962,-0.01776,0.31697,0.00000,0.00000,0.00000,
1630698555148055808,0.03241,-0.02836,0.16237,0.99976,0.01852,0.01035,-0.00546,-0.02081,-0.02686,0.00404,0.02747,-0.01910,0.31975,0.00000,0.00000,0.00000,
1630698555214726144,0.03013,-0.02965,0.16293,0.99974,0.02101,0.00634,-0.00542,-0.03145,-0.02486,0.02185,0.02500,-0.01954,0.32310,0.00000,0.00000,0.00000,
1630698555281397760,0.02629,-0.03065,0.16559,0.99974,0.02201,0.00026,-0.00537,-0.04023,-0.01727,0.04144,0.02301,-0.01964,0.32689,0.00000,0.00000,0.00000,
1630698555348068096,0.02243,-0.03101,0.16856,0.99968,0.02393,-0.00567,-0.00538,-0.03665,-0.00726,0.05027,0.02177,-0.01947,0.33136,0.00000,0.00000,0.00000,
1630698555414739712,0.01994,-0.03165,0.17185,0.99962,0.02543,-0.00911,-0.00564,-0.02385,-0.00730,0.05439,0.02161,-0.01898,0.33532,0.00000,0.00000,0.00000,
1630698555481410048,0.01863,-0.03231,0.17576,0.99958,0.02553,-0.01182,-0.00634,-0.00970,0.00405,0.05545,0.02280,-0.01846,0.33793,0.00000,0.00000,0.00000,
1630698555548081408,0.01915,-0.03245,0.17909,0.99960,0.02503,-0.01143,-0.00688,0.01177,0.00257,0.03389,0.02492,-0.01767,0.33945,0.00000,0.00000,0.00000,
1630698555614751744,0.02083,-0.03201,0.17983,0.99965,0.02400,-0.00863,-0.00703,0.02601,0.00797,0.01441,0.02624,-0.01751,0.34008,0.00000,0.00000,0.00000,
1630698555681423104,0.02352,-0.03134,0.17912,0.99969,0.02324,-0.00481,-0.00744,0.03845,0.00447,-0.00004,0.02870,-0.01688,0.34195,0.00000,0.00000,0.00000,
1630698555748093696,0.02584,-0.03096,0.18031,0.99969,0.02322,-0.00451,-0.00725,0.03617,0.00329,0.01192,0.03043,-0.01767,0.34451,0.00000,0.00000,0.00000,
1630698555814765056,0.02747,-0.03165,0.18273,0.99969,0.02306,-0.00571,-0.00754,0.02274,-0.01276,0.02724,0.03159,-0.01772,0.34700,0.00000,0.00000,0.00000,
1630698555881435904,0.02859,-0.03211,0.18500,0.99968,0.02314,-0.00713,-0.00765,0.01346,-0.00756,0.02639,0.03249,-0.01838,0.34987,0.00000,0.00000,0.00000,
1630698555948107520,0.02908,-0.03238,0.18650,0.99966,0.02417,-0.00654,-0.00739,0.00913,-0.01123,0.01868,0.03261,-0.01907,0.35221,0.00000,0.00000,0.00000,
1630698556014778112,0.02859,-0.03308,0.19120,0.99965,0.02409,-0.00793,-0.00787,0.00139,-0.02323,0.03619,0.03242,-0.02000,0.35530,0.00000,0.00000,0.00000,
1630698556081449984,0.03200,-0.03800,0.19106,0.99959,0.02538,-0.00981,-0.00843,-0.00342,-0.01487,0.03142,0.03235,-0.02039,0.35781,0.00000,0.00000,0.00000,
1630698556148121600,0.03197,-0.03917,0.19313,0.99953,0.02737,-0.00998,-0.00903,-0.00228,-0.01285,0.02345,0.03215,-0.02055,0.36011,0.00000,0.00000,0.00000,
1630698556214792448,0.03176,-0.04004,0.19609,0.99952,0.02745,-0.01090,-0.00972,-0.00602,-0.00588,0.03785,0.03161,-0.02007,0.36386,0.00000,0.00000,0.00000,
1630698556281464320,0.03100,-0.04009,0.19869,0.99948,0.02760,-0.01310,-0.00983,-0.01014,-0.00353,0.03008,0.03131,-0.01969,0.36572,0.00000,0.00000,0.00000,
1630698556348134912,0.03078,-0.04063,0.20085,0.99946,0.02822,-0.01330,-0.01034,-0.00637,-0.00056,0.01998,0.03103,-0.01921,0.36776,0.00000,0.00000,0.00000,
1630698556414806784,0.03048,-0.04048,0.20229,0.99947,0.02789,-0.01357,-0.01021,-0.00416,-0.00058,0.00847,0.03097,-0.01913,0.36828,0.00000,0.00000,0.00000,
1630698556481477632,0.02907,-0.04012,0.20306,0.99940,0.02967,-0.01423,-0.01037,-0.00353,-0.00921,-0.01251,0.03047,-0.01954,0.36827,0.00000,0.00000,0.00000,
1630698556548149504,0.02779,-0.03936,0.20402,0.99940,0.02948,-0.01475,-0.01056,-0.00565,-0.00965,-0.00321,0.03015,-0.01943,0.36822,0.00000,0.00000,0.00000,
1630698556614820608,0.02731,-0.03898,0.20406,0.99942,0.02874,-0.01519,-0.01053,-0.00540,-0.00148,-0.00689,0.02966,-0.01961,0.36817,0.00000,0.00000,0.00000,
1630698556681492224,0.02661,-0.03856,0.20450,0.99943,0.02779,-0.01570,-0.01072,-0.00758,-0.00292,-0.00091,0.02940,-0.01919,0.36822,0.00000,0.00000,0.00000,
1630698556748163328,0.02635,-0.03774,0.20447,0.99946,0.02698,-0.01545,-0.01055,-0.00540,-0.00194,-0.00344,0.02901,-0.01929,0.36824,0.00000,0.00000,0.00000,
1630698556814835200,0.02594,-0.03777,0.20482,0.99947,0.02633,-0.01578,-0.01066,-0.00471,-0.00618,-0.00200,0.02876,-0.01933,0.36824,0.00000,0.00000,0.00000,
1630698556881505792,0.02571,-0.03768,0.20512,0.99949,0.02574,-0.01580,-0.01039,-0.00186,-0.00097,-0.00062,0.02876,-0.01925,0.36819,0.00000,0.00000,0.00000,
1630698556948177152,0.02574,-0.03764,0.20504,0.99949,0.02561,-0.01576,-0.01046,0.00099,-0.00346,-0.00106,0.02881,-0.01922,0.36820,0.00000,0.00000,0.00000,
1630698557014847488,0.02607,-0.03763,0.20485,0.99950,0.02552,-0.01568,-0.01043,0.00018,-0.00382,-0.00090,0.02885,-0.01926,0.36819,0.00000,0.00000,0.00000,
1630698557081519104,0.02609,-0.03772,0.20485,0.99950,0.02552,-0.01563,-0.01047,-0.00129,-0.00421,-0.00038,0.02881,-0.01928,0.36820,0.00000,0.00000,0.00000,
1630698557148189440,0.02585,-0.03713,0.20519,0.99951,0.02528,-0.01536,-0.01050,-0.00109,-0.00260,0.00022,0.02881,-0.01928,0.36819,0.00000,0.00000,0.00000,
1630698557214860800,0.02565,-0.03678,0.20539,0.99951,0.02508,-0.01518,-0.01052,-0.00049,-0.00185,0.00030,0.02884,-0.01923,0.36817,0.00000,0.00000,0.00000,
1630698557281531648,0.02589,-0.03731,0.20532,0.99952,0.02495,-0.01502,-0.01045,-0.00096,-0.00345,0.00028,0.02884,-0.01926,0.36818,0.00000,0.00000,0.00000,
1630698557348203008,0.02596,-0.03730,0.20534,0.99952,0.02490,-0.01489,-0.01046,-0.00136,-0.00317,0.00040,0.02883,-0.01928,0.36818,0.00000,0.00000,0.00000,
1630698557414874624,0.02591,-0.03725,0.20548,0.99953,0.02481,-0.01479,-0.01046,-0.00125,-0.00308,0.00078,0.02883,-0.01927,0.36816,0.00000,0.00000,0.00000,
1630698557481544960,0.02594,-0.03722,0.20556,0.99953,0.02468,-0.01467,-0.01043,-0.00079,-0.00339,0.00090,0.02884,-0.01927,0.36817,0.00000,0.00000,0.00000,
1630698557548216576,0.02590,-0.03672,0.20568,0.99954,0.02450,-0.01445,-0.01051,-0.00113,-0.00290,0.00096,0.02885,-0.01927,0.36818,0.00000,0.00000,0.00000,
1630698557614886912,0.02586,-0.03672,0.20571,0.99954,0.02437,-0.01438,-0.01050,-0.00143,-0.00399,0.00120,0.02880,-0.01928,0.36807,0.00000,0.00000,0.00000,
1630698557681558528,0.02613,-0.03717,0.20561,0.99955,0.02436,-0.01430,-0.01046,-0.00095,-0.00366,0.00084,0.02886,-0.01929,0.36819,0.00000,0.00000,0.00000,
1630698557748229120,0.02629,-0.03733,0.20542,0.99955,0.02438,-0.01434,-0.01045,-0.00099,-0.00418,0.00132,0.02885,-0.01927,0.36826,0.00000,0.00000,0.00000,
1630698557814900736,0.02636,-0.03698,0.20541,0.99955,0.02439,-0.01423,-0.01050,-0.00100,-0.00305,0.00121,0.02889,-0.01926,0.36816,0.00000,0.00000,0.00000,
1630698557881571072,0.02623,-0.03676,0.20549,0.99955,0.02439,-0.01426,-0.01052,-0.00140,-0.00399,0.00101,0.02886,-0.01929,0.36815,0.00000,0.00000,0.00000,
1630698557948242688,0.02623,-0.03703,0.20558,0.99954,0.02442,-0.01429,-0.01048,-0.00150,-0.00374,0.00117,0.02888,-0.01928,0.36816,0.00000,0.00000,0.00000,
1630698558014913024,0.02622,-0.03715,0.20556,0.99954,0.02449,-0.01427,-0.01048,-0.00140,-0.00386,0.00085,0.02888,-0.01928,0.36816,0.00000,0.00000,0.00000,
1630698558081584640,0.02643,-0.03719,0.20539,0.99954,0.02458,-0.01414,-0.01050,-0.00109,-0.00320,0.00020,0.02888,-0.01927,0.36816,0.00000,0.00000,0.00000,
1630698558148255232,0.02633,-0.03694,0.20548,0.99954,0.02463,-0.01405,-0.01053,-0.00134,-0.00339,0.00069,0.02885,-0.01929,0.36823,0.00000,0.00000,0.00000,
1630698558214926592,0.02636,-0.03696,0.20538,0.99954,0.02471,-0.01409,-0.01054,-0.00059,-0.00390,0.00083,0.02888,-0.01928,0.36814,0.00000,0.00000,0.00000,
1630698558281597440,0.02639,-0.03693,0.20535,0.99954,0.02472,-0.01408,-0.01055,-0.00116,-0.00267,0.00104,0.02888,-0.01929,0.36815,0.00000,0.00000,0.00000,
1630698558348268800,0.02602,-0.03668,0.20565,0.99954,0.02461,-0.01414,-0.01053,-0.00048,-0.00364,0.00160,0.02888,-0.01928,0.36814,0.00000,0.00000,0.00000,
1630698558414939392,0.02625,-0.03686,0.20547,0.99954,0.02462,-0.01420,-0.01053,-0.00055,-0.00377,0.00132,0.02889,-0.01928,0.36814,0.00000,0.00000,0.00000,
1630698558481611008,0.02630,-0.03687,0.20543,0.99954,0.02462,-0.01421,-0.01052,-0.00112,-0.00331,0.00103,0.02889,-0.01929,0.36814,0.00000,0.00000,0.00000,
1630698558548281600,0.02607,-0.03670,0.20564,0.99954,0.02460,-0.01415,-0.01052,-0.00067,-0.00373,0.00134,0.02889,-0.01929,0.36814,0.00000,0.00000,0.00000,
1630698558614952960,0.02591,-0.03617,0.20574,0.99955,0.02444,-0.01406,-0.01057,-0.00076,-0.00163,0.00139,0.02889,-0.01921,0.36814,0.00000,0.00000,0.00000,
1630698558681623808,0.02583,-0.03610,0.20573,0.99955,0.02432,-0.01408,-0.01057,-0.00093,-0.00510,0.00116,0.02890,-0.01927,0.36813,0.00000,0.00000,0.00000,
1630698558748295424,0.02629,-0.03682,0.20543,0.99954,0.02454,-0.01414,-0.01056,-0.00119,-0.00554,0.00148,0.02884,-0.01934,0.36820,0.00000,0.00000,0.00000,
1630698558814967040,0.02627,-0.03687,0.20540,0.99954,0.02461,-0.01418,-0.01054,-0.00120,-0.00166,0.00110,0.02889,-0.01922,0.36812,0.00000,0.00000,0.00000,
1630698558881638144,0.02625,-0.03674,0.20533,0.99954,0.02459,-0.01423,-0.01054,-0.00056,-0.00280,0.00107,0.02891,-0.01921,0.36814,0.00000,0.00000,0.00000,
1630698558948309760,0.02612,-0.03634,0.20544,0.99954,0.02463,-0.01421,-0.01061,-0.00119,-0.00485,0.00168,0.02884,-0.01931,0.36821,0.00000,0.00000,0.00000,
1630698559014980352,0.02579,-0.03624,0.20571,0.99954,0.02449,-0.01427,-0.01061,-0.00094,-0.00359,0.00207,0.02886,-0.01918,0.36811,0.00000,0.00000,0.00000,
1630698559081652224,0.02619,-0.03665,0.20550,0.99954,0.02446,-0.01420,-0.01052,0.00070,-0.00117,0.00054,0.02888,-0.01913,0.36809,0.00000,0.00000,0.00000,
1630698559148322816,0.02615,-0.03663,0.20536,0.99954,0.02445,-0.01429,-0.01051,-0.00106,-0.00535,0.00150,0.02882,-0.01920,0.36814,0.00000,0.00000,0.00000,
1630698559214994432,0.02618,-0.03672,0.20541,0.99954,0.02458,-0.01425,-0.01052,0.00121,-0.00352,0.00062,0.02891,-0.01913,0.36815,0.00000,0.00000,0.00000,
1630698559281665280,0.02641,-0.03685,0.20516,0.99954,0.02455,-0.01443,-0.01049,-0.00087,-0.00328,0.00221,0.02887,-0.01910,0.36808,0.00000,0.00000,0.00000,
1630698559348337152,0.02635,-0.03693,0.20510,0.99954,0.02461,-0.01452,-0.01050,-0.00155,-0.00422,0.00183,0.02880,-0.01908,0.36810,0.00000,0.00000,0.00000,
1630698559415007744,0.02608,-0.03665,0.20532,0.99954,0.02460,-0.01444,-0.01052,-0.00046,-0.00260,0.00160,0.02877,-0.01897,0.36811,0.00000,0.00000,0.00000,
1630698559481679616,0.02594,-0.03651,0.20543,0.99954,0.02457,-0.01433,-0.01054,0.00056,-0.00464,0.00061,0.02880,-0.01892,0.36809,0.00000,0.00000,0.00000,
1630698559548350464,0.02606,-0.03609,0.20535,0.99954,0.02449,-0.01424,-0.01059,0.00083,-0.00382,0.00175,0.02873,-0.01893,0.36818,0.00000,0.00000,0.00000,
1630698559615022336,0.02600,-0.03628,0.20517,0.99954,0.02439,-0.01455,-0.01061,-0.00195,-0.00644,0.00202,0.02873,-0.01905,0.36822,0.00000,0.00000,0.00000,
1630698559681693440,0.02591,-0.03618,0.20536,0.99954,0.02440,-0.01444,-0.01069,-0.00087,-0.00358,0.00155,0.02870,-0.01903,0.36812,0.00000,0.00000,0.00000,
1630698559748365056,0.02561,-0.03606,0.20544,0.99954,0.02428,-0.01445,-0.01075,-0.00189,-0.00422,0.00150,0.02865,-0.01896,0.36809,0.00000,0.00000,0.00000,
1630698559815036160,0.02577,-0.03642,0.20531,0.99954,0.02433,-0.01443,-0.01072,-0.00076,-0.00350,0.00148,0.02861,-0.01891,0.36810,0.00000,0.00000,0.00000,
1630698559881707008,0.02599,-0.03661,0.20515,0.99954,0.02443,-0.01445,-0.01075,0.00034,-0.00460,0.00092,0.02862,-0.01891,0.36809,0.00000,0.00000,0.00000,
1630698559948376576,0.02626,-0.03692,0.20473,0.99953,0.02461,-0.01473,-0.01073,-0.00020,-0.00290,0.00111,0.02864,-0.01888,0.36807,0.00000,0.00000,0.00000,
1630698560015047424,0.02632,-0.03705,0.20452,0.99952,0.02477,-0.01488,-0.01074,-0.00047,-0.00375,-0.00024,0.02867,-0.01888,0.36803,0.00000,0.00000,0.00000,
1630698560081718528,0.02607,-0.03685,0.20464,0.99952,0.02482,-0.01494,-0.01075,-0.00031,-0.00248,0.00192,0.02870,-0.01880,0.36805,0.00000,0.00000,0.00000,
1630698560148388352,0.02584,-0.03655,0.20496,0.99953,0.02480,-0.01474,-0.01074,-0.00020,-0.00331,0.00143,0.02867,-0.01877,0.36808,0.00000,0.00000,0.00000,
1630698560215058944,0.02598,-0.03674,0.20474,0.99952,0.02482,-0.01494,-0.01077,0.00100,-0.00602,0.00176,0.02868,-0.01881,0.36809,0.00000,0.00000,0.00000,
1630698560281729024,0.02616,-0.03686,0.20460,0.99952,0.02490,-0.01489,-0.01079,0.00036,-0.00626,0.00054,0.02875,-0.01908,0.36810,0.00000,0.00000,0.00000,
1630698560348399616,0.02629,-0.03712,0.20476,0.99952,0.02516,-0.01476,-0.01085,0.00170,-0.00608,0.00091,0.02871,-0.01916,0.36809,0.00000,0.00000,0.00000,
1630698560415069696,0.02641,-0.03728,0.20458,0.99951,0.02522,-0.01488,-0.01083,-0.00030,-0.00251,0.00258,0.02866,-0.01902,0.36811,0.00000,0.00000,0.00000,
1630698560481740544,0.02643,-0.03724,0.20445,0.99951,0.02522,-0.01489,-0.01084,-0.00004,-0.00187,-0.00009,0.02868,-0.01896,0.36807,0.00000,0.00000,0.00000,
1630698560548410112,0.02648,-0.03727,0.20434,0.99951,0.02529,-0.01485,-0.01083,0.00127,-0.00479,0.00028,0.02874,-0.01899,0.36806,0.00000,0.00000,0.00000,
1630698560615080960,0.02646,-0.03734,0.20438,0.99951,0.02543,-0.01492,-0.01084,-0.00064,-0.00576,0.00186,0.02867,-0.01913,0.36808,0.00000,0.00000,0.00000,
1630698560681750784,0.02652,-0.03772,0.20430,0.99950,0.02559,-0.01505,-0.01084,-0.00156,-0.00384,0.00201,0.02856,-0.01909,0.36806,0.00000,0.00000,0.00000,
1630698560748421376,0.02645,-0.03767,0.20421,0.99950,0.02562,-0.01505,-0.01075,-0.00196,-0.00104,0.00100,0.02845,-0.01887,0.36808,0.00000,0.00000,0.00000,
1630698560815091456,0.02584,-0.03658,0.20450,0.99951,0.02541,-0.01487,-0.01057,-0.00371,-0.00167,0.00133,0.02808,-0.01896,0.36811,0.00000,0.00000,0.00000,
1630698560881762816,0.02518,-0.03663,0.20464,0.99951,0.02524,-0.01542,-0.01053,-0.00474,-0.00931,0.00256,0.02788,-0.01909,0.36809,0.00000,0.00000,0.00000,
1630698560948433152,0.02507,-0.03724,0.20462,0.99950,0.02550,-0.01535,-0.01044,-0.00589,-0.00533,0.00076,0.02761,-0.01909,0.36806,0.00000,0.00000,0.00000,
1630698561015104768,0.02468,-0.03729,0.20465,0.99950,0.02562,-0.01536,-0.01040,-0.00683,-0.00492,0.00185,0.02712,-0.01904,0.36807,0.00000,0.00000,0.00000,
1630698561081775104,0.02435,-0.03714,0.20485,0.99950,0.02560,-0.01507,-0.01066,-0.00310,-0.00145,-0.00025,0.02699,-0.01893,0.36806,0.00000,0.00000,0.00000,
1630698561148446464,0.02433,-0.03710,0.20467,0.99951,0.02558,-0.01496,-0.01052,-0.00040,-0.00595,-0.00010,0.02683,-0.01893,0.36804,0.00000,0.00000,0.00000,
1630698561215117312,0.02447,-0.03735,0.20434,0.99950,0.02567,-0.01505,-0.01067,-0.00233,-0.00444,0.00137,0.02666,-0.01885,0.36802,0.00000,0.00000,0.00000,
1630698561281788672,0.02412,-0.03723,0.20456,0.99950,0.02575,-0.01504,-0.01064,-0.00243,-0.00406,0.00147,0.02661,-0.01884,0.36803,0.00000,0.00000,0.00000,
1630698561348459264,0.02411,-0.03727,0.20460,0.99950,0.02583,-0.01501,-0.01067,0.00149,-0.00555,0.00105,0.02662,-0.01882,0.36802,0.00000,0.00000,0.00000,
1630698561415130624,0.02440,-0.03732,0.20433,0.99950,0.02588,-0.01498,-0.01067,0.00016,-0.00218,0.00059,0.02671,-0.01885,0.36803,0.00000,0.00000,0.00000,
1630698561481802240,0.02430,-0.03735,0.20443,0.99949,0.02590,-0.01501,-0.01066,-0.00178,-0.00426,0.00140,0.02667,-0.01868,0.36810,0.00000,0.00000,0.00000,
1630698561548472832,0.02430,-0.03740,0.20439,0.99949,0.02596,-0.01503,-0.01068,-0.00071,-0.00564,0.00096,0.02663,-0.01871,0.36812,0.00000,0.00000,0.00000,
1630698561615144192,0.02429,-0.03743,0.20436,0.99949,0.02601,-0.01507,-0.01068,-0.00036,-0.00350,0.00070,0.02665,-0.01880,0.36806,0.00000,0.00000,0.00000,
1630698561681814784,0.02429,-0.03740,0.20433,0.99949,0.02603,-0.01508,-0.01069,-0.00026,-0.00386,0.00056,0.02665,-0.01879,0.36807,0.00000,0.00000,0.00000,
1630698561748486400,0.02428,-0.03746,0.20431,0.99949,0.02610,-0.01515,-0.01070,-0.00089,-0.00523,0.00044,0.02661,-0.01886,0.36805,0.00000,0.00000,0.00000,
1630698561815156992,0.02423,-0.03745,0.20433,0.99949,0.02611,-0.01523,-0.01069,-0.00040,-0.00240,0.00151,0.02663,-0.01860,0.36811,0.00000,0.00000,0.00000,
1630698561881828608,0.02418,-0.03729,0.20432,0.99949,0.02600,-0.01525,-0.01069,-0.00007,-0.00249,-0.00009,0.02662,-0.01855,0.36813,0.00000,0.00000,0.00000,
1630698561948499200,0.02419,-0.03735,0.20417,0.99949,0.02599,-0.01540,-0.01071,0.00040,-0.00548,0.00038,0.02662,-0.01855,0.36815,0.00000,0.00000,0.00000,
1630698562015170816,0.02413,-0.03739,0.20402,0.99948,0.02605,-0.01591,-0.01072,-0.00028,-0.00421,0.00157,0.02661,-0.01873,0.36928,0.00000,0.00000,0.00000,
1630698562081841408,0.02293,-0.03880,0.21215,0.99929,0.03161,-0.01695,-0.01111,-0.02920,-0.07570,0.18926,0.02404,-0.02183,0.37967,0.00000,0.00000,0.00000,
1630698562148513024,0.02121,-0.04251,0.22406,0.99912,0.03228,-0.02173,-0.01569,-0.05113,-0.04831,0.15228,0.01884,-0.02082,0.38471,0.00000,0.00000,0.00000,
1630698562215183616,0.01906,-0.04477,0.22796,0.99909,0.02903,-0.02602,-0.01741,-0.11625,-0.03520,0.06073,0.01133,-0.02099,0.38628,0.00000,0.00000,0.00000,
1630698562281855488,0.01785,-0.04564,0.22911,0.99958,0.02095,-0.00940,-0.01787,-0.12524,-0.01398,-0.08194,0.00046,-0.01757,0.37087,0.00000,0.00000,0.00000,
1630698562348526592,0.00888,-0.04684,0.22046,0.99955,-0.00227,0.02445,-0.01717,-0.16812,0.06571,-0.44605,-0.00687,-0.00914,0.36440,0.00000,0.00000,0.00000,
1630698562415198208,-0.00441,-0.02930,0.20099,0.99764,-0.01307,0.06718,-0.00492,-0.14185,0.16132,-0.21337,-0.01104,-0.00199,0.37037,0.00000,0.00000,0.00000,
1630698562481868800,-0.01117,-0.02412,0.20076,0.99638,-0.01036,0.08436,-0.00099,-0.05444,0.11782,0.06477,-0.00774,0.01015,0.38304,0.00000,0.00000,0.00000,
1630698562548540416,-0.01327,-0.01443,0.23625,0.99762,0.04844,0.04896,-0.00371,0.03739,0.20258,0.23428,0.00015,0.03081,0.38790,0.00000,0.00000,0.00000,
1630698562615211264,-0.00695,0.00588,0.24743,0.99832,0.04379,0.03590,-0.01196,0.08615,0.33886,0.09866,0.00997,0.04699,0.39424,0.00000,0.00000,0.00000,
1630698562681882880,0.00067,0.02447,0.25565,0.99822,0.05079,0.02763,-0.01486,0.13064,0.25072,0.12750,0.01847,0.05682,0.40488,0.00000,0.00000,0.00000,
1630698562748554752,0.00382,0.03959,0.26272,0.99725,0.06905,0.01794,-0.01982,0.09437,0.12397,0.20387,0.02499,0.06287,0.41465,0.00000,0.00000,0.00000,
1630698562815225344,0.01960,0.04257,0.28095,0.99615,0.07792,0.03179,-0.02476,0.13553,0.10742,0.16036,0.03379,0.06655,0.42110,0.00000,0.00000,0.00000,
1630698562881896704,0.03190,0.04737,0.28998,0.99686,0.06513,0.04047,-0.01994,0.12347,0.00084,0.00792,0.04033,0.06385,0.41823,0.00000,0.00000,0.00000,
1630698562948567040,0.04209,0.04494,0.28313,0.99630,0.06858,0.04821,-0.01914,0.11630,-0.06825,-0.15702,0.04621,0.05726,0.41355,0.00000,0.00000,0.00000,
1630698563015238400,0.05259,0.03472,0.27229,0.99502,0.07851,0.05788,-0.02045,0.11194,-0.16777,-0.13034,0.05560,0.04156,0.40750,0.00000,0.00000,0.00000,
1630698563081908480,0.06124,0.02387,0.26514,0.99494,0.07418,0.06387,-0.02272,0.12948,-0.18298,-0.14771,0.05986,0.03510,0.40494,0.00000,0.00000,0.00000,
1630698563148579840,0.07347,0.01292,0.26214,0.99519,0.06880,0.06732,-0.01834,0.14685,-0.15519,0.07061,0.06898,0.02424,0.41256,0.00000,0.00000,0.00000,
1630698563215249920,0.08097,0.00661,0.26850,0.99542,0.07456,0.05558,-0.02218,0.11752,-0.09497,0.04152,0.07395,0.02072,0.41441,0.00000,0.00000,0.00000,
1630698563281921280,0.08721,0.00717,0.26731,0.99558,0.07208,0.05587,-0.02262,0.10856,0.03993,-0.04001,0.08291,0.02480,0.41072,0.00000,0.00000,0.00000,
1630698563348591616,0.09367,0.01346,0.26314,0.99607,0.05840,0.06343,-0.02011,0.08628,0.11045,-0.04167,0.08713,0.03015,0.40808,0.00000,0.00000,0.00000,
1630698563415262976,0.09905,0.02131,0.26173,0.99611,0.05663,0.06461,-0.01941,0.08642,0.10474,-0.01474,0.09449,0.03819,0.40449,0.00000,0.00000,0.00000,
1630698563481933312,0.10473,0.02652,0.25830,0.99535,0.06703,0.06550,-0.02226,0.11322,0.04345,0.02368,0.10089,0.04284,0.40802,0.00000,0.00000,0.00000,
1630698563548604416,0.11126,0.03194,0.26611,0.99573,0.06498,0.06265,-0.01938,0.08888,0.06474,0.12754,0.10576,0.04658,0.40967,0.00000,0.00000,0.00000,
1630698563615275008,0.11618,0.03309,0.27026,0.99606,0.06294,0.05977,-0.01809,0.04785,-0.05215,0.06841,0.10832,0.04385,0.40823,0.00000,0.00000,0.00000,
1630698563681946368,0.11823,0.03046,0.26761,0.99571,0.06622,0.06187,-0.01864,0.01975,-0.06616,0.03654,0.10887,0.04068,0.40692,0.00000,0.00000,0.00000,
1630698563748616448,0.11958,0.02611,0.26551,0.99555,0.06862,0.06233,-0.01716,0.02421,-0.09391,0.04287,0.11012,0.03523,0.40566,0.00000,0.00000,0.00000,
1630698563815287808,0.12268,0.02021,0.26149,0.99550,0.06700,0.06468,-0.01749,0.05412,-0.06958,0.02535,0.11423,0.02988,0.40682,0.00000,0.00000,0.00000,
1630698563881958144,0.12662,0.01710,0.26607,0.99590,0.06350,0.06241,-0.01599,0.07893,-0.04994,0.12994,0.11724,0.02696,0.41055,0.00000,0.00000,0.00000,
1630698563948629760,0.13108,0.01477,0.26907,0.99614,0.06619,0.05381,-0.02072,0.08442,-0.01135,0.03354,0.12111,0.02521,0.41151,0.00000,0.00000,0.00000,
1630698564015300352,0.13749,0.01525,0.26509,0.99630,0.06030,0.05701,-0.02216,0.08856,0.09250,-0.01661,0.13158,0.03166,0.40552,0.00000,0.00000,0.00000,
1630698564081971968,0.14644,0.02302,0.25861,0.99676,0.04509,0.06396,-0.01845,0.11223,0.20314,-0.04779,0.13848,0.04039,0.40115,0.00000,0.00000,0.00000,
1630698564148643328,0.15706,0.03692,0.25517,0.99642,0.05009,0.06586,-0.01720,0.17947,0.23028,-0.03666,0.15589,0.05674,0.39317,0.00000,0.00000,0.00000,
1630698564215313664,0.17560,0.05234,0.24449,0.99549,0.05829,0.07259,-0.01848,0.23100,0.21020,0.08591,0.17414,0.07157,0.40129,0.00000,0.00000,0.00000,
1630698564281985280,0.19031,0.06338,0.25982,0.99735,0.04178,0.05639,-0.01892,0.20734,0.14493,0.16480,0.18749,0.07958,0.40493,0.00000,0.00000,0.00000,
1630698564348655616,0.20611,0.06944,0.26271,0.99807,0.03582,0.04681,-0.01939,0.19540,0.07708,0.04237,0.19930,0.07998,0.40359,0.00000,0.00000,0.00000,
1630698564415327232,0.21630,0.07238,0.25967,0.99682,0.05798,0.05042,-0.02123,0.16119,-0.00345,-0.03228,0.20449,0.07844,0.40149,0.00000,0.00000,0.00000,
1630698564481997824,0.22687,0.06977,0.25265,0.99534,0.07634,0.05544,-0.02009,0.15797,-0.08070,-0.03629,0.21743,0.07013,0.39818,0.00000,0.00000,0.00000,
1630698564548669440,0.23756,0.06369,0.24789,0.99590,0.06807,0.05534,-0.02196,0.19904,-0.05306,-0.01197,0.22658,0.06589,0.39962,0.00000,0.00000,0.00000,
1630698564615339776,0.24970,0.05768,0.25149,0.99626,0.06271,0.05626,-0.01940,0.18440,-0.08061,-0.01926,0.24013,0.05873,0.40197,0.00000,0.00000,0.00000,
1630698564682011392,0.26308,0.05225,0.25510,0.99624,0.06865,0.04823,-0.02147,0.18876,-0.03847,0.03725,0.25170,0.05700,0.40258,0.00000,0.00000,0.00000,
1630698564748681728,0.27598,0.05255,0.25344,0.99650,0.06307,0.05044,-0.02180,0.18515,0.06677,-0.05465,0.26078,0.05979,0.39956,0.00000,0.00000,0.00000,
1630698564815353600,0.28872,0.06151,0.24897,0.99692,0.05232,0.05489,-0.02020,0.19525,0.16084,-0.04651,0.27368,0.06887,0.39523,0.00000,0.00000,0.00000,
1630698564882024192,0.30310,0.07508,0.24309,0.99682,0.04982,0.05881,-0.02007,0.25062,0.16243,-0.03721,0.29348,0.07940,0.39300,0.00000,0.00000,0.00000,
1630698564948696064,0.31809,0.08508,0.24749,0.99656,0.05093,0.06032,-0.02517,0.22708,0.14776,0.15448,0.30720,0.08805,0.39859,0.00000,0.00000,0.00000,
1630698565015366912,0.33040,0.09520,0.25361,0.99760,0.04096,0.05067,-0.02347,0.19797,0.11353,0.06333,0.32154,0.09290,0.40069,0.00000,0.00000,0.00000,
1630698565082038528,0.34282,0.09826,0.25537,0.99776,0.04156,0.04611,-0.02490,0.16453,0.02514,0.00985,0.32855,0.09096,0.39884,0.00000,0.00000,0.00000,
1630698565148709376,0.35288,0.09557,0.24994,0.99647,0.06100,0.05168,-0.02562,0.13037,-0.04570,-0.05636,0.33620,0.08441,0.39499,0.00000,0.00000,0.00000,
1630698565215380992,0.35885,0.09087,0.24438,0.99586,0.06728,0.05428,-0.02804,0.12920,-0.12162,-0.04121,0.34840,0.07282,0.39614,0.00000,0.00000,0.00000,
1630698565282051840,0.36513,0.08355,0.24400,0.99579,0.06623,0.05815,-0.02515,0.14421,-0.05565,0.03410,0.35507,0.06601,0.39921,0.00000,0.00000,0.00000,
1630698565348723456,0.37292,0.07747,0.24823,0.99596,0.06985,0.05036,-0.02534,0.11354,-0.07183,0.03164,0.36155,0.06196,0.40079,0.00000,0.00000,0.00000,
1630698565415395328,0.38082,0.07309,0.25118,0.99598,0.07361,0.04435,-0.02542,0.10807,-0.01511,0.04961,0.36728,0.06272,0.39923,0.00000,0.00000,0.00000,
1630698565482066176,0.38621,0.07429,0.25048,0.99664,0.06276,0.04690,-0.02374,0.08002,0.05779,-0.00817,0.37089,0.06597,0.39764,0.00000,0.00000,0.00000,
1630698565548738048,0.39084,0.07835,0.24856,0.99713,0.05332,0.04913,-0.02187,0.07424,0.09353,0.01761,0.37485,0.06997,0.39690,0.00000,0.00000,0.00000,
1630698565615408640,0.39638,0.08329,0.24767,0.99696,0.05599,0.04955,-0.02180,0.10462,0.04600,0.05169,0.38097,0.07264,0.39967,0.00000,0.00000,0.00000,
1630698565682080512,0.40260,0.08667,0.25191,0.99693,0.05635,0.04917,-0.02321,0.09114,0.09560,0.05516,0.38663,0.07673,0.40014,0.00000,0.00000,0.00000,
1630698565748751360,0.40862,0.08976,0.25158,0.99735,0.05227,0.04542,-0.02250,0.08552,0.01181,0.02171,0.39174,0.07590,0.40001,0.00000,0.00000,0.00000,
1630698565815423232,0.41320,0.08838,0.25080,0.99708,0.05408,0.04763,-0.02537,0.06257,-0.02556,0.00074,0.39539,0.07239,0.39798,0.00000,0.00000,0.00000,
1630698565882093312,0.41664,0.08408,0.24735,0.99666,0.05901,0.05061,-0.02512,0.04899,-0.08923,-0.01299,0.39760,0.06740,0.39643,0.00000,0.00000,0.00000,
1630698565948764928,0.42006,0.07658,0.24236,0.99607,0.06493,0.05456,-0.02563,0.07112,-0.10457,-0.05388,0.40313,0.05944,0.39630,0.00000,0.00000,0.00000,
1630698566015435008,0.42460,0.07015,0.24619,0.99598,0.06555,0.05699,-0.02188,0.08361,-0.11508,0.12915,0.40783,0.05365,0.40290,0.00000,0.00000,0.00000,
1630698566082106112,0.43121,0.06423,0.24854,0.99621,0.07003,0.04498,-0.02547,0.09668,-0.08070,0.05141,0.41565,0.04886,0.40339,0.00000,0.00000,0.00000,
1630698566148776192,0.43854,0.06370,0.24761,0.99620,0.06932,0.04523,-0.02697,0.10644,0.01076,-0.00450,0.42100,0.05098,0.40195,0.00000,0.00000,0.00000,
1630698566215447552,0.44676,0.06465,0.24595,0.99691,0.05663,0.04896,-0.02396,0.10965,0.08882,-0.02824,0.43068,0.05915,0.39784,0.00000,0.00000,0.00000,
1630698566282117632,0.45371,0.07260,0.24323,0.99710,0.05142,0.05166,-0.02202,0.13578,0.13358,-0.02109,0.43569,0.06348,0.39623,0.00000,0.00000,0.00000,
1630698566348788992,0.46417,0.08048,0.23968,0.99684,0.05125,0.05659,-0.02193,0.16948,0.07174,0.04416,0.44874,0.07104,0.39870,0.00000,0.00000,0.00000,
1630698566415459072,0.47414,0.08622,0.24349,0.99741,0.04762,0.04947,-0.02132,0.14654,0.07408,0.03417,0.45795,0.07538,0.40019,0.00000,0.00000,0.00000,
1630698566482130176,0.48378,0.09036,0.24563,0.99778,0.04420,0.04496,-0.02134,0.13807,-0.00318,0.02444,0.46631,0.07461,0.40011,0.00000,0.00000,0.00000,
1630698566548800512,0.49200,0.08929,0.24336,0.99738,0.04870,0.04870,-0.02229,0.11531,-0.04479,-0.03989,0.47156,0.07121,0.39804,0.00000,0.00000,0.00000,
1630698566615471616,0.49898,0.08361,0.23900,0.99679,0.05589,0.05297,-0.02180,0.10529,-0.12779,-0.06543,0.47983,0.05961,0.39331,0.00000,0.00000,0.00000,
1630698566682141696,0.50692,0.07410,0.23225,0.99601,0.06313,0.05918,-0.02180,0.12653,-0.13699,0.00016,0.48716,0.05089,0.39694,0.00000,0.00000,0.00000,
1630698566748812800,0.51550,0.06486,0.23874,0.99601,0.06776,0.05409,-0.02106,0.13264,-0.17477,0.16137,0.49343,0.04143,0.40721,0.00000,0.00000,0.00000,
1630698566815484160,0.52331,0.05387,0.24553,0.99601,0.07628,0.03870,-0.02550,0.12664,-0.11926,0.01114,0.50031,0.03548,0.40802,0.00000,0.00000,0.00000,
1630698566882154496,0.53166,0.05186,0.24394,0.99643,0.07110,0.03924,-0.02317,0.10745,0.01089,-0.01945,0.50635,0.03708,0.40619,0.00000,0.00000,0.00000,
1630698566948825600,0.53606,0.05188,0.24223,0.99777,0.04737,0.04330,-0.01832,0.08242,0.03783,-0.02860,0.51146,0.04033,0.40413,0.00000,0.00000,0.00000,
1630698567015495680,0.54166,0.05584,0.24207,0.99781,0.04859,0.04204,-0.01562,0.09049,0.05120,0.03422,0.51556,0.04324,0.40454,0.00000,0.00000,0.00000,
1630698567082166784,0.54776,0.05850,0.24159,0.99738,0.05615,0.04392,-0.01222,0.12195,0.06456,0.01392,0.52861,0.04771,0.40130,0.00000,0.00000,0.00000,
1630698567148837376,0.55538,0.06359,0.23959,0.99763,0.05317,0.04216,-0.01115,0.10488,-0.00211,-0.02583,0.53324,0.04541,0.40110,0.00000,0.00000,0.00000,
1630698567215508480,0.56163,0.06148,0.23803,0.99742,0.05497,0.04373,-0.01465,0.09467,-0.06308,-0.00335,0.53886,0.03954,0.39821,0.00000,0.00000,0.00000,
1630698567282178560,0.56770,0.05753,0.23370,0.99679,0.06151,0.04893,-0.01520,0.08179,-0.10293,-0.05645,0.54428,0.02969,0.39449,0.00000,0.00000,0.00000,
1630698567348849664,0.57330,0.04718,0.22777,0.99590,0.07046,0.05458,-0.01560,0.10251,-0.16082,-0.08047,0.54988,0.02094,0.39056,0.00000,0.00000,0.00000,
1630698567415520000,0.58242,0.03735,0.22181,0.99544,0.07164,0.06139,-0.01419,0.14536,-0.12378,-0.00191,0.55964,0.00828,0.39846,0.00000,0.00000,0.00000,
1630698567482191360,0.59052,0.02674,0.22986,0.99606,0.06995,0.05264,-0.01406,0.12167,-0.17003,0.13298,0.56594,-0.00195,0.40372,0.00000,0.00000,0.00000,
1630698567548861440,0.59829,0.01650,0.23567,0.99603,0.07844,0.03922,-0.01533,0.11280,-0.13515,0.02668,0.57161,-0.00862,0.40551,0.00000,0.00000,0.00000,
1630698567615532544,0.60554,0.01053,0.23862,0.99659,0.07346,0.03543,-0.01284,0.07723,-0.05276,0.01707,0.57520,-0.01140,0.40403,0.00000,0.00000,0.00000,
1630698567682202880,0.60968,0.00734,0.23828,0.99808,0.04805,0.03741,-0.01129,0.04964,-0.04051,-0.01116,0.57673,-0.01445,0.40514,0.00000,0.00000,0.00000,
1630698567748873984,0.61120,0.00385,0.23906,0.99807,0.05255,0.03138,-0.01066,0.02327,-0.05100,0.08680,0.57811,-0.01762,0.40735,0.00000,0.00000,0.00000,
1630698567815544064,0.61284,0.00301,0.23881,0.99765,0.05827,0.03360,-0.01322,0.04972,-0.00872,-0.01130,0.58373,-0.02070,0.40108,0.00000,0.00000,0.00000,
1630698567882215168,0.61591,0.00223,0.23215,0.99757,0.05768,0.03717,-0.01216,0.06204,-0.05487,-0.06779,0.58586,-0.02396,0.40005,0.00000,0.00000,0.00000,
1630698567948885504,0.62016,-0.00316,0.22850,0.99697,0.06334,0.04212,-0.01624,0.07553,-0.09241,-0.03278,0.59086,-0.03087,0.39749,0.00000,0.00000,0.00000,
1630698568015556608,0.62571,-0.00954,0.22326,0.99636,0.06930,0.04682,-0.01677,0.09194,-0.12035,-0.06683,0.59956,-0.04278,0.39251,0.00000,0.00000,0.00000,
1630698568082227712,0.63342,-0.01815,0.21648,0.99560,0.07541,0.05263,-0.01804,0.14811,-0.14126,-0.10621,0.61029,-0.05119,0.39206,0.00000,0.00000,0.00000,
1630698568148897792,0.64418,-0.02620,0.21626,0.99594,0.06729,0.05778,-0.01551,0.17314,-0.08796,0.07465,0.61776,-0.05695,0.39665,0.00000,0.00000,0.00000,
1630698568215568896,0.65431,-0.03405,0.22253,0.99677,0.06226,0.04790,-0.01679,0.15765,-0.10322,0.05350,0.62746,-0.06339,0.39911,0.00000,0.00000,0.00000,
1630698568282238976,0.66516,-0.03860,0.22709,0.99664,0.06840,0.04151,-0.01766,0.15439,-0.03348,0.04844,0.63469,-0.06529,0.39991,0.00000,0.00000,0.00000,
1630698568348910080,0.67539,-0.03720,0.22566,0.99712,0.06049,0.04268,-0.01616,0.14396,0.07079,-0.01911,0.64687,-0.06056,0.39629,0.00000,0.00000,0.00000,
1630698568415580160,0.68497,-0.03003,0.22184,0.99768,0.04716,0.04706,-0.01398,0.14937,0.12628,-0.02086,0.65745,-0.05305,0.39297,0.00000,0.00000,0.00000,
1630698568482251520,0.69530,-0.02345,0.22182,0.99772,0.04449,0.04836,-0.01550,0.18017,0.06918,0.04803,0.66891,-0.04808,0.39642,0.00000,0.00000,0.00000,
1630698568548921600,0.70731,-0.01707,0.22433,0.99777,0.04479,0.04625,-0.01754,0.15516,0.11625,0.06991,0.68392,-0.04006,0.39706,0.00000,0.00000,0.00000,
1630698568615592704,0.71642,-0.01175,0.22516,0.99832,0.03747,0.03994,-0.01888,0.14286,0.04669,0.03746,0.69020,-0.03896,0.39790,0.00000,0.00000,0.00000,
1630698568682262784,0.72389,-0.00980,0.22545,0.99830,0.03849,0.03699,-0.02320,0.10778,0.01510,0.00144,0.69521,-0.03975,0.39621,0.00000,0.00000,0.00000,
1630698568748933888,0.72955,-0.00993,0.22267,0.99757,0.05266,0.03827,-0.02468,0.08412,-0.02655,-0.01336,0.70232,-0.04326,0.39528,0.00000,0.00000,0.00000,
1630698568815603968,0.73516,-0.01107,0.22056,0.99753,0.05312,0.03678,-0.02742,0.09106,-0.02211,0.02058,0.70865,-0.04215,0.39983,0.00000,0.00000,0.00000,
1630698568882275072,0.74092,-0.01044,0.22752,0.99774,0.05183,0.03760,-0.02024,0.08613,0.00136,0.06339,0.71469,-0.04359,0.39883,0.00000,0.00000,0.00000,
1630698568948945408,0.74812,-0.01060,0.22638,0.99771,0.05392,0.03416,-0.02234,0.10284,0.02832,-0.01410,0.72052,-0.04168,0.39854,0.00000,0.00000,0.00000,
1630698569015616512,0.75637,-0.00620,0.22487,0.99786,0.05095,0.03623,-0.01903,0.12782,0.10972,-0.03592,0.72974,-0.03561,0.39454,0.00000,0.00000,0.00000,
1630698569082286592,0.76570,0.00178,0.22006,0.99808,0.04142,0.04274,-0.01732,0.14456,0.15919,-0.04624,0.74061,-0.02607,0.39016,0.00000,0.00000,0.00000,
1630698569148957696,0.77769,0.01238,0.21639,0.99806,0.03628,0.04787,-0.01655,0.19577,0.18760,-0.06586,0.75521,-0.01588,0.38574,0.00000,0.00000,0.00000,
1630698569215628032,0.79330,0.02140,0.21363,0.99735,0.04422,0.05407,-0.02043,0.22855,0.09886,0.08106,0.77355,-0.00475,0.39113,0.00000,0.00000,0.00000,
1630698569282299392,0.80767,0.03260,0.22141,0.99802,0.03811,0.04608,-0.01935,0.21946,0.16832,0.06839,0.78697,0.00147,0.39394,0.00000,0.00000,0.00000,
1630698569348969472,0.82149,0.04042,0.22291,0.99868,0.02977,0.03627,-0.02109,0.19498,0.08244,0.03190,0.79909,0.00208,0.39306,0.00000,0.00000,0.00000,
1630698569415640576,0.83362,0.04283,0.22062,0.99803,0.04441,0.03794,-0.02283,0.16964,0.00505,-0.07632,0.80697,-0.00119,0.38958,0.00000,0.00000,0.00000,
1630698569482311680,0.84444,0.03953,0.21460,0.99645,0.06733,0.04463,-0.02379,0.16449,-0.06629,-0.08137,0.81992,-0.00975,0.38633,0.00000,0.00000,0.00000,
1630698569548982016,0.85433,0.03453,0.21014,0.99652,0.06556,0.04548,-0.02430,0.18866,-0.03558,-0.01575,0.82843,-0.01277,0.38929,0.00000,0.00000,0.00000,
1630698569615653120,0.86523,0.02962,0.21347,0.99697,0.06013,0.04527,-0.01976,0.15833,-0.07454,0.05110,0.84097,-0.01928,0.39188,0.00000,0.00000,0.00000,
1630698569682323200,0.87687,0.02593,0.21577,0.99701,0.06525,0.03653,-0.01967,0.16841,-0.02379,0.03416,0.84620,-0.02035,0.39239,0.00000,0.00000,0.00000,
1630698569748994304,0.88814,0.02568,0.21436,0.99717,0.06278,0.03683,-0.01896,0.16981,0.04257,-0.04389,0.86048,-0.01738,0.38906,0.00000,0.00000,0.00000,
1630698569815664640,0.89912,0.03141,0.20975,0.99783,0.04853,0.04107,-0.01727,0.17516,0.12624,-0.05267,0.87286,-0.00983,0.38549,0.00000,0.00000,0.00000,
1630698569882335744,0.91206,0.04062,0.20518,0.99786,0.04631,0.04303,-0.01655,0.21511,0.14816,-0.06694,0.88723,-0.00397,0.38466,0.00000,0.00000,0.00000,
1630698569949005568,0.92574,0.04461,0.21003,0.99740,0.04702,0.04865,-0.02477,0.19345,0.08712,0.12731,0.90285,0.00380,0.38955,0.00000,0.00000,0.00000,
1630698570015676672,0.93813,0.05189,0.21525,0.99799,0.04322,0.04054,-0.02247,0.17859,0.07365,0.01632,0.91164,0.00591,0.38944,0.00000,0.00000,0.00000,
1630698570082347008,0.94915,0.05480,0.21449,0.99811,0.04093,0.03762,-0.02635,0.16447,-0.01318,0.01950,0.92177,0.00399,0.38853,0.00000,0.00000,0.00000,
1630698570149018112,0.95889,0.05344,0.21070,0.99761,0.04938,0.03956,-0.02782,0.14224,-0.05730,-0.05933,0.93068,-0.00197,0.38543,0.00000,0.00000,0.00000,
1630698570215687936,0.96841,0.04713,0.20555,0.99708,0.05656,0.04203,-0.02956,0.15253,-0.12949,-0.06862,0.94040,-0.01053,0.38347,0.00000,0.00000,0.00000,
1630698570282359040,0.98091,0.04188,0.20398,0.99668,0.06077,0.04819,-0.02496,0.15662,-0.04248,0.08233,0.95389,-0.01898,0.39166,0.00000,0.00000,0.00000,
1630698570349029376,0.99150,0.03527,0.21162,0.99692,0.06278,0.04090,-0.02335,0.15541,-0.08216,0.06203,0.96106,-0.02306,0.39257,0.00000,0.00000,0.00000,
1630698570415700224,1.00177,0.03178,0.21217,0.99683,0.06829,0.03238,-0.02473,0.17546,-0.01712,-0.00883,0.96893,-0.02440,0.39204,0.00000,0.00000,0.00000,
1630698570482370304,1.01237,0.03159,0.20971,0.99738,0.05881,0.03531,-0.02307,0.16572,0.07462,-0.05714,0.98211,-0.01981,0.38785,0.00000,0.00000,0.00000,
1630698570549041408,1.02203,0.03626,0.20565,0.99795,0.04577,0.03906,-0.02186,0.16927,0.12506,-0.06098,0.99089,-0.01478,0.38560,0.00000,0.00000,0.00000,
1630698570615711488,1.03462,0.04323,0.20292,0.99781,0.04848,0.03962,-0.02121,0.20531,0.11570,0.03732,1.00588,-0.00996,0.39090,0.00000,0.00000,0.00000,
1630698570682382592,1.04694,0.04599,0.21043,0.99765,0.04853,0.04026,-0.02675,0.17805,0.09667,0.09528,1.01706,-0.00497,0.39204,0.00000,0.00000,0.00000,
1630698570749053696,1.05824,0.05145,0.21043,0.99808,0.04548,0.03416,-0.02442,0.16953,0.04487,-0.02502,1.02488,-0.00539,0.39103,0.00000,0.00000,0.00000,
1630698570815723776,1.06846,0.05054,0.20737,0.99788,0.04685,0.03515,-0.02834,0.15447,-0.04048,-0.06127,1.03652,-0.01266,0.38665,0.00000,0.00000,0.00000,
1630698570882395136,1.07757,0.04508,0.20142,0.99717,0.05636,0.03870,-0.03133,0.14996,-0.10094,-0.10602,1.04404,-0.01967,0.38242,0.00000,0.00000,0.00000,
1630698570949065216,1.08871,0.03690,0.19385,0.99662,0.06020,0.04420,-0.03418,0.19052,-0.13773,-0.13011,1.05908,-0.02922,0.38153,0.00000,0.00000,0.00000,
1630698571015736320,1.10176,0.03140,0.19685,0.99654,0.05829,0.05156,-0.02932,0.17954,-0.06453,0.10634,1.06683,-0.03342,0.38473,0.00000,0.00000,0.00000,
1630698571082406656,1.11385,0.02705,0.19948,0.99680,0.06246,0.04042,-0.02933,0.18382,-0.05772,0.02121,1.08161,-0.03846,0.38600,0.00000,0.00000,0.00000,
1630698571149078016,1.12774,0.02687,0.20133,0.99676,0.06552,0.03629,-0.02940,0.21785,0.00731,-0.01470,1.09540,-0.03667,0.38235,0.00000,0.00000,0.00000,
1630698571215748352,1.14274,0.03211,0.19601,0.99738,0.05163,0.04194,-0.02861,0.21955,0.10760,-0.07032,1.10663,-0.03119,0.37841,0.00000,0.00000,0.00000,
1630698571282419456,1.15762,0.04128,0.18980,0.99773,0.04079,0.04602,-0.02751,0.25404,0.15972,-0.06320,1.11953,-0.02484,0.37405,0.00000,0.00000,0.00000,
1630698571349089536,1.17600,0.04859,0.18553,0.99695,0.04727,0.05261,-0.03285,0.27656,0.05704,0.05769,1.14549,-0.01480,0.38125,0.00000,0.00000,0.00000,
1630698571415760896,1.19172,0.05967,0.19545,0.99748,0.04156,0.04554,-0.03503,0.25015,0.16587,0.12791,1.16087,-0.00745,0.38559,0.00000,0.00000,0.00000,
1630698571482431232,1.20732,0.06731,0.20073,0.99832,0.03218,0.03507,-0.03312,0.22603,0.08076,0.03183,1.17133,-0.00617,0.38583,0.00000,0.00000,0.00000,
1630698571549102592,1.22184,0.06880,0.19858,0.99794,0.04182,0.03481,-0.03386,0.19855,-0.01675,-0.04982,1.18335,-0.01108,0.38166,0.00000,0.00000,0.00000,
1630698571615772672,1.23398,0.06596,0.19400,0.99647,0.06337,0.04319,-0.03402,0.19261,-0.07609,-0.08967,1.19836,-0.02244,0.37711,0.00000,0.00000,0.00000,
1630698571682444032,1.24708,0.05791,0.19245,0.99634,0.06390,0.04477,-0.03496,0.20594,-0.11142,0.05244,1.20766,-0.02632,0.38042,0.00000,0.00000,0.00000,
1630698571749114368,1.26007,0.04924,0.19601,0.99659,0.06242,0.04803,-0.02456,0.18276,-0.09920,0.10141,1.21750,-0.03404,0.38813,0.00000,0.00000,0.00000,
1630698571815785472,1.26959,0.04273,0.20289,0.99681,0.06815,0.03178,-0.02669,0.18396,-0.07291,0.02150,1.22831,-0.04001,0.39026,0.00000,0.00000,0.00000,
1630698571882455808,1.28088,0.03696,0.20370,0.99696,0.06744,0.02859,-0.02648,0.17785,-0.00153,-0.01903,1.24219,-0.03893,0.38773,0.00000,0.00000,0.00000,
1630698571949126912,1.29219,0.03933,0.20054,0.99802,0.04739,0.03242,-0.02564,0.17099,0.07354,-0.04311,1.25357,-0.03434,0.38417,0.00000,0.00000,0.00000,
1630698572015797248,1.30395,0.04548,0.19743,0.99820,0.04251,0.03388,-0.02530,0.19137,0.11791,-0.02633,1.26599,-0.03121,0.38603,0.00000,0.00000,0.00000,
1630698572082468608,1.31664,0.04645,0.19956,0.99758,0.04885,0.03809,-0.03167,0.18210,0.01131,0.14163,1.27718,-0.02572,0.39191,0.00000,0.00000,0.00000,
1630698572149139712,1.32807,0.05319,0.20474,0.99809,0.04491,0.03083,-0.02913,0.18330,0.09484,0.01631,1.28542,-0.02302,0.39188,0.00000,0.00000,0.00000,
1630698572215809792,1.33909,0.05587,0.20477,0.99831,0.04248,0.02752,-0.02872,0.16621,-0.00194,0.00326,1.29543,-0.02464,0.39112,0.00000,0.00000,0.00000,
1630698572282481152,1.34891,0.05384,0.20158,0.99803,0.04577,0.03124,-0.02937,0.15133,-0.06100,-0.04641,1.30437,-0.03112,0.38846,0.00000,0.00000,0.00000,
1630698572349151488,1.35836,0.04686,0.19709,0.99745,0.05325,0.03684,-0.02984,0.14948,-0.13284,-0.07733,1.31101,-0.03887,0.38515,0.00000,0.00000,0.00000,
1630698572415822848,1.36829,0.03744,0.19272,0.99690,0.06032,0.04153,-0.02888,0.17060,-0.13694,0.03299,1.32327,-0.04964,0.38777,0.00000,0.00000,0.00000,
1630698572482492928,1.37790,0.02926,0.20111,0.99695,0.06255,0.03940,-0.02507,0.14383,-0.12781,0.14237,1.33130,-0.05852,0.39344,0.00000,0.00000,0.00000,
1630698572549164032,1.38714,0.02079,0.20345,0.99688,0.06959,0.02617,-0.02640,0.14704,-0.06828,0.01248,1.33990,-0.06342,0.39396,0.00000,0.00000,0.00000,
1630698572615834368,1.39642,0.01865,0.20165,0.99730,0.06490,0.02544,-0.02310,0.12875,0.02019,-0.00606,1.34767,-0.06238,0.39217,0.00000,0.00000,0.00000,
1630698572682505728,1.40332,0.01981,0.19854,0.99842,0.04322,0.02888,-0.02113,0.11166,0.07027,-0.04688,1.35934,-0.05599,0.38914,0.00000,0.00000,0.00000,
1630698572749176064,1.41128,0.02515,0.19748,0.99852,0.04220,0.02865,-0.01912,0.13119,0.08725,0.00595,1.36625,-0.05495,0.39182,0.00000,0.00000,0.00000,
1630698572815847168,1.42101,0.02684,0.19977,0.99808,0.04913,0.03109,-0.02123,0.13930,0.06732,0.05224,1.37488,-0.05235,0.39144,0.00000,0.00000,0.00000,
1630698572882517248,1.42955,0.02972,0.19822,0.99826,0.04782,0.02827,-0.01960,0.13085,0.02438,-0.03696,1.38511,-0.05499,0.38990,0.00000,0.00000,0.00000,
1630698572949188352,1.43807,0.02821,0.19664,0.99813,0.04886,0.02920,-0.02227,0.12885,-0.04778,-0.02164,1.39078,-0.05936,0.38792,0.00000,0.00000,0.00000,
1630698573015858688,1.44626,0.02371,0.19249,0.99770,0.05465,0.03266,-0.02313,0.12204,-0.09713,-0.07153,1.39869,-0.06836,0.38439,0.00000,0.00000,0.00000,
1630698573082529792,1.45535,0.01508,0.18692,0.99709,0.06202,0.03721,-0.02397,0.15410,-0.15219,-0.10383,1.40898,-0.07804,0.38315,0.00000,0.00000,0.00000,
1630698573149199872,1.46760,0.00773,0.18437,0.99683,0.06317,0.04334,-0.02130,0.17188,-0.05289,0.07575,1.41840,-0.08340,0.38953,0.00000,0.00000,0.00000,
1630698573215870976,1.47714,0.00045,0.18844,0.99739,0.05991,0.03550,-0.01925,0.15186,-0.09484,0.03792,1.42768,-0.08893,0.39093,0.00000,0.00000,0.00000,
1630698573282541312,1.48708,-0.00458,0.18942,0.99727,0.06551,0.02770,-0.01977,0.16398,-0.03926,0.00129,1.43522,-0.08992,0.39085,0.00000,0.00000,0.00000,
1630698573349212416,1.49749,-0.00395,0.18664,0.99767,0.05865,0.02948,-0.01872,0.15552,0.05631,-0.06877,1.44283,-0.08726,0.38833,0.00000,0.00000,0.00000,
1630698573415882240,1.50751,0.00248,0.18231,0.99824,0.04551,0.03378,-0.01721,0.16540,0.12492,-0.06998,1.45680,-0.07817,0.38341,0.00000,0.00000,0.00000,
1630698573482553600,1.51926,0.01109,0.18037,0.99824,0.04390,0.03647,-0.01639,0.18495,0.08998,0.06090,1.46886,-0.07362,0.38548,0.00000,0.00000,0.00000,
1630698573549224704,1.53200,0.01426,0.18482,0.99811,0.04342,0.03741,-0.02221,0.16339,0.11861,0.07697,1.48195,-0.06551,0.38903,0.00000,0.00000,0.00000,
1630698573615894784,1.54210,0.02099,0.18591,0.99861,0.03932,0.02813,-0.02119,0.15240,0.06487,-0.01963,1.48677,-0.06422,0.38874,0.00000,0.00000,0.00000,
1630698573682565888,1.55105,0.02264,0.18445,0.99862,0.03700,0.02633,-0.02636,0.12286,0.00692,-0.04522,1.49669,-0.06549,0.38680,0.00000,0.00000,0.00000,
1630698573749236224,1.55840,0.01992,0.18173,0.99793,0.04989,0.02798,-0.02943,0.09610,-0.05035,-0.04781,1.50287,-0.07037,0.38462,0.00000,0.00000,0.00000,
1630698573815907328,1.56560,0.01499,0.17928,0.99758,0.05403,0.02906,-0.03271,0.10705,-0.07985,-0.04370,1.50955,-0.07437,0.38588,0.00000,0.00000,0.00000,
1630698573882577408,1.57254,0.01203,0.18435,0.99768,0.05380,0.03185,-0.02685,0.10089,-0.00826,0.08026,1.51835,-0.07705,0.38976,0.00000,0.00000,0.00000,
1630698573949248512,1.57786,0.01151,0.18524,0.99783,0.05477,0.02404,-0.02767,0.10022,-0.02760,-0.04174,1.52177,-0.07678,0.38932,0.00000,0.00000,0.00000,
1630698574015918848,1.58526,0.01247,0.18460,0.99782,0.05677,0.02322,-0.02445,0.11260,0.06340,-0.00716,1.52900,-0.07311,0.38748,0.00000,0.00000,0.00000,
1630698574082589952,1.59216,0.01825,0.18165,0.99822,0.04673,0.03016,-0.02141,0.10241,0.10264,-0.05132,1.53623,-0.06613,0.38356,0.00000,0.00000,0.00000,
1630698574149260032,1.59924,0.02696,0.17896,0.99840,0.04022,0.03432,-0.02023,0.12493,0.14685,-0.02769,1.54850,-0.05578,0.38046,0.00000,0.00000,0.00000,
1630698574215931136,1.61032,0.03560,0.17600,0.99788,0.04682,0.03954,-0.02190,0.17259,0.08787,0.00838,1.55904,-0.04861,0.38504,0.00000,0.00000,0.00000,
1630698574282601472,1.61947,0.04309,0.18153,0.99815,0.04410,0.03498,-0.02287,0.15334,0.15159,0.07668,1.56659,-0.04222,0.38690,0.00000,0.00000,0.00000,
1630698574349272576,1.62879,0.04968,0.18594,0.99879,0.03494,0.02617,-0.02255,0.14454,0.07436,0.04073,1.57780,-0.03759,0.38876,0.00000,0.00000,0.00000,
1630698574415942656,1.63777,0.05221,0.18693,0.99880,0.03416,0.02405,-0.02549,0.11748,0.02722,-0.00842,1.58331,-0.03797,0.38785,0.00000,0.00000,0.00000,
1630698574482613760,1.64444,0.05062,0.18502,0.99801,0.05036,0.02765,-0.02590,0.09052,-0.02605,-0.03961,1.58908,-0.04094,0.38531,0.00000,0.00000,0.00000,
1630698574549284096,1.65105,0.04831,0.18072,0.99773,0.05415,0.02848,-0.02813,0.08912,-0.02636,0.06199,1.59616,-0.04157,0.39116,0.00000,0.00000,0.00000,
1630698574615955200,1.65565,0.04909,0.18783,0.99801,0.05256,0.02658,-0.02236,0.08790,-0.02320,0.04143,1.60189,-0.04361,0.39125,0.00000,0.00000,0.00000,
1630698574682625280,1.66172,0.04636,0.18894,0.99792,0.05497,0.02236,-0.02520,0.09397,-0.01168,-0.00454,1.60945,-0.04126,0.39045,0.00000,0.00000,0.00000,
1630698574749296384,1.66968,0.05156,0.18808,0.99807,0.05221,0.02494,-0.02245,0.11156,0.08321,-0.01496,1.61373,-0.03846,0.38841,0.00000,0.00000,0.00000,
1630698574815967488,1.67800,0.05881,0.18416,0.99837,0.04201,0.03246,-0.02082,0.12189,0.12599,-0.02695,1.62540,-0.02781,0.38327,0.00000,0.00000,0.00000,
1630698574882637824,1.68779,0.06832,0.18176,0.99837,0.03830,0.03684,-0.02079,0.16837,0.16594,-0.03403,1.63854,-0.01739,0.37828,0.00000,0.00000,0.00000,
1630698574949309184,1.70210,0.07684,0.17861,0.99772,0.04593,0.04446,-0.02170,0.20891,0.11008,0.06066,1.65859,-0.00365,0.38577,0.00000,0.00000,0.00000,
1630698575015979264,1.71428,0.08520,0.18718,0.99822,0.03981,0.03767,-0.02361,0.18634,0.16349,0.11451,1.67074,0.00415,0.38812,0.00000,0.00000,0.00000,
1630698575082650624,1.72789,0.09175,0.19201,0.99892,0.03077,0.02749,-0.02157,0.17864,0.08945,0.05055,1.68172,0.00584,0.38770,0.00000,0.00000,0.00000,
1630698575149320960,1.73871,0.09661,0.19170,0.99858,0.03872,0.02844,-0.02287,0.15179,0.02279,-0.01763,1.68863,0.00446,0.38479,0.00000,0.00000,0.00000,
1630698575215992320,1.74866,0.09417,0.18693,0.99732,0.06122,0.03438,-0.02058,0.13383,-0.03661,-0.04861,1.69741,-0.00099,0.38263,0.00000,0.00000,0.00000,
1630698575282662400,1.75820,0.08905,0.18423,0.99724,0.06175,0.03408,-0.02312,0.15001,-0.09195,-0.01793,1.70786,-0.00389,0.38420,0.00000,0.00000,0.00000,
1630698575349333760,1.76750,0.08943,0.18596,0.99773,0.05274,0.03832,-0.01701,0.14456,-0.04488,0.09449,1.71464,-0.00756,0.38729,0.00000,0.00000,0.00000,
1630698575416003840,1.77751,0.08546,0.18954,0.99773,0.05758,0.02944,-0.01889,0.15566,-0.06595,0.01885,1.72489,-0.01231,0.38869,0.00000,0.00000,0.00000,
1630698575482675200,1.78995,0.08240,0.19035,0.99768,0.05944,0.02587,-0.02077,0.19107,0.00711,-0.01120,1.74100,-0.00985,0.38450,0.00000,0.00000,0.00000,
1630698575549345536,1.80213,0.08659,0.18522,0.99811,0.04699,0.03436,-0.01953,0.18928,0.11985,-0.05238,1.74759,-0.00576,0.38213,0.00000,0.00000,0.00000,
1630698575616016896,1.81530,0.09612,0.18126,0.99833,0.03990,0.03724,-0.01873,0.21947,0.16217,-0.04344,1.77223,0.00951,0.37434,0.00000,0.00000,0.00000,
1630698575682686976,1.83291,0.10701,0.17517,0.99761,0.05057,0.04273,-0.01965,0.27699,0.13301,-0.00144,1.79297,0.02000,0.38256,0.00000,0.00000,0.00000,
1630698575749358336,1.84891,0.11500,0.18294,0.99793,0.04429,0.03916,-0.02548,0.24126,0.15481,0.14733,1.80454,0.02688,0.38549,0.00000,0.00000,0.00000,
1630698575816028672,1.86512,0.12529,0.18947,0.99880,0.03402,0.02758,-0.02200,0.23107,0.09251,0.01456,1.81201,0.02924,0.38534,0.00000,0.00000,0.00000,
1630698575882700032,1.87979,0.12703,0.18839,0.99857,0.03951,0.02687,-0.02417,0.20373,-0.03213,-0.02772,1.83158,0.02301,0.38100,0.00000,0.00000,0.00000,
1630698575949370112,1.89554,0.11871,0.18107,0.99715,0.06218,0.03558,-0.02382,0.20146,-0.10088,-0.10180,1.84444,0.01289,0.37564,0.00000,0.00000,0.00000,
1630698576016041216,1.90743,0.11344,0.17441,0.99651,0.06859,0.04037,-0.02525,0.22351,-0.16247,-0.11111,1.85810,0.00527,0.37713,0.00000,0.00000,0.00000,
1630698576082712320,1.92336,0.10677,0.17421,0.99673,0.06432,0.04598,-0.01664,0.19124,-0.09801,0.15976,1.87105,-0.00624,0.38709,0.00000,0.00000,0.00000,
1630698576149382656,1.93546,0.09728,0.18372,0.99706,0.06803,0.03017,-0.01819,0.17208,-0.14323,0.10146,1.88370,-0.01426,0.38869,0.00000,0.00000,0.00000,
1630698576216053760,1.94758,0.08961,0.18730,0.99677,0.07537,0.02146,-0.01770,0.16672,-0.08550,0.02923,1.89209,-0.01419,0.38690,0.00000,0.00000,0.00000,
1630698576282723840,1.95841,0.08650,0.18722,0.99777,0.06014,0.02340,-0.01683,0.13377,-0.00335,-0.00201,1.89806,-0.01278,0.38506,0.00000,0.00000,0.00000,
1630698576349394944,1.96667,0.08792,0.18377,0.99866,0.03972,0.02886,-0.01630,0.12438,0.02401,0.00278,1.90374,-0.01131,0.38639,0.00000,0.00000,0.00000,
1630698576416065280,1.97433,0.09002,0.18541,0.99850,0.04483,0.02556,-0.01802,0.13543,-0.02921,0.06829,1.90930,-0.01288,0.39029,0.00000,0.00000,0.00000,
1630698576482736384,1.98112,0.09141,0.18953,0.99807,0.05176,0.02655,-0.02179,0.11557,0.04888,0.05716,1.91882,-0.01052,0.39021,0.00000,0.00000,0.00000,
1630698576549406464,1.98935,0.09307,0.18812,0.99817,0.05088,0.02570,-0.01994,0.11913,-0.02244,0.01634,1.92236,-0.01213,0.39024,0.00000,0.00000,0.00000,
1630698576616077568,1.99700,0.08997,0.18569,0.99785,0.05412,0.02978,-0.02172,0.11497,-0.05320,-0.03178,1.93155,-0.01847,0.38729,0.00000,0.00000,0.00000,
1630698576682747904,2.00454,0.08447,0.18049,0.99726,0.06157,0.03552,-0.02047,0.12060,-0.12001,-0.06041,1.93932,-0.02845,0.38329,0.00000,0.00000,0.00000,
1630698576749419264,2.01359,0.07497,0.17415,0.99668,0.06681,0.04193,-0.02035,0.15330,-0.15551,-0.10430,1.94898,-0.03855,0.38151,0.00000,0.00000,0.00000,
1630698576816089344,2.02458,0.06607,0.17457,0.99696,0.06253,0.04403,-0.01516,0.16581,-0.14806,0.12860,1.95805,-0.04805,0.39204,0.00000,0.00000,0.00000,
1630698576882760448,2.03499,0.05452,0.18563,0.99744,0.06316,0.02809,-0.01845,0.14659,-0.14063,0.12064,1.96604,-0.05705,0.39732,0.00000,0.00000,0.00000,
1630698576949430784,2.04492,0.04690,0.18657,0.99715,0.07029,0.01917,-0.01959,0.14741,-0.05896,-0.02420,1.97526,-0.06011,0.39595,0.00000,0.00000,0.00000,
1630698577016101888,2.05408,0.04617,0.18384,0.99832,0.05091,0.02137,-0.01766,0.13002,0.04803,-0.05141,1.98372,-0.05695,0.39238,0.00000,0.00000,0.00000,
1630698577082771968,2.06217,0.04932,0.17834,0.99887,0.03499,0.02765,-0.01618,0.11849,0.09037,-0.01908,1.99197,-0.05152,0.39095,0.00000,0.00000,0.00000,
1630698577149443072,2.07173,0.05720,0.17774,0.99864,0.04367,0.02487,-0.01404,0.17476,0.11786,-0.02801,2.00311,-0.04677,0.39067,0.00000,0.00000,0.00000,
1630698577216113408,2.08085,0.06362,0.17807,0.99829,0.04837,0.02863,-0.01636,0.14778,0.10150,0.02764,2.01300,-0.04142,0.39086,0.00000,0.00000,0.00000,
1630698577282784768,2.09027,0.06694,0.17873,0.99863,0.04340,0.02383,-0.01718,0.14088,0.01246,0.01753,2.01994,-0.04145,0.39141,0.00000,0.00000,0.00000,
1630698577349454848,2.10000,0.06558,0.17754,0.99851,0.04467,0.02492,-0.01914,0.14448,-0.04924,-0.05707,2.03184,-0.04738,0.38803,0.00000,0.00000,0.00000,
1630698577416125952,2.10978,0.05930,0.17189,0.99788,0.05295,0.03252,-0.01923,0.13800,-0.14425,-0.08721,2.04093,-0.05929,0.38334,0.00000,0.00000,0.00000,
1630698577482797056,2.12091,0.04714,0.16381,0.99697,0.06385,0.04021,-0.01882,0.17963,-0.20257,-0.15176,2.05305,-0.07437,0.37631,0.00000,0.00000,0.00000,
1630698577549467392,2.13504,0.03318,0.15523,0.99633,0.06748,0.04999,-0.01674,0.21827,-0.12939,0.00533,2.06867,-0.08855,0.38431,0.00000,0.00000,0.00000,
1630698577616138496,2.14802,0.02108,0.16136,0.99694,0.06502,0.04088,-0.01430,0.19052,-0.17914,0.11991,2.07740,-0.09725,0.38933,0.00000,0.00000,0.00000,
1630698577682808576,2.16144,0.01038,0.16599,0.99704,0.07001,0.02696,-0.01664,0.19905,-0.11872,0.02088,2.08979,-0.10486,0.39081,0.00000,0.00000,0.00000,
1630698577749479936,2.17487,0.00482,0.16529,0.99740,0.06636,0.02356,-0.01515,0.17627,-0.01089,0.00212,2.10420,-0.10518,0.38801,0.00000,0.00000,0.00000,
1630698577816150272,2.18665,0.00595,0.16144,0.99858,0.04355,0.02694,-0.01494,0.16802,0.06503,-0.05008,2.11628,-0.10056,0.38452,0.00000,0.00000,0.00000,
1630698577882821376,2.19849,0.01183,0.15832,0.99885,0.03593,0.02895,-0.01331,0.18966,0.11353,-0.02876,2.13156,-0.09828,0.38768,0.00000,0.00000,0.00000,
1630698577949491456,2.21094,0.01279,0.16031,0.99838,0.04192,0.03224,-0.02107,0.17872,-0.01925,0.09241,2.14049,-0.09464,0.38912,0.00000,0.00000,0.00000,
1630698578016162560,2.22226,0.01752,0.16255,0.99841,0.04469,0.02869,-0.01908,0.16644,0.06552,-0.01872,2.14607,-0.09370,0.38854,0.00000,0.00000,0.00000,
1630698578082832896,2.23302,0.01782,0.16193,0.99848,0.04324,0.02603,-0.02195,0.15413,-0.03600,-0.00015,2.15842,-0.09771,0.38754,0.00000,0.00000,0.00000,
1630698578149504000,2.24303,0.01431,0.15860,0.99816,0.04805,0.02832,-0.02391,0.14081,-0.07402,-0.07497,2.16767,-0.10568,0.38365,0.00000,0.00000,0.00000,
1630698578216174080,2.25289,0.00537,0.15268,0.99742,0.05795,0.03357,-0.02591,0.15552,-0.16196,-0.08695,2.18117,-0.12194,0.37703,0.00000,0.00000,0.00000,
1630698578282845184,2.26515,-0.00661,0.14541,0.99693,0.06109,0.04082,-0.02713,0.18614,-0.15591,0.01188,2.19061,-0.12830,0.37926,0.00000,0.00000,0.00000,
1630698578349515264,2.27835,-0.01532,0.14671,0.99690,0.06279,0.04336,-0.01903,0.17363,-0.13775,0.04400,2.20085,-0.13766,0.38479,0.00000,0.00000,0.00000,
1630698578416186368,2.28987,-0.02382,0.14948,0.99703,0.06884,0.02838,-0.01978,0.17935,-0.10317,-0.00992,2.21214,-0.14480,0.38614,0.00000,0.00000,0.00000,
1630698578482856448,2.30285,-0.03014,0.14861,0.99716,0.06853,0.02523,-0.01840,0.17576,-0.03151,-0.02425,2.22639,-0.14518,0.38285,0.00000,0.00000,0.00000,
1630698578549527552,2.31429,-0.02966,0.14402,0.99835,0.04443,0.03130,-0.01838,0.16158,0.06450,-0.06887,2.23513,-0.14147,0.37885,0.00000,0.00000,0.00000,
1630698578616197888,2.32539,-0.02293,0.14034,0.99864,0.03355,0.03563,-0.01770,0.17727,0.12348,-0.04263,2.24802,-0.13532,0.37713,0.00000,0.00000,0.00000,
1630698578682868992,2.33894,-0.01921,0.14106,0.99814,0.04067,0.03935,-0.02257,0.17745,-0.00803,0.07674,2.26460,-0.12831,0.38446,0.00000,0.00000,0.00000,
1630698578749540096,2.34912,-0.01294,0.14674,0.99820,0.04193,0.03447,-0.02547,0.15300,0.14469,0.04894,2.27217,-0.12565,0.38445,0.00000,0.00000,0.00000,
1630698578816210176,2.35911,-0.00804,0.14635,0.99849,0.03838,0.02909,-0.02638,0.14320,0.02813,-0.01872,2.27901,-0.12608,0.38428,0.00000,0.00000,0.00000,
1630698578882881280,2.36817,-0.00854,0.14524,0.99835,0.03937,0.02799,-0.03089,0.11445,-0.02489,-0.03366,2.28616,-0.12979,0.38269,0.00000,0.00000,0.00000,
1630698578949551616,2.37539,-0.01274,0.14258,0.99796,0.04630,0.02912,-0.03304,0.10707,-0.08196,-0.05904,2.29524,-0.13908,0.37927,0.00000,0.00000,0.00000,
1630698579016222720,2.38280,-0.01980,0.13895,0.99752,0.05166,0.03282,-0.03479,0.12369,-0.09836,-0.07156,2.30341,-0.14386,0.38130,0.00000,0.00000,0.00000,
1630698579082892800,2.39055,-0.02326,0.14171,0.99742,0.05390,0.03917,-0.02664,0.10790,-0.04139,0.10644,2.30932,-0.15027,0.38558,0.00000,0.00000,0.00000,
1630698579149563904,2.39811,-0.02996,0.14526,0.99756,0.05743,0.02841,-0.02782,0.10226,-0.07168,0.00925,2.31667,-0.15348,0.38580,0.00000,0.00000,0.00000,
1630698579216233984,2.40618,-0.03263,0.14409,0.99757,0.05953,0.02496,-0.02619,0.12261,0.00579,0.00363,2.32271,-0.15261,0.38528,0.00000,0.00000,0.00000,
1630698579282905088,2.41516,-0.03152,0.14185,0.99805,0.05014,0.02873,-0.02340,0.11556,0.06704,-0.04732,2.33291,-0.14641,0.38124,0.00000,0.00000,0.00000,
1630698579349575168,2.42319,-0.02454,0.13898,0.99830,0.04318,0.03225,-0.02226,0.12512,0.13075,-0.02433,2.34288,-0.13877,0.37769,0.00000,0.00000,0.00000,
1630698579416246528,2.43331,-0.01571,0.13629,0.99814,0.04471,0.03533,-0.02148,0.16209,0.11095,0.04854,2.35110,-0.13594,0.38064,0.00000,0.00000,0.00000,
1630698579482916608,2.44396,-0.01237,0.14086,0.99800,0.04303,0.03680,-0.02827,0.13932,0.12130,0.11263,2.36299,-0.12765,0.38459,0.00000,0.00000,0.00000,
1630698579549587712,2.45325,-0.00383,0.14482,0.99845,0.04074,0.02891,-0.02459,0.13262,0.08273,0.00138,2.36972,-0.12647,0.38420,0.00000,0.00000,0.00000,
1630698579616257792,2.46177,-0.00254,0.14606,0.99850,0.03777,0.02661,-0.02928,0.11397,0.00319,0.03879,2.37899,-0.12849,0.38339,0.00000,0.00000,0.00000,
1630698579682928896,2.46870,-0.00442,0.14355,0.99823,0.04207,0.02859,-0.03081,0.08869,-0.05032,-0.03386,2.38187,-0.13144,0.38236,0.00000,0.00000,0.00000,
1630698579749598976,2.47462,-0.01115,0.14022,0.99783,0.04743,0.03064,-0.03372,0.09380,-0.10587,-0.04653,2.38974,-0.14131,0.37910,0.00000,0.00000,0.00000,
1630698579816270080,2.48188,-0.01739,0.13472,0.99732,0.05471,0.03725,-0.03122,0.10425,-0.03335,0.02762,2.39629,-0.14429,0.38334,0.00000,0.00000,0.00000,
1630698579882940416,2.48812,-0.02060,0.13988,0.99756,0.05589,0.03463,-0.02341,0.08362,-0.07428,0.07351,2.40314,-0.15113,0.38648,0.00000,0.00000,0.00000,
1630698579949611776,2.49469,-0.02478,0.14291,0.99744,0.06124,0.02588,-0.02635,0.11570,-0.03265,0.01553,2.40931,-0.15244,0.38647,0.00000,0.00000,0.00000,
1630698580016282112,2.50247,-0.02687,0.13942,0.99764,0.05766,0.02824,-0.02420,0.12080,0.04281,-0.03312,2.41757,-0.14951,0.38385,0.00000,0.00000,0.00000,
1630698580082953472,2.51072,-0.02305,0.13638,0.99811,0.04724,0.03192,-0.02302,0.12955,0.11665,-0.04037,2.42737,-0.14247,0.38051,0.00000,0.00000,0.00000,
1630698580149624832,2.52070,-0.01336,0.13456,0.99821,0.04285,0.03505,-0.02248,0.17571,0.15532,-0.05671,2.44313,-0.13337,0.37810,0.00000,0.00000,0.00000,
1630698580216295168,2.53287,-0.00685,0.13384,0.99775,0.04516,0.04222,-0.02593,0.16911,0.04558,0.08653,2.45148,-0.12874,0.38268,0.00000,0.00000,0.00000,
1630698580282966528,2.54389,0.00078,0.14046,0.99831,0.04033,0.03406,-0.02427,0.16393,0.12624,0.05866,2.46539,-0.12199,0.38419,0.00000,0.00000,0.00000,
1630698580349637120,2.55509,0.00599,0.14280,0.99862,0.03631,0.02980,-0.02364,0.16438,0.03003,0.02097,2.47331,-0.12201,0.38351,0.00000,0.00000,0.00000,
1630698580416308480,2.56597,0.00610,0.14029,0.99821,0.04375,0.03372,-0.02307,0.15942,-0.01341,-0.05691,2.48429,-0.12561,0.38040,0.00000,0.00000,0.00000,
1630698580482979072,2.57621,0.00177,0.13537,0.99748,0.05449,0.03991,-0.02180,0.15848,-0.11299,-0.06235,2.49134,-0.13242,0.37707,0.00000,0.00000,0.00000,
1630698580549650432,2.58809,-0.00723,0.12902,0.99719,0.05662,0.04304,-0.02368,0.20265,-0.12272,-0.08273,2.50481,-0.14158,0.37513,0.00000,0.00000,0.00000,
1630698580616320768,2.60120,-0.01220,0.13285,0.99716,0.05701,0.04695,-0.01460,0.18296,-0.09963,0.12183,2.51942,-0.14958,0.38497,0.00000,0.00000,0.00000,
1630698580682992128,2.61355,-0.01964,0.14001,0.99734,0.06315,0.03148,-0.01802,0.19678,-0.08684,0.05690,2.53578,-0.15626,0.38709,0.00000,0.00000,0.00000,
1630698580749662720,2.62779,-0.02316,0.13890,0.99737,0.06363,0.02900,-0.01904,0.21849,0.01884,-0.05330,2.54305,-0.15578,0.38550,0.00000,0.00000,0.00000,
1630698580816334080,2.64208,-0.01841,0.13493,0.99822,0.04566,0.03430,-0.01737,0.21924,0.13498,-0.08015,2.56637,-0.14407,0.37676,0.00000,0.00000,0.00000,
1630698580883004160,2.65774,-0.00780,0.12977,0.99845,0.03650,0.03861,-0.01646,0.25787,0.19043,-0.07542,2.57592,-0.13866,0.37343,0.00000,0.00000,0.00000,
1630698580949675264,2.67670,0.00468,0.12267,0.99772,0.04625,0.04580,-0.01768,0.28355,0.14161,-0.02395,2.59984,-0.12725,0.37408,0.00000,0.00000,0.00000,
1630698581016345600,2.69325,0.01587,0.13109,0.99815,0.04001,0.04001,-0.02239,0.24710,0.19787,0.15174,2.61646,-0.11543,0.38203,0.00000,0.00000,0.00000,
1630698581083016960,2.70924,0.02776,0.13991,0.99911,0.02617,0.02663,-0.01976,0.23676,0.14636,0.04716,2.63221,-0.10911,0.38357,0.00000,0.00000,0.00000,
1630698581149687040,2.72421,0.03259,0.13965,0.99890,0.03376,0.02431,-0.02169,0.20596,0.02316,-0.02110,2.64571,-0.11091,0.38054,0.00000,0.00000,0.00000,
1630698581216358144,2.73658,0.03175,0.13520,0.99718,0.06384,0.03264,-0.02200,0.19027,-0.02327,-0.08166,2.65544,-0.11434,0.37686,0.00000,0.00000,0.00000,
1630698581283028480,2.74943,0.02666,0.13120,0.99706,0.06423,0.03479,-0.02320,0.20971,-0.11557,-0.03037,2.67316,-0.12479,0.37402,0.00000,0.00000,0.00000,
1630698581349699584,2.76438,0.02158,0.12802,0.99736,0.05534,0.04246,-0.02001,0.22045,-0.04085,0.04599,2.69094,-0.13197,0.37845,0.00000,0.00000,0.00000,
1630698581416370688,2.77793,0.01744,0.13117,0.99753,0.05725,0.03699,-0.01702,0.21106,-0.03622,0.02228,2.70116,-0.13636,0.37976,0.00000,0.00000,0.00000,
1630698581483040768,2.79246,0.01513,0.13269,0.99749,0.06186,0.02829,-0.01978,0.24068,0.03579,-0.01359,2.71748,-0.13683,0.37869,0.00000,0.00000,0.00000,
1630698581549711872,2.80888,0.01820,0.12819,0.99784,0.05293,0.03359,-0.01959,0.24764,0.15031,-0.09690,2.73079,-0.13184,0.37392,0.00000,0.00000,0.00000,
1630698581616382208,2.82646,0.02979,0.12232,0.99821,0.03893,0.04152,-0.01857,0.27426,0.25211,-0.11546,2.76187,-0.11289,0.36020,0.00000,0.00000,0.00000,
1630698581683053312,2.84856,0.04634,0.11023,0.99783,0.03838,0.04946,-0.02027,0.36736,0.26594,-0.16617,2.78031,-0.10409,0.35618,0.00000,0.00000,0.00000,
1630698581749723392,2.87319,0.05818,0.10923,0.99687,0.04006,0.06100,-0.03049,0.32680,0.19201,0.16498,2.80169,-0.09050,0.36611,0.00000,0.00000,0.00000,
1630698581816394496,2.89328,0.07469,0.12006,0.99855,0.02042,0.04144,-0.02779,0.29343,0.24833,0.11047,2.82061,-0.07748,0.37670,0.00000,0.00000,0.00000,
1630698581883065088,2.91097,0.08642,0.12835,0.99902,0.02220,0.02794,-0.02603,0.26852,0.16428,-0.00458,2.83837,-0.07141,0.37775,0.00000,0.00000,0.00000,
1630698581949736192,2.92736,0.09153,0.12893,0.99760,0.05751,0.03182,-0.02183,0.25253,0.06628,-0.05556,2.85881,-0.06998,0.37530,0.00000,0.00000,0.00000,
1630698582016406528,2.94252,0.09393,0.12721,0.99718,0.06331,0.03628,-0.01730,0.24663,0.00801,-0.02175,2.86716,-0.07151,0.37506,0.00000,0.00000,0.00000,
1630698582083077888,2.95981,0.08946,0.12405,0.99822,0.04384,0.03545,-0.01968,0.28606,-0.07500,-0.10093,2.88990,-0.07791,0.37284,0.00000,0.00000,0.00000,
1630698582149747968,2.97678,0.08659,0.12331,0.99817,0.03953,0.04453,-0.01033,0.23978,-0.08028,0.06583,2.90157,-0.08278,0.37694,0.00000,0.00000,0.00000,
1630698582216419584,2.99095,0.07657,0.12766,0.99793,0.05276,0.03391,-0.01425,0.22851,-0.09973,0.03605,2.92037,-0.09202,0.38235,0.00000,0.00000,0.00000,
1630698582283089664,3.00728,0.07328,0.12849,0.99803,0.05301,0.02894,-0.01684,0.24461,0.01406,-0.05969,2.93721,-0.09118,0.37922,0.00000,0.00000,0.00000,
1630698582349761024,3.02346,0.07752,0.12379,0.99857,0.03500,0.03723,-0.01568,0.23583,0.13716,-0.08514,2.94995,-0.08519,0.37472,0.00000,0.00000,0.00000,
1630698582416431104,3.03969,0.08880,0.11851,0.99866,0.02512,0.04250,-0.01533,0.26286,0.19492,-0.06666,2.96869,-0.07399,0.36855,0.00000,0.00000,0.00000,
1630698582483102464,3.06037,0.10381,0.10865,0.99790,0.03900,0.04921,-0.01584,0.32626,0.22990,-0.09438,2.99613,-0.05962,0.36129,0.00000,0.00000,0.00000,
1630698582549772800,3.07965,0.11525,0.11345,0.99771,0.03159,0.05458,-0.02462,0.26869,0.20078,0.16218,3.00939,-0.05047,0.37000,0.00000,0.00000,0.00000,
1630698582616444160,3.09500,0.12569,0.12876,0.99918,0.01469,0.03082,-0.02178,0.23705,0.12902,0.19980,3.03420,-0.03812,0.38167,0.00000,0.00000,0.00000,
1630698582683114496,3.11183,0.13237,0.13103,0.99927,0.02020,0.02575,-0.01958,0.23217,0.05100,-0.00817,3.04625,-0.03800,0.37985,0.00000,0.00000,0.00000,
1630698582749785600,3.12743,0.13320,0.12596,0.99785,0.05276,0.03561,-0.01550,0.21858,-0.03145,-0.07400,3.06166,-0.04303,0.37454,0.00000,0.00000,0.00000,
1630698582816456960,3.14412,0.12874,0.11789,0.99652,0.06895,0.04529,-0.01231,0.24332,-0.14617,-0.08637,3.07833,-0.05408,0.36969,0.00000,0.00000,0.00000,
1630698582883127296,3.16318,0.11969,0.10935,0.99676,0.05994,0.05245,-0.01161,0.29608,-0.12296,-0.11996,3.10082,-0.06821,0.37183,0.00000,0.00000,0.00000,
1630698582949798656,3.18081,0.10919,0.11327,0.99686,0.05906,0.05273,-0.00317,0.24392,-0.21987,0.18631,3.10797,-0.07574,0.37854,0.00000,0.00000,0.00000,
1630698583016468992,3.19634,0.09645,0.12376,0.99689,0.07232,0.03009,-0.00823,0.22656,-0.14398,0.09810,3.12537,-0.08904,0.38674,0.00000,0.00000,0.00000,
1630698583083140096,3.21056,0.09038,0.12309,0.99717,0.07038,0.02468,-0.00953,0.19605,-0.03690,-0.01803,3.13528,-0.09139,0.38627,0.00000,0.00000,0.00000,
1630698583149810432,3.22180,0.09262,0.11896,0.99881,0.03894,0.02830,-0.00834,0.16917,0.07047,-0.05852,3.15444,-0.08453,0.37504,0.00000,0.00000,0.00000,
1630698583216482048,3.23394,0.10025,0.10391,0.99880,0.03318,0.03609,-0.00106,0.19785,0.08395,-0.21286,3.16372,-0.08330,0.37348,0.00000,0.00000,0.00000,
1630698583283152128,3.24570,0.10228,0.10660,0.99780,0.06096,0.02590,0.00180,0.15117,0.00268,0.02151,3.17605,-0.08528,0.37541,0.00000,0.00000,0.00000,
1630698583349823488,3.25587,0.10087,0.10847,0.99775,0.06483,0.01674,0.00167,0.14796,0.00226,-0.03885,3.18422,-0.08603,0.37328,0.00000,0.00000,0.00000,
1630698583416493824,3.26579,0.10039,0.10743,0.99778,0.06289,0.02197,0.00254,0.12023,0.02077,-0.00475,3.19221,-0.08496,0.37159,0.00000,0.00000,0.00000,
1630698583483164928,3.27235,0.10259,0.10569,0.99809,0.05594,0.02625,0.00017,0.06551,0.04286,-0.01736,3.19615,-0.08314,0.37035,0.00000,0.00000,0.00000,
1630698583549835520,3.27567,0.10591,0.10538,0.99828,0.05103,0.02881,-0.00190,0.01574,0.06421,0.00969,3.19836,-0.07826,0.36980,0.00000,0.00000,0.00000,
1630698583616506880,3.27610,0.10963,0.10586,0.99846,0.04722,0.02911,-0.00184,-0.01799,0.04303,0.01926,3.19791,-0.07643,0.37016,0.00000,0.00000,0.00000,
1630698583683176960,3.27563,0.11060,0.10559,0.99856,0.04537,0.02843,-0.00218,-0.02395,0.00369,0.01753,3.19692,-0.07630,0.37098,0.00000,0.00000,0.00000,
1630698583749848320,3.27476,0.10980,0.10587,0.99854,0.04609,0.02815,-0.00208,-0.01435,-0.01969,0.00423,3.19640,-0.07754,0.37096,0.00000,0.00000,0.00000,
1630698583816518656,3.27460,0.10803,0.10592,0.99847,0.04776,0.02798,-0.00185,-0.01210,-0.02281,0.00276,3.19590,-0.07962,0.37134,0.00000,0.00000,0.00000,
1630698583883190016,3.27426,0.10677,0.10610,0.99843,0.04862,0.02777,-0.00186,-0.01718,-0.00110,0.00618,3.19530,-0.07973,0.37165,0.00000,0.00000,0.00000,
1630698583949859840,3.27394,0.10687,0.10626,0.99845,0.04824,0.02773,-0.00169,-0.00925,0.01658,0.00070,3.19532,-0.07917,0.37151,0.00000,0.00000,0.00000,
1630698584016530944,3.27439,0.10766,0.10609,0.99848,0.04727,0.02833,-0.00172,0.00357,0.01891,-0.00559,3.19606,-0.07845,0.37130,0.00000,0.00000,0.00000,
1630698584083202048,3.27509,0.10856,0.10567,0.99850,0.04633,0.02926,-0.00171,-0.00074,0.01561,-0.00412,3.19665,-0.07778,0.37101,0.00000,0.00000,0.00000,
1630698584149872384,3.27511,0.10901,0.10562,0.99851,0.04587,0.02955,-0.00176,-0.01185,0.00600,0.00094,3.19631,-0.07786,0.37114,0.00000,0.00000,0.00000,
1630698584216543488,3.27474,0.10873,0.10581,0.99850,0.04607,0.02940,-0.00179,-0.01268,-0.00240,0.00060,3.19608,-0.07833,0.37133,0.00000,0.00000,0.00000,
1630698584283213312,3.27454,0.10815,0.10590,0.99848,0.04665,0.02932,-0.00182,-0.00918,-0.00233,-0.00132,3.19597,-0.07907,0.37148,0.00000,0.00000,0.00000,
1630698584349884416,3.27453,0.10785,0.10603,0.99847,0.04689,0.02939,-0.00181,-0.00823,0.00718,-0.00155,3.19594,-0.07906,0.37153,0.00000,0.00000,0.00000,
1630698584416554752,3.27453,0.10814,0.10604,0.99847,0.04657,0.02961,-0.00183,-0.00594,0.01394,-0.00274,3.19604,-0.07866,0.37141,0.00000,0.00000,0.00000,
1630698584483225856,3.27466,0.10880,0.10595,0.99849,0.04602,0.02999,-0.00185,-0.00320,0.01399,-0.00414,3.19628,-0.07820,0.37121,0.00000,0.00000,0.00000,
1630698584549895680,3.27490,0.10911,0.10588,0.99850,0.04566,0.03032,-0.00188,-0.00566,0.00988,-0.00297,3.19637,-0.07806,0.37109,0.00000,0.00000,0.00000,
1630698584616566784,3.27485,0.10903,0.10593,0.99849,0.04567,0.03040,-0.00185,-0.00993,0.00470,-0.00102,3.19624,-0.07825,0.37122,0.00000,0.00000,0.00000,
1630698584683237120,3.27464,0.10871,0.10602,0.99848,0.04591,0.03032,-0.00185,-0.00980,0.00295,-0.00155,3.19611,-0.07861,0.37135,0.00000,0.00000,0.00000,
1630698584749908224,3.27454,0.10848,0.10608,0.99847,0.04609,0.03034,-0.00185,-0.00778,0.00595,-0.00252,3.19602,-0.07875,0.37128,0.00000,0.00000,0.00000,
1630698584816578048,3.27455,0.10856,0.10609,0.99847,0.04604,0.03045,-0.00186,-0.00666,0.01045,-0.00346,3.19614,-0.07862,0.37133,0.00000,0.00000,0.00000,
1630698584883249408,3.27465,0.10877,0.10602,0.99848,0.04573,0.03065,-0.00184,-0.00617,0.01144,-0.00352,3.19621,-0.07832,0.37123,0.00000,0.00000,0.00000,
1630698584949919488,3.27479,0.10895,0.10598,0.99849,0.04550,0.03081,-0.00185,-0.00630,0.00933,-0.00363,3.19631,-0.07820,0.37118,0.00000,0.00000,0.00000,
1630698585016590592,3.27483,0.10896,0.10601,0.99849,0.04543,0.03093,-0.00183,-0.00795,0.00588,-0.00241,3.19624,-0.07826,0.37114,0.00000,0.00000,0.00000,
1630698585083260672,3.27476,0.10880,0.10605,0.99848,0.04556,0.03092,-0.00183,-0.00904,0.00463,-0.00230,3.19614,-0.07841,0.37122,0.00000,0.00000,0.00000,
1630698585149932032,3.27469,0.10866,0.10609,0.99848,0.04569,0.03091,-0.00183,-0.00813,0.00584,-0.00273,3.19611,-0.07856,0.37122,0.00000,0.00000,0.00000,
1630698585216601856,3.27469,0.10868,0.10612,0.99848,0.04566,0.03096,-0.00184,-0.00690,0.00856,-0.00302,3.19615,-0.07849,0.37127,0.00000,0.00000,0.00000,
1630698585283272960,3.27474,0.10872,0.10605,0.99848,0.04554,0.03108,-0.00181,-0.00691,0.00955,-0.00334,3.19623,-0.07834,0.37123,0.00000,0.00000,0.00000,
1630698585349943040,3.27481,0.10879,0.10601,0.99848,0.04538,0.03120,-0.00179,-0.00706,0.00890,-0.00304,3.19628,-0.07825,0.37119,0.00000,0.00000,0.00000,
1630698585416614400,3.27485,0.10880,0.10603,0.99848,0.04533,0.03128,-0.00179,-0.00792,0.00708,-0.00253,3.19623,-0.07828,0.37115,0.00000,0.00000,0.00000,
1630698585483285504,3.27480,0.10871,0.10611,0.99848,0.04538,0.03131,-0.00178,-0.00855,0.00636,-0.00193,3.19622,-0.07836,0.37121,0.00000,0.00000,0.00000,
1630698585549955584,3.27475,0.10868,0.10620,0.99847,0.04547,0.03132,-0.00179,-0.00812,0.00753,-0.00236,3.19618,-0.07842,0.37125,0.00000,0.00000,0.00000,
1630698585616626688,3.27472,0.10868,0.10623,0.99847,0.04546,0.03143,-0.00177,-0.00755,0.00864,-0.00230,3.19620,-0.07840,0.37123,0.00000,0.00000,0.00000,
1630698585683297024,3.27476,0.10873,0.10626,0.99847,0.04537,0.03155,-0.00177,-0.00736,0.00978,-0.00288,3.19624,-0.07832,0.37119,0.00000,0.00000,0.00000,
1630698585749967872,3.27481,0.10882,0.10627,0.99847,0.04528,0.03162,-0.00179,-0.00760,0.00974,-0.00300,3.19627,-0.07828,0.37119,0.00000,0.00000,0.00000,
1630698585816637952,3.27481,0.10882,0.10627,0.99847,0.04525,0.03170,-0.00176,-0.00820,0.00784,-0.00275,3.19626,-0.07830,0.37119,0.00000,0.00000,0.00000,
1630698585883309056,3.27479,0.10882,0.10626,0.99847,0.04529,0.03167,-0.00179,-0.00812,0.00763,-0.00282,3.19624,-0.07833,0.37119,0.00000,0.00000,0.00000,
1630698585949979392,3.27477,0.10876,0.10626,0.99847,0.04533,0.03170,-0.00177,-0.00805,0.00702,-0.00248,3.19623,-0.07837,0.37121,0.00000,0.00000,0.00000,
1630698586016650496,3.27474,0.10876,0.10618,0.99847,0.04534,0.03168,-0.00179,-0.00791,0.00821,-0.00298,3.19623,-0.07835,0.37120,0.00000,0.00000,0.00000,
1630698586083320576,3.27475,0.10887,0.10614,0.99847,0.04530,0.03167,-0.00180,-0.00759,0.00894,-0.00280,3.19626,-0.07831,0.37118,0.00000,0.00000,0.00000,
1630698586149991424,3.27476,0.10889,0.10609,0.99847,0.04524,0.03172,-0.00180,-0.00803,0.00819,-0.00265,3.19628,-0.07828,0.37117,0.00000,0.00000,0.00000,
1630698586216661760,3.27474,0.10894,0.10601,0.99847,0.04525,0.03168,-0.00181,-0.00849,0.00750,-0.00280,3.19627,-0.07829,0.37118,0.00000,0.00000,0.00000,
1630698586283332864,3.27477,0.10902,0.10639,0.99847,0.04530,0.03177,-0.00183,-0.00755,0.00695,-0.00211,3.19625,-0.07831,0.37117,0.00000,0.00000,0.00000,
1630698586350002944,3.27475,0.10907,0.10636,0.99847,0.04535,0.03173,-0.00187,-0.00766,0.00763,-0.00287,3.19626,-0.07832,0.37119,0.00000,0.00000,0.00000,
1630698586416674048,3.27473,0.10911,0.10634,0.99847,0.04533,0.03175,-0.00187,-0.00738,0.00780,-0.00271,3.19626,-0.07832,0.37117,0.00000,0.00000,0.00000,
1630698586483344128,3.27475,0.10912,0.10635,0.99846,0.04534,0.03177,-0.00187,-0.00723,0.00725,-0.00287,3.19627,-0.07829,0.37118,0.00000,0.00000,0.00000,
1630698586550015232,3.27478,0.10918,0.10629,0.99846,0.04537,0.03174,-0.00189,-0.00697,0.00766,-0.00335,3.19629,-0.07827,0.37118,0.00000,0.00000,0.00000,
1630698586616685312,3.27479,0.10924,0.10625,0.99847,0.04535,0.03173,-0.00191,-0.00675,0.00798,-0.00291,3.19626,-0.07827,0.37112,0.00000,0.00000,0.00000,
1630698586683356416,3.27479,0.10926,0.10631,0.99847,0.04534,0.03174,-0.00192,-0.00681,0.00660,-0.00227,3.19628,-0.07829,0.37117,0.00000,0.00000,0.00000,
1630698586750027520,3.27479,0.10924,0.10631,0.99846,0.04541,0.03173,-0.00190,-0.00673,0.00576,-0.00278,3.19627,-0.07829,0.37117,0.00000,0.00000,0.00000,
1630698586816697600,3.27486,0.10909,0.10630,0.99847,0.04533,0.03175,-0.00188,-0.00670,0.00676,-0.00222,3.19628,-0.07828,0.37118,0.00000,0.00000,0.00000,
1630698586883368704,3.27481,0.10917,0.10634,0.99846,0.04535,0.03177,-0.00190,-0.00757,0.00613,-0.00256,3.19629,-0.07828,0.37116,0.00000,0.00000,0.00000,
1630698586950039040,3.27479,0.10951,0.10651,0.99846,0.04537,0.03183,-0.00197,-0.00659,0.00714,-0.00267,3.19630,-0.07826,0.37115,0.00000,0.00000,0.00000,
1630698587016710400,3.27480,0.10931,0.10633,0.99846,0.04535,0.03186,-0.00191,-0.00753,0.00634,-0.00311,3.19630,-0.07826,0.37116,0.00000,0.00000,0.00000,
1630698587083380480,3.27481,0.10937,0.10636,0.99846,0.04534,0.03184,-0.00194,-0.00755,0.00737,-0.00249,3.19627,-0.07826,0.37111,0.00000,0.00000,0.00000,
1630698587150051840,3.27481,0.10938,0.10635,0.99846,0.04535,0.03189,-0.00193,-0.00765,0.00627,-0.00283,3.19630,-0.07827,0.37116,0.00000,0.00000,0.00000,
1630698587216721920,3.27481,0.10945,0.10633,0.99846,0.04533,0.03186,-0.00197,-0.00735,0.00809,-0.00263,3.19630,-0.07827,0.37116,0.00000,0.00000,0.00000,
1630698587283393024,3.27484,0.10952,0.10635,0.99846,0.04533,0.03186,-0.00199,-0.00749,0.00877,-0.00249,3.19627,-0.07825,0.37111,0.00000,0.00000,0.00000,
