1630698550081125632,0.00056,-0.00208,0.02221,0.99998,0.00521,0.00250,0.00028,-0.00051,0.00479,-0.00672,0.00185,-0.00823,0.16470,0.00000,0.00000,0.00000,
1630698550147794944,0.00050,-0.00208,0.02230,0.99998,0.00624,0.00201,0.00030,0.00040,-0.00130,-0.00614,0.00186,-0.00805,0.16468,0.00000,0.00000,0.00000,
1630698550214465280,0.00134,-0.00217,0.02109,0.99997,0.00736,0.00170,0.00022,0.00278,0.00140,-0.00519,0.00184,-0.00808,0.16465,0.00000,0.00000,0.00000,
1630698550281134848,0.00125,-0.00210,0.02102,0.99997,0.00828,0.00109,0.00027,0.00240,0.00067,-0.00443,0.00184,-0.00817,0.16468,0.00000,0.00000,0.00000,
1630698550347804928,0.00115,-0.00229,0.02100,0.99996,0.00919,0.00056,0.00028,0.00234,-0.00067,-0.00426,0.00189,-0.00808,0.16467,0.00000,0.00000,0.00000,
1630698550414474240,0.00114,-0.00229,0.02103,0.99995,0.01000,0.00001,0.00031,0.00150,0.00142,-0.00384,0.00188,-0.00812,0.16466,0.00000,0.00000,0.00000,
1630698550481144320,0.00109,-0.00232,0.02113,0.99994,0.01082,-0.00051,0.00031,0.00133,-0.00088,-0.00360,0.00186,-0.00812,0.16462,0.00000,0.00000,0.00000,
1630698550547813888,0.00096,-0.00238,0.02116,0.99993,0.01186,-0.00114,0.00031,0.00097,0.00067,-0.00354,0.00187,-0.00808,0.16464,0.00000,0.00000,0.00000,
1630698550614484224,0.00091,-0.00239,0.02108,0.99992,0.01287,-0.00183,0.00036,0.00124,-0.00030,-0.00323,0.00184,-0.00815,0.16460,0.00000,0.00000,0.00000,
1630698550681153536,0.00092,-0.00244,0.02108,0.99990,0.01390,-0.00254,0.00033,0.00118,0.00016,-0.00327,0.00184,-0.00811,0.16460,0.00000,0.00000,0.00000,
1630698550747823616,0.00091,-0.00245,0.02102,0.99989,0.01472,-0.00316,0.00037,0.00075,0.00071,-0.00301,0.00184,-0.00808,0.16462,0.00000,0.00000,0.00000,
1630698550814494208,0.00086,-0.00247,0.02102,0.99987,0.01576,-0.00388,0.00037,0.00062,0.00024,-0.00319,0.00184,-0.00809,0.16462,0.00000,0.00000,0.00000,
1630698550881163776,0.00078,-0.00252,0.02104,0.99985,0.01677,-0.00466,0.00041,0.00061,0.00062,-0.00322,0.00180,-0.00808,0.16460,0.00000,0.00000,0.00000,
1630698550947834368,0.00063,-0.00262,0.02108,0.99983,0.01781,-0.00546,0.00045,0.00007,0.00013,-0.00296,0.00178,-0.00819,0.16451,0.00000,0.00000,0.00000,
1630698551014504192,0.00058,-0.00268,0.02102,0.99980,0.01880,-0.00628,0.00046,0.00026,0.00052,-0.00315,0.00179,-0.00818,0.16450,0.00000,0.00000,0.00000,
1630698551081174784,0.00061,-0.00268,0.02100,0.99978,0.01978,-0.00712,0.00048,0.00058,0.00087,-0.00325,0.00182,-0.00808,0.16458,0.00000,0.00000,0.00000,
1630698551147844608,0.00052,-0.00277,0.02095,0.99975,0.02078,-0.00800,0.00054,0.00068,0.00089,-0.00311,0.00181,-0.00807,0.16457,0.00000,0.00000,0.00000,
1630698551214515200,0.00033,-0.00290,0.02112,0.99972,0.02177,-0.00890,0.00058,0.00041,0.00067,-0.00290,0.00180,-0.00808,0.16457,0.00000,0.00000,0.00000,
1630698551281185024,0.00026,-0.00296,0.02119,0.99969,0.02272,-0.00980,0.00061,0.00024,0.00084,-0.00287,0.00176,-0.00790,0.16506,0.00000,0.00000,0.00000,
1630698551347855616,0.00029,-0.00298,0.02111,0.99967,0.02358,-0.01039,0.00067,-0.00029,0.00318,0.00277,0.00187,-0.00751,0.16773,0.00000,0.00000,0.00000,
1630698551414524928,0.00011,-0.00254,0.02430,0.99969,0.02148,-0.01256,0.00083,-0.00423,0.00397,0.06281,0.00162,-0.00727,0.17265,0.00000,0.00000,0.00000,
1630698551481195776,-0.00057,-0.00238,0.02874,0.99965,0.02104,-0.01599,0.00066,-0.01233,-0.00599,0.07284,0.00126,-0.00867,0.17712,0.00000,0.00000,0.00000,
1630698551547865344,-0.00108,-0.00369,0.03329,0.99955,0.02295,-0.01925,-0.00005,-0.00732,-0.02334,0.05743,0.00121,-0.01046,0.18029,0.00000,0.00000,0.00000,
1630698551614535936,-0.00105,-0.00599,0.03615,0.99942,0.02655,-0.02113,-0.00098,-0.00285,-0.03488,0.03357,0.00122,-0.01289,0.18196,0.00000,0.00000,0.00000,
1630698551681205760,-0.00034,-0.00842,0.03746,0.99928,0.03086,-0.02186,-0.00167,0.00361,-0.03555,0.01546,0.00189,-0.01468,0.18333,0.00000,0.00000,0.00000,
1630698551747876352,0.00072,-0.01052,0.03849,0.99922,0.03306,-0.02152,-0.00188,0.01044,-0.01393,0.00951,0.00277,-0.01358,0.18407,0.00000,0.00000,0.00000,
1630698551814546176,0.00148,-0.01007,0.03923,0.99920,0.03332,-0.02188,-0.00132,0.01175,0.01876,0.01181,0.00352,-0.01126,0.18636,0.00000,0.00000,0.00000,
1630698551881216256,0.00189,-0.00829,0.04074,0.99923,0.03140,-0.02345,-0.00078,0.00482,0.03128,0.02574,0.00351,-0.00970,0.18963,0.00000,0.00000,0.00000,
1630698551947885568,0.00162,-0.00664,0.04381,0.99922,0.02884,-0.02688,-0.00011,-0.00382,0.02494,0.04941,0.00296,-0.00974,0.19371,0.00000,0.00000,0.00000,
1630698552014555392,0.00077,-0.00637,0.04811,0.99908,0.02824,-0.03212,0.00009,-0.01348,0.00047,0.06038,0.00262,-0.01165,0.19775,0.00000,0.00000,0.00000,
1630698552081225728,-0.00008,-0.00780,0.05186,0.99876,0.03328,-0.03695,0.00032,-0.00972,-0.02588,0.06399,0.00334,-0.01398,0.20084,0.00000,0.00000,0.00000,
1630698552147894528,0.00027,-0.01061,0.05484,0.99851,0.03815,-0.03888,-0.00060,0.01378,-0.04054,0.03888,0.00466,-0.01531,0.20411,0.00000,0.00000,0.00000,
1630698552214564608,0.00139,-0.01258,0.05769,0.99828,0.04226,-0.04073,-0.00134,0.01940,-0.02547,0.05186,0.00642,-0.01458,0.20783,0.00000,0.00000,0.00000,
1630698552281233664,0.00239,-0.01279,0.06084,0.99820,0.04272,-0.04212,-0.00154,0.01975,0.01389,0.04773,0.00724,-0.01380,0.20963,0.00000,0.00000,0.00000,
1630698552347903488,0.00339,-0.01209,0.06343,0.99821,0.04146,-0.04315,-0.00112,0.01667,0.01178,0.04092,0.00800,-0.01367,0.21169,0.00000,0.00000,0.00000,
1630698552414572544,0.00400,-0.01193,0.06586,0.99815,0.04144,-0.04443,-0.00085,0.01293,0.00027,0.03266,0.00759,-0.01374,0.21428,0.00000,0.00000,0.00000,
1630698552481242368,0.00361,-0.01224,0.06837,0.99799,0.04216,-0.04739,-0.00062,-0.00835,-0.00091,0.04306,0.00689,-0.01390,0.21662,0.00000,0.00000,0.00000,
1630698552547911424,0.00276,-0.01274,0.07053,0.99786,0.04225,-0.04991,-0.00113,-0.01221,-0.00658,0.03398,0.00655,-0.01381,0.21805,0.00000,0.00000,0.00000,
1630698552614581248,0.00205,-0.01289,0.07301,0.99772,0.04279,-0.05221,-0.00101,-0.00701,-0.00226,0.03293,0.00671,-0.01351,0.21966,0.00000,0.00000,0.00000,
1630698552681250304,-0.00346,-0.01477,0.07178,0.99759,0.04294,-0.05445,-0.00104,-0.00108,-0.00294,0.01802,0.00714,-0.01458,0.22225,0.00000,0.00000,0.00000,
1630698552747920128,-0.00252,-0.01605,0.07619,0.99745,0.04368,-0.05647,-0.00139,0.00024,-0.00965,0.03359,0.00773,-0.01579,0.22627,0.00000,0.00000,0.00000,
1630698552814588672,-0.00272,-0.01746,0.08014,0.99723,0.04569,-0.05864,-0.00145,0.00203,-0.02771,0.05916,0.00881,-0.01578,0.23102,0.00000,0.00000,0.00000,
1630698552881259520,-0.00299,-0.01904,0.08498,0.99705,0.04624,-0.06129,-0.00210,0.00461,-0.01257,0.07853,0.01030,-0.01561,0.23528,0.00000,0.00000,0.00000,
1630698552947929088,-0.00229,-0.02025,0.08989,0.99697,0.04475,-0.06357,-0.00211,0.00932,-0.00308,0.07488,0.01281,-0.01558,0.23941,0.00000,0.00000,0.00000,
1630698553014599680,-0.00083,-0.02076,0.09216,0.99697,0.04404,-0.06413,-0.00219,0.02100,-0.01077,0.06317,0.01445,-0.01545,0.24197,0.00000,0.00000,0.00000,
1630698553081269504,0.00106,-0.02098,0.09435,0.99706,0.04333,-0.06317,-0.00220,0.02379,-0.00533,0.04664,0.01494,-0.01646,0.24440,0.00000,0.00000,0.00000,
1630698553147939840,0.00245,-0.02097,0.09588,0.99713,0.04309,-0.06217,-0.00215,0.01301,-0.00755,0.03576,0.01498,-0.01729,0.24711,0.00000,0.00000,0.00000,
1630698553214609664,0.00231,-0.02214,0.09979,0.99702,0.04491,-0.06260,-0.00243,-0.00250,-0.01816,0.04738,0.01507,-0.01733,0.24906,0.00000,0.00000,0.00000,
1630698553281280256,0.00259,-0.02375,0.10215,0.99682,0.04821,-0.06335,-0.00221,-0.00236,-0.01568,0.03859,0.01510,-0.01681,0.25067,0.00000,0.00000,0.00000,
1630698553347950080,0.00179,-0.02324,0.10334,0.99675,0.04940,-0.06366,-0.00066,-0.00587,0.00035,0.03529,0.01519,-0.01554,0.25284,0.00000,0.00000,0.00000,
1630698553414620672,0.00014,-0.02241,0.10828,0.99674,0.04896,-0.06411,-0.00057,-0.00756,0.00907,0.04545,0.01535,-0.01425,0.25583,0.00000,0.00000,0.00000,
1630698553481291264,0.00167,-0.02372,0.11062,0.99677,0.04861,-0.06389,-0.00008,-0.00644,0.01044,0.04194,0.01615,-0.01338,0.25827,0.00000,0.00000,0.00000,
1630698553547960832,0.00191,-0.02359,0.11415,0.99690,0.04794,-0.06246,-0.00042,-0.00460,0.00955,0.04545,0.01726,-0.01335,0.25959,0.00000,0.00000,0.00000,
1630698553614631424,0.00263,-0.02340,0.11657,0.99711,0.04824,-0.05861,-0.00063,0.00827,0.00617,0.03157,0.02013,-0.01388,0.26048,0.00000,0.00000,0.00000,
1630698553681300992,0.00455,-0.02318,0.11529,0.99743,0.04988,-0.05151,-0.00117,0.02506,-0.00277,0.02000,0.02221,-0.01469,0.26241,0.00000,0.00000,0.00000,
1630698553747971840,0.00714,-0.02232,0.11076,0.99774,0.05292,-0.04145,-0.00094,0.03602,-0.01021,0.00179,0.02349,-0.01595,0.26618,0.00000,0.00000,0.00000,
1630698553814640896,0.00998,-0.02334,0.11153,0.99783,0.05596,-0.03462,-0.00149,0.02463,-0.01765,0.02931,0.02395,-0.01661,0.26976,0.00000,0.00000,0.00000,
1630698553881312256,0.01119,-0.02434,0.11427,0.99776,0.05981,-0.02999,-0.00144,0.01082,-0.02251,0.06161,0.02335,-0.01788,0.27591,0.00000,0.00000,0.00000,
1630698553947982336,0.01139,-0.02635,0.11956,0.99756,0.06363,-0.02862,-0.00147,-0.00476,-0.02392,0.06934,0.02248,-0.01799,0.27998,0.00000,0.00000,0.00000,
1630698554014653696,0.01060,-0.02846,0.12433,0.99737,0.06631,-0.02932,-0.00235,-0.01901,-0.02228,0.06889,0.02178,-0.01721,0.28202,0.00000,0.00000,0.00000,
1630698554081323264,0.01018,-0.03065,0.13028,0.99722,0.06790,-0.03039,-0.00325,-0.01802,-0.00819,0.04961,0.02099,-0.01604,0.28368,0.00000,0.00000,0.00000,
1630698554147994624,0.01097,-0.03215,0.13428,0.99721,0.06909,-0.02800,-0.00458,-0.01483,0.01037,0.02214,0.02019,-0.01541,0.28473,0.00000,0.00000,0.00000,
1630698554214664704,0.01094,-0.03188,0.13389,0.99717,0.07059,-0.02540,-0.00477,-0.01584,0.01013,0.02119,0.01915,-0.01457,0.28472,0.00000,0.00000,0.00000,
1630698554281335808,0.01109,-0.03256,0.13520,0.99705,0.07294,-0.02314,-0.00566,-0.01717,0.00940,0.00348,0.01869,-0.01599,0.28523,0.00000,0.00000,0.00000,
1630698554348005888,0.01042,-0.03213,0.13440,0.99682,0.07700,-0.01955,-0.00591,-0.00969,-0.00262,-0.01317,0.01877,-0.01752,0.28595,0.00000,0.00000,0.00000,
1630698554414677248,0.01392,-0.03848,0.13422,0.99645,0.08188,-0.01839,-0.00586,-0.00332,-0.02541,-0.00342,0.01967,-0.02006,0.28709,0.00000,0.00000,0.00000,
1630698554481347328,0.01467,-0.04160,0.13575,0.99589,0.08870,-0.01727,-0.00635,0.01018,-0.03705,0.00169,0.02096,-0.02288,0.28995,0.00000,0.00000,0.00000,
1630698554548018432,0.01580,-0.04470,0.13649,0.99521,0.09645,-0.01468,-0.00563,0.02125,-0.04674,0.00694,0.02224,-0.02305,0.29625,0.00000,0.00000,0.00000,
1630698554614688512,0.01781,-0.05002,0.14087,0.99457,0.10283,-0.01484,-0.00645,0.02047,-0.04106,0.07079,0.02386,-0.02149,0.30503,0.00000,0.00000,0.00000,
1630698554681359872,0.01795,-0.05118,0.14414,0.99422,0.10554,-0.01871,-0.00600,0.01417,-0.00683,0.11161,0.02532,-0.01962,0.30911,0.00000,0.00000,0.00000,
1630698554748031232,0.01910,-0.05346,0.15439,0.99412,0.10581,-0.02232,-0.00624,0.01823,0.00083,0.09853,0.02735,-0.01685,0.31307,0.00000,0.00000,0.00000,
1630698554814701312,0.02110,-0.05495,0.16101,0.99412,0.10585,-0.02162,-0.00745,0.02753,0.02224,0.08105,0.02999,-0.01445,0.31462,0.00000,0.00000,0.00000,
1630698554881372416,0.02112,-0.05201,0.16968,0.99443,0.10355,-0.01837,-0.00747,0.02478,0.02459,0.05364,0.03120,-0.01468,0.31466,0.00000,0.00000,0.00000,
1630698554948042752,0.02574,-0.05309,0.17157,0.99456,0.10321,-0.01206,-0.00733,0.02548,0.01986,-0.00106,0.03120,-0.01572,0.31518,0.00000,0.00000,0.00000,
1630698555014714368,0.02856,-0.05270,0.16994,0.99453,0.10405,-0.00471,-0.00754,0.01879,-0.00354,-0.01344,0.03004,-0.01752,0.31661,0.00000,0.00000,0.00000,
1630698555081384448,0.02965,-0.05251,0.16696,0.99430,0.10638,-0.00075,-0.00727,0.00191,-0.01631,-0.01115,0.02747,-0.01910,0.31975,0.00000,0.00000,0.00000,
1630698555148055808,0.02886,-0.05389,0.16401,0.99391,0.10987,0.00006,-0.00849,-0.01625,-0.02902,-0.00269,0.02500,-0.01954,0.32310,0.00000,0.00000,0.00000,
1630698555214726144,0.02735,-0.05597,0.16289,0.99348,0.11366,-0.00160,-0.00861,-0.02741,-0.02952,0.01312,0.02301,-0.01964,0.32689,0.00000,0.00000,0.00000,
1630698555281397760,0.02360,-0.05781,0.16389,0.99308,0.11690,-0.00649,-0.00877,-0.03730,-0.02501,0.03338,0.02177,-0.01947,0.33136,0.00000,0.00000,0.00000,
1630698555348068096,0.01977,-0.05895,0.16590,0.99277,0.11914,-0.01178,-0.00873,-0.03432,-0.01724,0.04414,0.02161,-0.01898,0.33532,0.00000,0.00000,0.00000,
1630698555414739712,0.01694,-0.06022,0.16881,0.99254,0.12052,-0.01594,-0.00877,-0.02167,-0.01797,0.05007,0.02280,-0.01846,0.33793,0.00000,0.00000,0.00000,
1630698555481410048,0.01523,-0.06147,0.17204,0.99241,0.12108,-0.01957,-0.00929,-0.00741,-0.00713,0.05342,0.02492,-0.01767,0.33945,0.00000,0.00000,0.00000,
1630698555548081408,0.01513,-0.06245,0.17571,0.99234,0.12136,-0.02094,-0.00958,0.01498,-0.00446,0.03372,0.02687,-0.01746,0.34055,0.00000,0.00000,0.00000,
1630698555614751744,0.01659,-0.06251,0.17698,0.99238,0.12130,-0.01950,-0.00938,0.03026,0.00430,0.01675,0.02968,-0.01738,0.34313,0.00000,0.00000,0.00000,
1630698555681423104,0.01935,-0.06219,0.17653,0.99239,0.12162,-0.01674,-0.00945,0.04409,0.00332,0.00139,0.03137,-0.01768,0.34646,0.00000,0.00000,0.00000,
1630698555748093696,0.02178,-0.06218,0.17832,0.99239,0.12172,-0.01612,-0.00911,0.04206,-0.00014,0.01086,0.03226,-0.01805,0.34853,0.00000,0.00000,0.00000,
1630698555814765056,0.02318,-0.06330,0.18054,0.99230,0.12232,-0.01734,-0.00929,0.02867,-0.01764,0.02204,0.03259,-0.01892,0.35157,0.00000,0.00000,0.00000,
1630698555881435904,0.02399,-0.06447,0.18282,0.99217,0.12298,-0.01956,-0.00938,0.01981,-0.01350,0.02242,0.03249,-0.01989,0.35446,0.00000,0.00000,0.00000,
1630698555948107520,0.02423,-0.06510,0.18434,0.99207,0.12384,-0.01979,-0.00891,0.01581,-0.01600,0.01376,0.03235,-0.02039,0.35781,0.00000,0.00000,0.00000,
1630698556014778112,0.02372,-0.06663,0.18755,0.99193,0.12462,-0.02151,-0.00926,0.00820,-0.03032,0.02709,0.03210,-0.02039,0.36095,0.00000,0.00000,0.00000,
1630698556081449984,0.02586,-0.07155,0.18933,0.99174,0.12559,-0.02403,-0.00988,0.00356,-0.02253,0.02511,0.03161,-0.02007,0.36386,0.00000,0.00000,0.00000,
1630698556148121600,0.02636,-0.07376,0.19125,0.99154,0.12688,-0.02523,-0.01036,0.00521,-0.01841,0.01918,0.03114,-0.01940,0.36687,0.00000,0.00000,0.00000,
1630698556214792448,0.02586,-0.07523,0.19418,0.99146,0.12720,-0.02665,-0.01096,0.00125,-0.01446,0.03375,0.03097,-0.01913,0.36828,0.00000,0.00000,0.00000,
1630698556281464320,0.02491,-0.07581,0.19690,0.99139,0.12715,-0.02920,-0.01109,-0.00159,-0.01045,0.02725,0.03079,-0.01933,0.36825,0.00000,0.00000,0.00000,
1630698556348134912,0.02436,-0.07652,0.19904,0.99139,0.12688,-0.03029,-0.01157,0.00375,-0.00676,0.01804,0.03025,-0.01948,0.36828,0.00000,0.00000,0.00000,
1630698556414806784,0.02421,-0.07672,0.20063,0.99143,0.12646,-0.03074,-0.01141,0.00780,-0.00311,0.00637,0.02978,-0.01962,0.36811,0.00000,0.00000,0.00000,
1630698556481477632,0.02418,-0.07563,0.19889,0.99148,0.12608,-0.03082,-0.01134,0.00895,-0.00912,-0.01784,0.02940,-0.01919,0.36822,0.00000,0.00000,0.00000,
1630698556548149504,0.02421,-0.07574,0.19953,0.99157,0.12516,-0.03148,-0.01147,0.00376,-0.01026,-0.00904,0.02901,-0.01929,0.36824,0.00000,0.00000,0.00000,
1630698556614820608,0.02374,-0.07541,0.20011,0.99171,0.12385,-0.03231,-0.01140,0.00330,-0.00197,-0.01083,0.02876,-0.01933,0.36824,0.00000,0.00000,0.00000,
1630698556681492224,0.02307,-0.07482,0.20074,0.99190,0.12218,-0.03287,-0.01153,-0.00012,-0.00399,-0.00529,0.02873,-0.01927,0.36821,0.00000,0.00000,0.00000,
1630698556748163328,0.02285,-0.07402,0.20116,0.99211,0.12039,-0.03315,-0.01133,0.00244,-0.00326,-0.00728,0.02884,-0.01921,0.36820,0.00000,0.00000,0.00000,
1630698556814835200,0.02263,-0.07415,0.20151,0.99224,0.11918,-0.03357,-0.01142,0.00317,-0.00752,-0.00659,0.02885,-0.01926,0.36819,0.00000,0.00000,0.00000,
1630698556881505792,0.02246,-0.07387,0.20188,0.99240,0.11778,-0.03376,-0.01116,0.00586,-0.00274,-0.00407,0.02880,-0.01929,0.36819,0.00000,0.00000,0.00000,
1630698556948177152,0.02254,-0.07341,0.20207,0.99258,0.11622,-0.03386,-0.01120,0.00823,-0.00480,-0.00430,0.02880,-0.01928,0.36819,0.00000,0.00000,0.00000,
1630698557014847488,0.02299,-0.07310,0.20215,0.99275,0.11477,-0.03382,-0.01118,0.00766,-0.00520,-0.00427,0.02884,-0.01924,0.36818,0.00000,0.00000,0.00000,
1630698557081519104,0.02310,-0.07269,0.20228,0.99292,0.11331,-0.03372,-0.01123,0.00573,-0.00530,-0.00350,0.02885,-0.01926,0.36818,0.00000,0.00000,0.00000,
1630698557148189440,0.02294,-0.07171,0.20284,0.99312,0.11165,-0.03342,-0.01130,0.00587,-0.00398,-0.00283,0.02883,-0.01927,0.36818,0.00000,0.00000,0.00000,
1630698557214860800,0.02288,-0.07091,0.20322,0.99334,0.10979,-0.03313,-0.01136,0.00623,-0.00328,-0.00226,0.02882,-0.01927,0.36816,0.00000,0.00000,0.00000,
1630698557281531648,0.02316,-0.07060,0.20318,0.99360,0.10749,-0.03268,-0.01134,0.00547,-0.00419,-0.00241,0.02884,-0.01926,0.36817,0.00000,0.00000,0.00000,
1630698557348203008,0.02336,-0.06990,0.20337,0.99387,0.10514,-0.03225,-0.01140,0.00471,-0.00391,-0.00229,0.02885,-0.01927,0.36817,0.00000,0.00000,0.00000,
1630698557414874624,0.02349,-0.06932,0.20364,0.99409,0.10310,-0.03189,-0.01143,0.00442,-0.00368,-0.00188,0.02886,-0.01928,0.36819,0.00000,0.00000,0.00000,
1630698557481544960,0.02367,-0.06848,0.20398,0.99440,0.10030,-0.03137,-0.01146,0.00474,-0.00398,-0.00151,0.02886,-0.01929,0.36819,0.00000,0.00000,0.00000,
1630698557548216576,0.02386,-0.06731,0.20441,0.99467,0.09774,-0.03075,-0.01159,0.00398,-0.00344,-0.00136,0.02888,-0.01927,0.36819,0.00000,0.00000,0.00000,
1630698557614886912,0.02403,-0.06651,0.20473,0.99495,0.09501,-0.03021,-0.01164,0.00356,-0.00403,-0.00094,0.02888,-0.01927,0.36817,0.00000,0.00000,0.00000,
1630698557681558528,0.02456,-0.06582,0.20496,0.99531,0.09146,-0.02942,-0.01167,0.00408,-0.00389,-0.00104,0.02888,-0.01928,0.36816,0.00000,0.00000,0.00000,
1630698557748229120,0.02493,-0.06447,0.20549,0.99570,0.08735,-0.02855,-0.01173,0.00315,-0.00408,-0.00082,0.02887,-0.01928,0.36815,0.00000,0.00000,0.00000,
1630698557814900736,0.02510,-0.06276,0.20640,0.99604,0.08363,-0.02770,-0.01186,0.00277,-0.00348,-0.00067,0.02888,-0.01929,0.36815,0.00000,0.00000,0.00000,
1630698557881571072,0.02555,-0.06123,0.20733,0.99639,0.07968,-0.02676,-0.01196,0.00344,-0.00343,-0.00063,0.02888,-0.01928,0.36816,0.00000,0.00000,0.00000,
1630698557948242688,0.02624,-0.05984,0.20820,0.99685,0.07413,-0.02545,-0.01198,0.00175,-0.00313,-0.00055,0.02888,-0.01928,0.36816,0.00000,0.00000,0.00000,
1630698558014913024,0.02685,-0.05838,0.20941,0.99729,0.06842,-0.02410,-0.01199,0.00141,-0.00333,-0.00069,0.02885,-0.01929,0.36823,0.00000,0.00000,0.00000,
1630698558081584640,0.02741,-0.05727,0.21053,0.99754,0.06505,-0.02339,-0.01202,0.00110,-0.00248,-0.00105,0.02888,-0.01928,0.36817,0.00000,0.00000,0.00000,
1630698558148255232,0.02748,-0.05616,0.21190,0.99768,0.06288,-0.02298,-0.01205,0.00090,-0.00277,-0.00080,0.02888,-0.01927,0.36815,0.00000,0.00000,0.00000,
1630698558214926592,0.02752,-0.05384,0.21323,0.99804,0.05776,-0.02094,-0.01206,0.00204,-0.00303,-0.00020,0.02888,-0.01927,0.36814,0.00000,0.00000,0.00000,
1630698558281597440,0.02783,-0.05240,0.21446,0.99826,0.05416,-0.01982,-0.01208,0.00172,-0.00319,0.00004,0.02888,-0.01929,0.36812,0.00000,0.00000,0.00000,
1630698558348268800,0.02779,-0.05127,0.21548,0.99839,0.05194,-0.01915,-0.01207,0.00184,-0.00318,0.00038,0.02889,-0.01928,0.36814,0.00000,0.00000,0.00000,
1630698558414939392,0.02857,-0.05015,0.21562,0.99862,0.04785,-0.01789,-0.01208,0.00026,-0.00317,0.00014,0.02889,-0.01926,0.36814,0.00000,0.00000,0.00000,
1630698558481611008,0.02913,-0.04872,0.21638,0.99882,0.04395,-0.01651,-0.01209,0.00101,-0.00267,0.00016,0.02890,-0.01920,0.36815,0.00000,0.00000,0.00000,
1630698558548281600,0.02931,-0.04749,0.21706,0.99896,0.04112,-0.01547,-0.01209,0.00107,-0.00292,0.00039,0.02889,-0.01930,0.36813,0.00000,0.00000,0.00000,
1630698558614952960,0.02942,-0.04642,0.21731,0.99904,0.03942,-0.01490,-0.01213,-0.00060,-0.00142,0.00013,0.02884,-0.01934,0.36820,0.00000,0.00000,0.00000,
1630698558681623808,0.02966,-0.04588,0.21749,0.99910,0.03798,-0.01436,-0.01212,-0.00044,-0.00340,0.00032,0.02893,-0.01919,0.36813,0.00000,0.00000,0.00000,
1630698558748295424,0.03006,-0.04623,0.21751,0.99913,0.03740,-0.01411,-0.01213,-0.00031,-0.00473,0.00055,0.02891,-0.01921,0.36814,0.00000,0.00000,0.00000,
1630698558814967040,0.03004,-0.04608,0.21758,0.99914,0.03696,-0.01406,-0.01210,-0.00022,-0.00114,0.00024,0.02887,-0.01934,0.36813,0.00000,0.00000,0.00000,
1630698558881638144,0.03011,-0.04587,0.21749,0.99916,0.03653,-0.01409,-0.01208,-0.00107,-0.00199,0.00009,0.02884,-0.01922,0.36811,0.00000,0.00000,0.00000,
1630698558948309760,0.03007,-0.04544,0.21757,0.99917,0.03638,-0.01398,-0.01216,-0.00026,-0.00465,0.00046,0.02888,-0.01914,0.36808,0.00000,0.00000,0.00000,
1630698559014980352,0.02977,-0.04532,0.21788,0.99917,0.03634,-0.01401,-0.01215,0.00019,-0.00256,0.00099,0.02882,-0.01920,0.36814,0.00000,0.00000,0.00000,
1630698559081652224,0.03001,-0.04570,0.21773,0.99917,0.03625,-0.01413,-0.01206,0.00021,-0.00097,-0.00007,0.02891,-0.01913,0.36815,0.00000,0.00000,0.00000,
1630698559148322816,0.02996,-0.04563,0.21753,0.99918,0.03604,-0.01426,-0.01204,-0.00141,-0.00491,0.00043,0.02887,-0.01910,0.36808,0.00000,0.00000,0.00000,
1630698559214994432,0.02993,-0.04561,0.21773,0.99917,0.03612,-0.01431,-0.01205,0.00122,-0.00265,0.00022,0.02878,-0.01907,0.36811,0.00000,0.00000,0.00000,
1630698559281665280,0.03029,-0.04579,0.21743,0.99917,0.03609,-0.01428,-0.01204,0.00085,-0.00179,0.00092,0.02874,-0.01894,0.36819,0.00000,0.00000,0.00000,
1630698559348337152,0.03024,-0.04587,0.21730,0.99917,0.03607,-0.01447,-0.01205,-0.00155,-0.00286,0.00068,0.02877,-0.01890,0.36817,0.00000,0.00000,0.00000,
1630698559415007744,0.02996,-0.04561,0.21755,0.99917,0.03601,-0.01444,-0.01206,-0.00003,-0.00203,0.00045,0.02878,-0.01902,0.36823,0.00000,0.00000,0.00000,
1630698559481679616,0.02980,-0.04537,0.21772,0.99918,0.03579,-0.01430,-0.01207,0.00120,-0.00367,-0.00003,0.02874,-0.01906,0.36813,0.00000,0.00000,0.00000,
1630698559548350464,0.03009,-0.04502,0.21742,0.99919,0.03556,-0.01420,-0.01212,0.00019,-0.00280,0.00063,0.02868,-0.01900,0.36811,0.00000,0.00000,0.00000,
1630698559615022336,0.03009,-0.04522,0.21733,0.99919,0.03557,-0.01435,-0.01214,-0.00149,-0.00448,0.00062,0.02863,-0.01893,0.36810,0.00000,0.00000,0.00000,
1630698559681693440,0.02990,-0.04503,0.21744,0.99920,0.03540,-0.01430,-0.01221,-0.00223,-0.00286,0.00016,0.02861,-0.01890,0.36810,0.00000,0.00000,0.00000,
1630698559748365056,0.02948,-0.04485,0.21782,0.99920,0.03530,-0.01432,-0.01227,-0.00012,-0.00394,0.00027,0.02864,-0.01887,0.36808,0.00000,0.00000,0.00000,
1630698559815036160,0.02953,-0.04521,0.21777,0.99920,0.03529,-0.01441,-0.01224,0.00033,-0.00372,0.00076,0.02864,-0.01888,0.36807,0.00000,0.00000,0.00000,
1630698559881707008,0.02986,-0.04544,0.21736,0.99920,0.03527,-0.01454,-0.01226,-0.00055,-0.00365,0.00006,0.02869,-0.01885,0.36805,0.00000,0.00000,0.00000,
1630698559948376576,0.03007,-0.04564,0.21707,0.99919,0.03527,-0.01477,-0.01224,-0.00044,-0.00211,0.00007,0.02868,-0.01878,0.36808,0.00000,0.00000,0.00000,
1630698560015047424,0.02998,-0.04563,0.21709,0.99919,0.03537,-0.01494,-0.01226,0.00068,-0.00346,-0.00139,0.02867,-0.01878,0.36810,0.00000,0.00000,0.00000,
1630698560081718528,0.02979,-0.04543,0.21716,0.99919,0.03531,-0.01494,-0.01226,0.00002,-0.00236,0.00060,0.02875,-0.01893,0.36808,0.00000,0.00000,0.00000,
1630698560148388352,0.02959,-0.04509,0.21749,0.99920,0.03516,-0.01471,-0.01225,0.00117,-0.00347,0.00065,0.02874,-0.01912,0.36810,0.00000,0.00000,0.00000,
1630698560215058944,0.02977,-0.04526,0.21727,0.99920,0.03507,-0.01486,-0.01226,0.00074,-0.00543,0.00056,0.02869,-0.01912,0.36809,0.00000,0.00000,0.00000,
1630698560281729024,0.02998,-0.04534,0.21708,0.99920,0.03506,-0.01476,-0.01229,0.00043,-0.00606,-0.00101,0.02863,-0.01900,0.36814,0.00000,0.00000,0.00000,
1630698560348399616,0.03003,-0.04553,0.21723,0.99919,0.03526,-0.01470,-0.01237,0.00115,-0.00629,-0.00026,0.02868,-0.01896,0.36807,0.00000,0.00000,0.00000,
1630698560415069696,0.03024,-0.04581,0.21694,0.99919,0.03531,-0.01482,-0.01234,-0.00109,-0.00222,0.00076,0.02874,-0.01903,0.36807,0.00000,0.00000,0.00000,
1630698560481740544,0.03019,-0.04573,0.21691,0.99919,0.03531,-0.01494,-0.01234,-0.00016,-0.00168,-0.00098,0.02867,-0.01913,0.36808,0.00000,0.00000,0.00000,
1630698560548410112,0.03022,-0.04567,0.21685,0.99919,0.03528,-0.01490,-0.01234,0.00073,-0.00413,-0.00084,0.02856,-0.01909,0.36806,0.00000,0.00000,0.00000,
1630698560615080960,0.03014,-0.04577,0.21697,0.99918,0.03540,-0.01500,-0.01234,-0.00065,-0.00691,0.00054,0.02845,-0.01887,0.36808,0.00000,0.00000,0.00000,
1630698560681750784,0.03006,-0.04585,0.21697,0.99918,0.03551,-0.01503,-0.01236,-0.00252,-0.00328,-0.00022,0.02818,-0.01890,0.36810,0.00000,0.00000,0.00000,
1630698560748421376,0.02991,-0.04571,0.21699,0.99918,0.03544,-0.01504,-0.01227,-0.00142,-0.00107,-0.00020,0.02788,-0.01909,0.36809,0.00000,0.00000,0.00000,
1630698560815091456,0.02952,-0.04503,0.21698,0.99919,0.03540,-0.01507,-0.01206,-0.00484,-0.00334,0.00004,0.02761,-0.01909,0.36806,0.00000,0.00000,0.00000,
1630698560881762816,0.02907,-0.04517,0.21700,0.99918,0.03547,-0.01526,-0.01203,-0.00524,-0.00796,0.00013,0.02719,-0.01905,0.36808,0.00000,0.00000,0.00000,
1630698560948433152,0.02880,-0.04576,0.21714,0.99917,0.03569,-0.01534,-0.01195,-0.00527,-0.00467,-0.00064,0.02699,-0.01893,0.36806,0.00000,0.00000,0.00000,
1630698561015104768,0.02837,-0.04573,0.21713,0.99917,0.03577,-0.01534,-0.01191,-0.00708,-0.00361,-0.00042,0.02683,-0.01893,0.36804,0.00000,0.00000,0.00000,
1630698561081775104,0.02803,-0.04547,0.21723,0.99918,0.03555,-0.01503,-0.01217,-0.00383,0.00002,-0.00171,0.02666,-0.01885,0.36802,0.00000,0.00000,0.00000,
1630698561148446464,0.02791,-0.04538,0.21714,0.99919,0.03535,-0.01504,-0.01202,-0.00229,-0.00528,-0.00110,0.02661,-0.01871,0.36808,0.00000,0.00000,0.00000,
1630698561215117312,0.02807,-0.04563,0.21687,0.99918,0.03540,-0.01510,-0.01218,-0.00200,-0.00415,-0.00057,0.02662,-0.01882,0.36802,0.00000,0.00000,0.00000,
1630698561281788672,0.02772,-0.04548,0.21708,0.99919,0.03537,-0.01505,-0.01215,-0.00260,-0.00465,-0.00025,0.02663,-0.01874,0.36806,0.00000,0.00000,0.00000,
1630698561348459264,0.02767,-0.04534,0.21710,0.99919,0.03533,-0.01501,-0.01218,-0.00156,-0.00408,-0.00082,0.02667,-0.01868,0.36810,0.00000,0.00000,0.00000,
1630698561415130624,0.02797,-0.04546,0.21686,0.99919,0.03536,-0.01499,-0.01219,-0.00009,-0.00209,-0.00125,0.02663,-0.01885,0.36806,0.00000,0.00000,0.00000,
1630698561481802240,0.02778,-0.04546,0.21708,0.99919,0.03541,-0.01502,-0.01217,-0.00017,-0.00473,-0.00023,0.02663,-0.01881,0.36804,0.00000,0.00000,0.00000,
1630698561548472832,0.02784,-0.04547,0.21686,0.99918,0.03539,-0.01517,-0.01218,-0.00184,-0.00412,-0.00048,0.02666,-0.01864,0.36812,0.00000,0.00000,0.00000,
1630698561615144192,0.02777,-0.04551,0.21694,0.99918,0.03539,-0.01520,-0.01218,-0.00052,-0.00335,-0.00078,0.02663,-0.01871,0.36813,0.00000,0.00000,0.00000,
1630698561681814784,0.02775,-0.04545,0.21698,0.99918,0.03540,-0.01526,-0.01219,0.00042,-0.00359,-0.00090,0.02663,-0.01866,0.36813,0.00000,0.00000,0.00000,
1630698561748486400,0.02776,-0.04558,0.21688,0.99918,0.03542,-0.01538,-0.01219,-0.00047,-0.00549,-0.00107,0.02662,-0.01855,0.36811,0.00000,0.00000,0.00000,
1630698561815156992,0.02768,-0.04555,0.21690,0.99918,0.03544,-0.01550,-0.01218,-0.00079,-0.00271,-0.00044,0.02661,-0.01856,0.36812,0.00000,0.00000,0.00000,
1630698561881828608,0.02764,-0.04534,0.21690,0.99918,0.03525,-0.01553,-0.01219,-0.00046,-0.00245,-0.00148,0.02662,-0.01855,0.36815,0.00000,0.00000,0.00000,
1630698561948499200,0.02767,-0.04540,0.21682,0.99918,0.03520,-0.01574,-0.01219,-0.00044,-0.00456,-0.00090,0.02635,-0.01938,0.37146,0.00000,0.00000,0.00000,
1630698562015170816,0.02774,-0.04548,0.21667,0.99918,0.03512,-0.01596,-0.01220,-0.00118,-0.00367,-0.00051,0.02404,-0.02183,0.37967,0.00000,0.00000,0.00000,
1630698562081841408,0.02552,-0.04818,0.22377,0.99882,0.04355,-0.01741,-0.01251,-0.04392,-0.08937,0.18473,0.01884,-0.02082,0.38471,0.00000,0.00000,0.00000,
1630698562148513024,0.02348,-0.06087,0.23303,0.99805,0.05650,-0.01998,-0.01738,-0.10410,-0.07704,0.10111,0.01133,-0.02099,0.38628,0.00000,0.00000,0.00000,
1630698562215183616,0.02227,-0.05618,0.24036,0.99825,0.04880,-0.02692,-0.01951,-0.10679,-0.00925,0.06311,-0.00172,-0.01731,0.36802,0.00000,0.00000,0.00000,
1630698562281855488,0.02656,-0.05174,0.24057,0.99846,0.04775,-0.01940,-0.02039,-0.06091,0.06568,-0.06665,-0.00834,-0.00783,0.36325,0.00000,0.00000,0.00000,
1630698562348526592,0.01542,-0.04612,0.22814,0.99912,0.03683,0.00605,-0.01920,-0.07625,0.17672,-0.41378,-0.01104,-0.00199,0.37037,0.00000,0.00000,0.00000,
1630698562415198208,-0.01258,-0.05643,0.21512,0.99817,0.03863,0.04633,-0.00455,-0.14940,0.16347,-0.16644,-0.00774,0.01015,0.38304,0.00000,0.00000,0.00000,
1630698562481868800,-0.01661,-0.04721,0.21487,0.99675,0.04648,0.06582,0.00042,-0.05807,0.10736,0.10069,0.00238,0.03515,0.38970,0.00000,0.00000,0.00000,
1630698562548540416,-0.01733,-0.04170,0.23882,0.99379,0.10605,0.03347,-0.00295,0.03010,0.16948,0.24740,0.01244,0.05093,0.39547,0.00000,0.00000,0.00000,
1630698562615211264,-0.01227,-0.02894,0.25036,0.99383,0.10920,0.01562,-0.01126,0.08545,0.30994,0.12714,0.02499,0.06287,0.41465,0.00000,0.00000,0.00000,
1630698562681882880,-0.00562,-0.01347,0.25991,0.99271,0.11965,0.00484,-0.01393,0.12936,0.21511,0.15211,0.03379,0.06655,0.42110,0.00000,0.00000,0.00000,
1630698562748554752,0.00128,-0.00116,0.26785,0.99091,0.13314,-0.00215,-0.01892,0.10223,0.07365,0.21142,0.04235,0.06188,0.41651,0.00000,0.00000,0.00000,
1630698562815225344,0.02208,0.00629,0.29181,0.99017,0.13733,0.00791,-0.02547,0.17484,0.08858,0.18098,0.05169,0.04809,0.41010,0.00000,0.00000,0.00000,
1630698562881896704,0.03321,0.01497,0.30325,0.99179,0.12338,0.02443,-0.02301,0.15937,0.01170,0.01791,0.06198,0.03281,0.40520,0.00000,0.00000,0.00000,
1630698562948567040,0.03674,0.00419,0.29015,0.99149,0.12443,0.03215,-0.02099,0.13142,-0.06627,-0.16090,0.06898,0.02424,0.41256,0.00000,0.00000,0.00000,
1630698563015238400,0.04533,-0.00096,0.28087,0.98993,0.13277,0.04379,-0.02214,0.11920,-0.16016,-0.13766,0.07760,0.02075,0.41366,0.00000,0.00000,0.00000,
1630698563081908480,0.05430,-0.01041,0.27275,0.99026,0.12758,0.05027,-0.02431,0.13735,-0.16960,-0.15408,0.08291,0.02480,0.41072,0.00000,0.00000,0.00000,
1630698563148579840,0.06631,-0.02066,0.26819,0.99116,0.12027,0.05241,-0.01993,0.14704,-0.16424,0.06329,0.08841,0.03218,0.40755,0.00000,0.00000,0.00000,
1630698563215249920,0.07367,-0.03333,0.27133,0.99106,0.12535,0.03909,-0.02355,0.11581,-0.11585,0.03652,0.09609,0.03903,0.40515,0.00000,0.00000,0.00000,
1630698563281921280,0.08192,-0.03100,0.26957,0.99138,0.12278,0.03883,-0.02426,0.11743,0.03498,-0.03224,0.10242,0.04459,0.40880,0.00000,0.00000,0.00000,
1630698563348591616,0.08940,-0.02374,0.26580,0.99280,0.10841,0.04618,-0.02164,0.09728,0.11080,-0.03092,0.10658,0.04618,0.40952,0.00000,0.00000,0.00000,
1630698563415262976,0.09698,-0.02041,0.26509,0.99298,0.10674,0.04663,-0.02050,0.09836,0.09150,-0.00641,0.10849,0.04280,0.40777,0.00000,0.00000,0.00000,
1630698563481933312,0.10046,-0.01252,0.26020,0.99189,0.11581,0.04693,-0.02305,0.11890,0.03325,0.01691,0.10907,0.03956,0.40665,0.00000,0.00000,0.00000,
1630698563548604416,0.10696,-0.00724,0.26915,0.99242,0.11276,0.04440,-0.02053,0.09297,0.04637,0.12635,0.11154,0.03185,0.40448,0.00000,0.00000,0.00000,
1630698563615275008,0.11151,-0.00558,0.27276,0.99278,0.11107,0.04100,-0.01931,0.05143,-0.06047,0.05264,0.11513,0.02895,0.40813,0.00000,0.00000,0.00000,
1630698563681946368,0.11630,-0.00992,0.27005,0.99214,0.11576,0.04325,-0.01947,0.03007,-0.07470,0.01976,0.11842,0.02634,0.41120,0.00000,0.00000,0.00000,
1630698563748616448,0.11601,-0.01121,0.26836,0.99182,0.11820,0.04464,-0.01811,0.03105,-0.09547,0.02899,0.12423,0.02510,0.41033,0.00000,0.00000,0.00000,
1630698563815287808,0.12053,-0.01853,0.26352,0.99186,0.11692,0.04715,-0.01808,0.06326,-0.07431,0.01532,0.13372,0.03436,0.40385,0.00000,0.00000,0.00000,
1630698563881958144,0.12641,-0.02464,0.27134,0.99225,0.11411,0.04639,-0.01656,0.08840,-0.07152,0.13273,0.14405,0.04625,0.39890,0.00000,0.00000,0.00000,
1630698563948629760,0.12941,-0.03011,0.27234,0.99226,0.11669,0.03694,-0.02113,0.09332,-0.03321,0.03644,0.16007,0.05980,0.39289,0.00000,0.00000,0.00000,
1630698564015300352,0.13422,-0.02401,0.26994,0.99277,0.11047,0.04089,-0.02295,0.10127,0.09049,-0.00155,0.17414,0.07157,0.40129,0.00000,0.00000,0.00000,
1630698564081971968,0.14488,-0.01558,0.26596,0.99406,0.09548,0.04856,-0.01912,0.12924,0.20238,-0.01904,0.18749,0.07958,0.40493,0.00000,0.00000,0.00000,
1630698564148643328,0.15680,-0.00688,0.26350,0.99351,0.10077,0.04986,-0.01713,0.19305,0.21219,-0.00661,0.19646,0.08038,0.40432,0.00000,0.00000,0.00000,
1630698564215313664,0.17436,0.00991,0.25748,0.99221,0.10890,0.05775,-0.01787,0.24158,0.18020,0.11901,0.20956,0.07601,0.39915,0.00000,0.00000,0.00000,
1630698564281985280,0.18308,0.02425,0.27291,0.99474,0.09162,0.04131,-0.01966,0.20141,0.12316,0.18491,0.22043,0.06824,0.39861,0.00000,0.00000,0.00000,
1630698564348655616,0.19213,0.03069,0.27431,0.99566,0.08522,0.03114,-0.02062,0.17681,0.07192,0.04750,0.23205,0.06268,0.40085,0.00000,0.00000,0.00000,
1630698564415327232,0.20319,0.03040,0.27086,0.99334,0.10780,0.03448,-0.02158,0.14740,-0.00995,-0.04004,0.24578,0.05704,0.40305,0.00000,0.00000,0.00000,
1630698564481997824,0.21423,0.02697,0.26346,0.99096,0.12663,0.03966,-0.01975,0.14687,-0.08831,-0.04820,0.25477,0.05739,0.40157,0.00000,0.00000,0.00000,
1630698564548669440,0.22410,0.02376,0.25872,0.99188,0.11876,0.03981,-0.02200,0.18400,-0.05468,-0.01532,0.27022,0.06633,0.39629,0.00000,0.00000,0.00000,
1630698564615339776,0.23824,0.01780,0.26290,0.99253,0.11317,0.04125,-0.01937,0.17781,-0.07958,-0.02694,0.28972,0.07821,0.39173,0.00000,0.00000,0.00000,
1630698564682011392,0.25035,0.00899,0.26654,0.99210,0.11897,0.03349,-0.02156,0.18051,-0.05091,0.03606,0.30391,0.08619,0.39771,0.00000,0.00000,0.00000,
1630698564748681728,0.26255,0.01340,0.26488,0.99267,0.11325,0.03581,-0.02216,0.17976,0.07463,-0.04405,0.31622,0.09211,0.40006,0.00000,0.00000,0.00000,
1630698564815353600,0.27577,0.02029,0.26276,0.99368,0.10268,0.04054,-0.02032,0.19243,0.16249,-0.02441,0.32637,0.09206,0.39964,0.00000,0.00000,0.00000,
1630698564882024192,0.29084,0.02978,0.25856,0.99375,0.10054,0.04430,-0.01960,0.24877,0.15305,-0.01381,0.33435,0.08663,0.39558,0.00000,0.00000,0.00000,
1630698564948696064,0.30732,0.03941,0.26416,0.99345,0.10170,0.04581,-0.02477,0.22342,0.12048,0.16979,0.33793,0.08190,0.39435,0.00000,0.00000,0.00000,
1630698565015366912,0.31700,0.04948,0.26967,0.99482,0.09215,0.03591,-0.02367,0.18895,0.10111,0.07222,0.35010,0.07112,0.39693,0.00000,0.00000,0.00000,
1630698565082038528,0.32896,0.05165,0.27161,0.99487,0.09281,0.03137,-0.02520,0.15713,0.01825,0.00608,0.35821,0.06340,0.40013,0.00000,0.00000,0.00000,
1630698565148709376,0.34225,0.04992,0.26675,0.99263,0.11255,0.03708,-0.02535,0.13265,-0.04550,-0.06737,0.36457,0.06173,0.40049,0.00000,0.00000,0.00000,
1630698565215380992,0.34978,0.04564,0.26078,0.99168,0.11909,0.04053,-0.02746,0.13256,-0.11922,-0.05149,0.36972,0.06480,0.39795,0.00000,0.00000,0.00000,
1630698565282051840,0.36048,0.03805,0.26021,0.99168,0.11828,0.04470,-0.02425,0.15158,-0.05646,0.03047,0.37485,0.06997,0.39690,0.00000,0.00000,0.00000,
1630698565348723456,0.36713,0.03180,0.26284,0.99157,0.12158,0.03727,-0.02493,0.12127,-0.07225,0.02423,0.38234,0.07398,0.40049,0.00000,0.00000,0.00000,
1630698565415395328,0.37395,0.02407,0.26508,0.99132,0.12534,0.03080,-0.02489,0.11382,-0.02633,0.04909,0.38804,0.07703,0.39996,0.00000,0.00000,0.00000,
1630698565482066176,0.37997,0.02730,0.26372,0.99260,0.11444,0.03319,-0.02334,0.08821,0.05923,-0.00157,0.39278,0.07530,0.39971,0.00000,0.00000,0.00000,
1630698565548738048,0.38528,0.03164,0.25903,0.99366,0.10463,0.03499,-0.02164,0.07947,0.09066,0.02797,0.39616,0.07103,0.39741,0.00000,0.00000,0.00000,
1630698565615408640,0.39092,0.03571,0.25888,0.99337,0.10738,0.03501,-0.02133,0.10687,0.03677,0.05547,0.39941,0.06330,0.39498,0.00000,0.00000,0.00000,
1630698565682080512,0.39806,0.03935,0.26353,0.99334,0.10738,0.03484,-0.02289,0.09470,0.09160,0.06156,0.40433,0.05794,0.39778,0.00000,0.00000,0.00000,
1630698565748751360,0.40322,0.04274,0.26502,0.99390,0.10332,0.03139,-0.02246,0.08748,0.01250,0.02367,0.41063,0.05083,0.40390,0.00000,0.00000,0.00000,
1630698565815423232,0.40781,0.04054,0.26364,0.99358,0.10529,0.03302,-0.02500,0.06388,-0.02470,-0.00777,0.41745,0.04909,0.40292,0.00000,0.00000,0.00000,
1630698565882093312,0.41195,0.03776,0.26045,0.99293,0.11038,0.03614,-0.02460,0.05077,-0.08241,-0.02616,0.42463,0.05370,0.40013,0.00000,0.00000,0.00000,
1630698565948764928,0.41604,0.03085,0.25544,0.99208,0.11647,0.03995,-0.02481,0.07531,-0.09258,-0.06802,0.43300,0.06128,0.39720,0.00000,0.00000,0.00000,
1630698566015435008,0.42108,0.02366,0.25951,0.99201,0.11698,0.04243,-0.02090,0.08213,-0.12379,0.11059,0.44380,0.06773,0.39649,0.00000,0.00000,0.00000,
1630698566082106112,0.42497,0.01464,0.26361,0.99181,0.12159,0.03019,-0.02475,0.09213,-0.09140,0.03675,0.45341,0.07369,0.39954,0.00000,0.00000,0.00000,
1630698566148776192,0.43352,0.01691,0.26292,0.99180,0.12113,0.03080,-0.02662,0.10957,0.01534,-0.00330,0.46227,0.07524,0.40073,0.00000,0.00000,0.00000,
1630698566215447552,0.43924,0.02177,0.25994,0.99324,0.10829,0.03433,-0.02389,0.10986,0.09906,-0.01950,0.47156,0.07121,0.39804,0.00000,0.00000,0.00000,
1630698566282117632,0.44738,0.02928,0.25877,0.99372,0.10334,0.03696,-0.02188,0.13928,0.13820,-0.00449,0.47641,0.06508,0.39569,0.00000,0.00000,0.00000,
1630698566348788992,0.45602,0.03739,0.25439,0.99358,0.10323,0.04104,-0.02138,0.16262,0.06854,0.05105,0.48543,0.05313,0.39447,0.00000,0.00000,0.00000,
1630698566415459072,0.46529,0.04284,0.25948,0.99423,0.09947,0.03403,-0.02118,0.13982,0.07265,0.03785,0.49188,0.04362,0.40548,0.00000,0.00000,0.00000,
1630698566482130176,0.47694,0.04564,0.26410,0.99467,0.09631,0.03008,-0.02145,0.13617,-0.00555,0.02466,0.49859,0.03622,0.40834,0.00000,0.00000,0.00000,
1630698566548800512,0.48505,0.04389,0.26176,0.99408,0.10097,0.03364,-0.02202,0.11510,-0.04317,-0.04564,0.50635,0.03708,0.40619,0.00000,0.00000,0.00000,
1630698566615471616,0.49447,0.04042,0.25748,0.99316,0.10824,0.03818,-0.02142,0.11086,-0.11701,-0.07876,0.51146,0.04033,0.40413,0.00000,0.00000,0.00000,
1630698566682141696,0.50149,0.03228,0.24938,0.99210,0.11553,0.04406,-0.02100,0.12715,-0.13282,-0.01160,0.51556,0.04324,0.40454,0.00000,0.00000,0.00000,
1630698566748812800,0.51315,0.01724,0.25713,0.99177,0.12012,0.03960,-0.02013,0.13594,-0.20157,0.14887,0.52523,0.04770,0.40260,0.00000,0.00000,0.00000,
1630698566815484160,0.51784,0.00400,0.26240,0.99107,0.12877,0.02405,-0.02496,0.12696,-0.13390,0.00443,0.53324,0.04541,0.40110,0.00000,0.00000,0.00000,
1630698566882154496,0.52483,0.00554,0.26114,0.99179,0.12335,0.02469,-0.02309,0.10741,0.01021,-0.00874,0.53886,0.03954,0.39821,0.00000,0.00000,0.00000,
1630698566948825600,0.53077,0.00850,0.25909,0.99442,0.09975,0.02886,-0.01856,0.08738,0.04380,-0.01747,0.54428,0.02969,0.39449,0.00000,0.00000,0.00000,
1630698567015495680,0.53598,0.01187,0.25918,0.99439,0.10103,0.02716,-0.01585,0.09125,0.04863,0.04343,0.55428,0.01605,0.39168,0.00000,0.00000,0.00000,
1630698567082166784,0.54308,0.01610,0.25953,0.99357,0.10876,0.02878,-0.01252,0.12525,0.06551,0.02727,0.56115,0.00563,0.40069,0.00000,0.00000,0.00000,
1630698567148837376,0.54960,0.01966,0.25827,0.99396,0.10579,0.02681,-0.01130,0.10496,-0.00055,-0.02044,0.56594,-0.00195,0.40372,0.00000,0.00000,0.00000,
1630698567215508480,0.55663,0.01646,0.25646,0.99366,0.10784,0.02832,-0.01454,0.09435,-0.06529,-0.00779,0.57359,-0.00983,0.40520,0.00000,0.00000,0.00000,
1630698567282178560,0.56308,0.01204,0.25294,0.99275,0.11443,0.03372,-0.01465,0.08347,-0.10055,-0.06409,0.57656,-0.01349,0.40405,0.00000,0.00000,0.00000,
1630698567348849664,0.56946,0.00428,0.24655,0.99146,0.12344,0.03934,-0.01481,0.10659,-0.14938,-0.09181,0.57886,-0.01793,0.40742,0.00000,0.00000,0.00000,
1630698567415520000,0.57614,-0.00428,0.23707,0.99108,0.12451,0.04574,-0.01292,0.14132,-0.11728,-0.01190,0.58373,-0.02070,0.40108,0.00000,0.00000,0.00000,
1630698567482191360,0.58546,-0.01714,0.24502,0.99163,0.12289,0.03738,-0.01322,0.11693,-0.18339,0.11733,0.58829,-0.02732,0.39917,0.00000,0.00000,0.00000,
1630698567548861440,0.59150,-0.02894,0.24784,0.99091,0.13157,0.02370,-0.01489,0.10582,-0.14083,0.01469,0.59547,-0.03769,0.39464,0.00000,0.00000,0.00000,
1630698567615532544,0.59724,-0.03402,0.24855,0.99174,0.12615,0.01924,-0.01274,0.06696,-0.05307,0.01064,0.60476,-0.04779,0.39059,0.00000,0.00000,0.00000,
1630698567682202880,0.60137,-0.03597,0.24728,0.99463,0.10067,0.02085,-0.01153,0.03972,-0.03310,-0.01783,0.61776,-0.05695,0.39665,0.00000,0.00000,0.00000,
1630698567748873984,0.60341,-0.04065,0.24836,0.99430,0.10501,0.01505,-0.01103,0.01241,-0.05778,0.07591,0.62992,-0.06446,0.39987,0.00000,0.00000,0.00000,
1630698567815544064,0.60553,-0.04383,0.24998,0.99356,0.11114,0.01790,-0.01313,0.04543,-0.01036,-0.00964,0.63954,-0.06445,0.39893,0.00000,0.00000,0.00000,
1630698567882215168,0.60888,-0.04253,0.24507,0.99353,0.11083,0.02145,-0.01209,0.06077,-0.04684,-0.06244,0.64938,-0.05892,0.39542,0.00000,0.00000,0.00000,
1630698567948885504,0.61324,-0.04778,0.23974,0.99274,0.11625,0.02645,-0.01575,0.07303,-0.08871,-0.03805,0.66339,-0.05062,0.39406,0.00000,0.00000,0.00000,
1630698568015556608,0.61846,-0.05229,0.23559,0.99186,0.12240,0.03123,-0.01605,0.09103,-0.11064,-0.06920,0.67656,-0.04282,0.39692,0.00000,0.00000,0.00000,
1630698568082227712,0.62610,-0.06027,0.22853,0.99088,0.12844,0.03711,-0.01691,0.14863,-0.12806,-0.10643,0.68826,-0.03915,0.39796,0.00000,0.00000,0.00000,
1630698568148897792,0.63605,-0.06841,0.22777,0.99175,0.12014,0.04228,-0.01418,0.16643,-0.09399,0.07863,0.69521,-0.03975,0.39621,0.00000,0.00000,0.00000,
1630698568215568896,0.64551,-0.07548,0.23341,0.99268,0.11532,0.03211,-0.01618,0.14948,-0.10202,0.05425,0.70232,-0.04326,0.39528,0.00000,0.00000,0.00000,
1630698568282238976,0.65785,-0.08322,0.23698,0.99219,0.12085,0.02577,-0.01710,0.14973,-0.04069,0.05323,0.70865,-0.04215,0.39983,0.00000,0.00000,0.00000,
1630698568348910080,0.66802,-0.08015,0.23649,0.99313,0.11283,0.02685,-0.01579,0.14310,0.07487,-0.00182,0.71651,-0.04348,0.39840,0.00000,0.00000,0.00000,
1630698568415580160,0.67820,-0.07316,0.23384,0.99446,0.09949,0.03119,-0.01356,0.15008,0.12873,0.00122,0.72511,-0.03900,0.39714,0.00000,0.00000,0.00000,
1630698568482251520,0.68841,-0.06709,0.23410,0.99466,0.09678,0.03252,-0.01497,0.17822,0.06286,0.05640,0.73482,-0.03118,0.39236,0.00000,0.00000,0.00000,
1630698568548921600,0.70075,-0.06029,0.23976,0.99460,0.09755,0.03101,-0.01727,0.15509,0.11207,0.09063,0.74741,-0.02062,0.38734,0.00000,0.00000,0.00000,
1630698568615592704,0.70843,-0.05561,0.24099,0.99540,0.09058,0.02464,-0.01891,0.13912,0.04288,0.05012,0.76286,-0.01261,0.38751,0.00000,0.00000,0.00000,
1630698568682262784,0.71764,-0.05446,0.24121,0.99526,0.09189,0.02183,-0.02331,0.11128,0.01359,0.00503,0.78047,-0.00108,0.39267,0.00000,0.00000,0.00000,
1630698568748933888,0.72416,-0.05483,0.23907,0.99379,0.10603,0.02326,-0.02449,0.09077,-0.02758,-0.01261,0.79331,0.00255,0.39450,0.00000,0.00000,0.00000,
1630698568815603968,0.72987,-0.05590,0.23603,0.99370,0.10645,0.02185,-0.02724,0.09708,-0.02580,0.02327,0.80697,-0.00119,0.38958,0.00000,0.00000,0.00000,
1630698568882275072,0.73617,-0.05598,0.24355,0.99399,0.10521,0.02258,-0.02001,0.09276,-0.00534,0.06279,0.81715,-0.00827,0.38593,0.00000,0.00000,0.00000,
1630698568948945408,0.74139,-0.05905,0.24436,0.99382,0.10709,0.01924,-0.02193,0.10734,0.01856,-0.00361,0.83094,-0.01442,0.39023,0.00000,0.00000,0.00000,
1630698569015616512,0.75084,-0.05217,0.24217,0.99415,0.10420,0.02110,-0.01881,0.13535,0.11082,-0.01963,0.84097,-0.01928,0.39188,0.00000,0.00000,0.00000,
1630698569082286592,0.76059,-0.04363,0.23974,0.99498,0.09465,0.02776,-0.01692,0.15360,0.16335,-0.02166,0.85205,-0.02058,0.39188,0.00000,0.00000,0.00000,
1630698569148957696,0.77236,-0.03337,0.23775,0.99531,0.08963,0.03278,-0.01589,0.20508,0.18987,-0.04013,0.86963,-0.01187,0.38617,0.00000,0.00000,0.00000,
1630698569215628032,0.78573,-0.02360,0.23480,0.99426,0.09776,0.03887,-0.01932,0.22258,0.08946,0.09220,0.88377,-0.00447,0.38369,0.00000,0.00000,0.00000,
1630698569282299392,0.79888,-0.01485,0.24252,0.99513,0.09183,0.03066,-0.01856,0.21378,0.15161,0.07897,0.89978,0.00224,0.38943,0.00000,0.00000,0.00000,
1630698569348969472,0.81034,-0.00829,0.24478,0.99610,0.08304,0.02131,-0.02079,0.18423,0.07201,0.03375,0.91434,0.00563,0.38957,0.00000,0.00000,0.00000,
1630698569415640576,0.82128,-0.00659,0.24283,0.99471,0.09761,0.02301,-0.02214,0.16223,0.00425,-0.08299,0.92418,0.00294,0.38787,0.00000,0.00000,0.00000,
1630698569482311680,0.83267,-0.00946,0.23581,0.99204,0.12031,0.02976,-0.02235,0.16040,-0.06577,-0.09287,0.93300,-0.00416,0.38469,0.00000,0.00000,0.00000,
1630698569548982016,0.84318,-0.01466,0.23171,0.99220,0.11857,0.03101,-0.02275,0.18617,-0.04187,-0.01916,0.94762,-0.01350,0.38746,0.00000,0.00000,0.00000,
1630698569615653120,0.85568,-0.02002,0.23528,0.99296,0.11290,0.03085,-0.01830,0.15855,-0.08869,0.04150,0.95615,-0.02067,0.39237,0.00000,0.00000,0.00000,
1630698569682323200,0.86499,-0.02455,0.23724,0.99261,0.11787,0.02202,-0.01850,0.16382,-0.03726,0.03572,0.96628,-0.02434,0.39239,0.00000,0.00000,0.00000,
1630698569748994304,0.87676,-0.02268,0.23534,0.99291,0.11538,0.02232,-0.01797,0.16839,0.04739,-0.03501,0.97673,-0.02238,0.38981,0.00000,0.00000,0.00000,
1630698569815664640,0.88956,-0.01715,0.23302,0.99437,0.10127,0.02674,-0.01625,0.17972,0.12884,-0.03083,0.99089,-0.01478,0.38560,0.00000,0.00000,0.00000,
1630698569882335744,0.90210,-0.00862,0.23020,0.99454,0.09914,0.02865,-0.01537,0.21940,0.14744,-0.04162,1.00312,-0.01140,0.38913,0.00000,0.00000,0.00000,
1630698569949005568,0.91628,-0.00451,0.23463,0.99414,0.09973,0.03463,-0.02341,0.19174,0.07200,0.13782,1.01410,-0.00578,0.39238,0.00000,0.00000,0.00000,
1630698570015676672,0.92929,0.00162,0.24075,0.99480,0.09597,0.02635,-0.02159,0.18320,0.06684,0.02414,1.02739,-0.00630,0.39059,0.00000,0.00000,0.00000,
1630698570082347008,0.93704,0.00493,0.23970,0.99499,0.09373,0.02341,-0.02565,0.16113,-0.01687,0.01657,1.03652,-0.01266,0.38665,0.00000,0.00000,0.00000,
1630698570149018112,0.94885,0.00405,0.23654,0.99406,0.10230,0.02548,-0.02691,0.14697,-0.05261,-0.06651,1.04690,-0.02241,0.38077,0.00000,0.00000,0.00000,
1630698570215687936,0.95833,-0.00161,0.23164,0.99320,0.10935,0.02818,-0.02843,0.15849,-0.12212,-0.08120,1.05908,-0.02922,0.38153,0.00000,0.00000,0.00000,
1630698570282359040,0.96926,-0.00720,0.22787,0.99268,0.11364,0.03352,-0.02333,0.15483,-0.05342,0.07327,1.07216,-0.03606,0.38543,0.00000,0.00000,0.00000,
1630698570349029376,0.97911,-0.01353,0.23276,0.99273,0.11539,0.02595,-0.02222,0.15034,-0.09125,0.04845,1.08499,-0.03860,0.38556,0.00000,0.00000,0.00000,
1630698570415700224,0.98891,-0.02000,0.23503,0.99226,0.12065,0.01786,-0.02357,0.17233,-0.02738,-0.00657,1.09906,-0.03512,0.38104,0.00000,0.00000,0.00000,
1630698570482370304,0.99874,-0.01633,0.23195,0.99333,0.11119,0.02078,-0.02225,0.16245,0.08011,-0.04486,1.11496,-0.02687,0.37570,0.00000,0.00000,0.00000,
1630698570549041408,1.01074,-0.01061,0.22866,0.99459,0.09860,0.02473,-0.02115,0.17197,0.13116,-0.03913,1.13732,-0.01963,0.37715,0.00000,0.00000,0.00000,
1630698570615711488,1.02272,-0.00492,0.22727,0.99432,0.10138,0.02514,-0.02025,0.20236,0.10618,0.05888,1.15726,-0.00852,0.38523,0.00000,0.00000,0.00000,
1630698570682382592,1.03784,0.00162,0.23501,0.99413,0.10141,0.02706,-0.02639,0.17802,0.09974,0.10127,1.17455,-0.00671,0.38525,0.00000,0.00000,0.00000,
1630698570749053696,1.04675,0.00424,0.23673,0.99467,0.09814,0.02058,-0.02409,0.16932,0.04975,-0.01953,1.18631,-0.01298,0.38025,0.00000,0.00000,0.00000,
1630698570815723776,1.05566,0.00286,0.23288,0.99441,0.09962,0.02143,-0.02780,0.15242,-0.03384,-0.06750,1.20156,-0.02454,0.37759,0.00000,0.00000,0.00000,
1630698570882395136,1.06760,-0.00130,0.22703,0.99322,0.10925,0.02527,-0.03056,0.15588,-0.08855,-0.11689,1.21024,-0.02787,0.38251,0.00000,0.00000,0.00000,
1630698570949065216,1.07944,-0.00815,0.21835,0.99255,0.11308,0.03093,-0.03313,0.19873,-0.12122,-0.14217,1.22001,-0.03569,0.38925,0.00000,0.00000,0.00000,
1630698571015736320,1.09230,-0.01448,0.21937,0.99272,0.11093,0.03768,-0.02782,0.17932,-0.07572,0.09677,1.23379,-0.04086,0.38954,0.00000,0.00000,0.00000,
1630698571082406656,1.10231,-0.01946,0.22168,0.99263,0.11478,0.02670,-0.02827,0.19071,-0.05482,0.00217,1.24491,-0.03805,0.38671,0.00000,0.00000,0.00000,
1630698571149078016,1.11287,-0.02043,0.22259,0.99252,0.11667,0.02218,-0.02829,0.21678,0.01064,-0.02291,1.25980,-0.03143,0.38373,0.00000,0.00000,0.00000,
1630698571215748352,1.12674,-0.01415,0.21893,0.99400,0.10201,0.02850,-0.02746,0.21991,0.11777,-0.05897,1.27152,-0.02903,0.38997,0.00000,0.00000,0.00000,
1630698571282419456,1.14412,-0.00600,0.21589,0.99492,0.09149,0.03271,-0.02616,0.26022,0.16190,-0.04467,1.28274,-0.02353,0.39195,0.00000,0.00000,0.00000,
1630698571349089536,1.16164,0.00223,0.21217,0.99390,0.09826,0.03937,-0.03107,0.27434,0.05052,0.06750,1.29543,-0.02464,0.39112,0.00000,0.00000,0.00000,
1630698571415760896,1.18009,0.01206,0.22347,0.99461,0.09232,0.03289,-0.03376,0.25387,0.15043,0.14267,1.30437,-0.03112,0.38846,0.00000,0.00000,0.00000,
1630698571482431232,1.19482,0.01909,0.22900,0.99586,0.08196,0.02248,-0.03239,0.23158,0.08109,0.03103,1.31608,-0.04441,0.38344,0.00000,0.00000,0.00000,
1630698571549102592,1.20792,0.01984,0.22773,0.99506,0.09102,0.02212,-0.03284,0.20358,-0.01235,-0.05906,1.32539,-0.05230,0.38939,0.00000,0.00000,0.00000,
1630698571615772672,1.22042,0.01455,0.22268,0.99267,0.11271,0.02961,-0.03193,0.19964,-0.07685,-0.10353,1.33544,-0.06146,0.39382,0.00000,0.00000,0.00000,
1630698571682444032,1.23338,0.00730,0.21880,0.99260,0.11259,0.03156,-0.03284,0.20708,-0.12281,0.03042,1.34565,-0.06282,0.39284,0.00000,0.00000,0.00000,
1630698571749114368,1.24709,-0.00171,0.22363,0.99297,0.11094,0.03474,-0.02230,0.18437,-0.12061,0.09224,1.35322,-0.05936,0.38977,0.00000,0.00000,0.00000,
1630698571815785472,1.25365,-0.01142,0.22862,0.99288,0.11510,0.01841,-0.02473,0.17854,-0.09117,0.01290,1.36166,-0.05514,0.38997,0.00000,0.00000,0.00000,
1630698571882455808,1.26353,-0.01571,0.22949,0.99316,0.11301,0.01592,-0.02480,0.17021,-0.00947,-0.01684,1.37488,-0.05235,0.39144,0.00000,0.00000,0.00000,
1630698571949126912,1.27470,-0.01253,0.22786,0.99519,0.09278,0.02026,-0.02410,0.16633,0.07143,-0.03123,1.38322,-0.05408,0.39028,0.00000,0.00000,0.00000,
1630698572015797248,1.28690,-0.00729,0.22602,0.99558,0.08826,0.02163,-0.02363,0.18852,0.11149,-0.00970,1.39252,-0.06135,0.38685,0.00000,0.00000,0.00000,
1630698572082468608,1.29855,-0.00527,0.22838,0.99466,0.09526,0.02605,-0.02987,0.17287,-0.00422,0.14542,1.40097,-0.07151,0.38297,0.00000,0.00000,0.00000,
1630698572149139712,1.30913,-0.00034,0.23405,0.99524,0.09157,0.01853,-0.02756,0.17732,0.08280,0.02542,1.41168,-0.07857,0.38467,0.00000,0.00000,0.00000,
1630698572215809792,1.31989,0.00247,0.23574,0.99553,0.08908,0.01536,-0.02737,0.16101,-0.00991,0.00592,1.42059,-0.08534,0.39014,0.00000,0.00000,0.00000,
1630698572282481152,1.32945,0.00089,0.23251,0.99511,0.09285,0.01901,-0.02783,0.14743,-0.06309,-0.05078,1.43014,-0.08955,0.39129,0.00000,0.00000,0.00000,
1630698572349151488,1.33933,-0.00493,0.22748,0.99422,0.10062,0.02470,-0.02805,0.14818,-0.12813,-0.08953,1.44007,-0.08835,0.38912,0.00000,0.00000,0.00000,
1630698572415822848,1.35053,-0.01436,0.22243,0.99337,0.10790,0.02934,-0.02677,0.16982,-0.14197,0.01931,1.45085,-0.08245,0.38535,0.00000,0.00000,0.00000,
1630698572482492928,1.36527,-0.02928,0.23075,0.99325,0.11053,0.02692,-0.02245,0.15231,-0.16044,0.12865,1.46606,-0.07416,0.38415,0.00000,0.00000,0.00000,
1630698572549164032,1.37032,-0.03840,0.23199,0.99267,0.11765,0.01361,-0.02405,0.14787,-0.09237,0.00759,1.47698,-0.06823,0.38879,0.00000,0.00000,0.00000,
1630698572615834368,1.37812,-0.03654,0.23031,0.99329,0.11293,0.01302,-0.02131,0.12802,0.01109,-0.00036,1.48901,-0.06392,0.38876,0.00000,0.00000,0.00000,
1630698572682505728,1.38537,-0.03393,0.22767,0.99547,0.09160,0.01660,-0.01956,0.11454,0.06879,-0.03679,1.49669,-0.06549,0.38680,0.00000,0.00000,0.00000,
1630698572749176064,1.39325,-0.02964,0.22701,0.99560,0.09063,0.01618,-0.01746,0.13114,0.07824,0.01503,1.50287,-0.07037,0.38462,0.00000,0.00000,0.00000,
1630698572815847168,1.40233,-0.02779,0.23005,0.99485,0.09769,0.01861,-0.01944,0.13641,0.05492,0.06031,1.51123,-0.07356,0.38780,0.00000,0.00000,0.00000,
1630698572882517248,1.41080,-0.02508,0.22968,0.99506,0.09638,0.01575,-0.01786,0.13068,0.02094,-0.03289,1.51835,-0.07705,0.38976,0.00000,0.00000,0.00000,
1630698572949188352,1.41823,-0.02660,0.22690,0.99486,0.09778,0.01669,-0.02044,0.12438,-0.05224,-0.02867,1.52350,-0.07624,0.38927,0.00000,0.00000,0.00000,
1630698573015858688,1.42716,-0.03011,0.22325,0.99421,0.10336,0.02023,-0.02116,0.12138,-0.09429,-0.08006,1.53257,-0.07024,0.38531,0.00000,0.00000,0.00000,
1630698573082529792,1.43639,-0.03790,0.21707,0.99330,0.11078,0.02480,-0.02172,0.15488,-0.14480,-0.11657,1.54049,-0.06161,0.38235,0.00000,0.00000,0.00000,
1630698573149199872,1.44405,-0.04390,0.21076,0.99301,0.11259,0.02992,-0.01872,0.15297,-0.06105,0.06752,1.55132,-0.05464,0.38089,0.00000,0.00000,0.00000,
1630698573215870976,1.45395,-0.05138,0.21566,0.99362,0.10911,0.02281,-0.01715,0.13790,-0.10288,0.02482,1.56412,-0.04404,0.38661,0.00000,0.00000,0.00000,
1630698573282541312,1.46554,-0.05842,0.21892,0.99318,0.11413,0.01551,-0.01783,0.15572,-0.04854,0.00471,1.57359,-0.03860,0.38853,0.00000,0.00000,0.00000,
1630698573349212416,1.47386,-0.05468,0.21561,0.99392,0.10745,0.01691,-0.01702,0.14450,0.06236,-0.05646,1.58331,-0.03797,0.38785,0.00000,0.00000,0.00000,
1630698573415882240,1.48735,-0.05041,0.21372,0.99522,0.09402,0.02155,-0.01531,0.16368,0.12498,-0.04944,1.58908,-0.04094,0.38531,0.00000,0.00000,0.00000,
1630698573482553600,1.49899,-0.04344,0.21149,0.99533,0.09235,0.02415,-0.01422,0.17773,0.07239,0.07336,1.59477,-0.04144,0.38966,0.00000,0.00000,0.00000,
1630698573549224704,1.51067,-0.03587,0.21839,0.99529,0.09128,0.02561,-0.02049,0.15772,0.11250,0.09374,1.60189,-0.04361,0.39125,0.00000,0.00000,0.00000,
1630698573615894784,1.51827,-0.03177,0.22002,0.99586,0.08719,0.01657,-0.01972,0.14402,0.05831,-0.00961,1.60945,-0.04126,0.39045,0.00000,0.00000,0.00000,
1630698573682565888,1.52614,-0.03057,0.21797,0.99594,0.08519,0.01487,-0.02488,0.11335,0.00278,-0.04625,1.62037,-0.03276,0.38508,0.00000,0.00000,0.00000,
1630698573749236224,1.53587,-0.03247,0.21625,0.99473,0.09721,0.01702,-0.02781,0.09484,-0.05156,-0.05340,1.63497,-0.01988,0.37930,0.00000,0.00000,0.00000,
1630698573815907328,1.54140,-0.03574,0.21288,0.99422,0.10118,0.01818,-0.03109,0.10299,-0.07772,-0.05232,1.64903,-0.01178,0.38090,0.00000,0.00000,0.00000,
1630698573882577408,1.54843,-0.03929,0.21851,0.99443,0.10018,0.02122,-0.02512,0.09698,-0.02140,0.07829,1.66172,-0.00110,0.38668,0.00000,0.00000,0.00000,
1630698573949248512,1.55254,-0.03929,0.21893,0.99446,0.10089,0.01346,-0.02626,0.09726,-0.02557,-0.04498,1.67638,0.00574,0.38857,0.00000,0.00000,0.00000,
1630698574015918848,1.56001,-0.03925,0.21833,0.99435,0.10294,0.01236,-0.02298,0.10931,0.05789,-0.00264,1.68863,0.00446,0.38479,0.00000,0.00000,0.00000,
1630698574082589952,1.56800,-0.03171,0.21576,0.99529,0.09288,0.01927,-0.01995,0.10299,0.10783,-0.04239,1.69983,-0.00248,0.38244,0.00000,0.00000,0.00000,
1630698574149260032,1.57528,-0.02599,0.21438,0.99582,0.08636,0.02326,-0.01831,0.12473,0.13952,-0.01465,1.71242,-0.00602,0.38646,0.00000,0.00000,0.00000,
1630698574215931136,1.58438,-0.01611,0.21229,0.99504,0.09334,0.02810,-0.01973,0.16691,0.07818,0.01849,1.72206,-0.01150,0.38838,0.00000,0.00000,0.00000,
1630698574282601472,1.59611,-0.00709,0.21907,0.99542,0.09002,0.02416,-0.02126,0.15540,0.14410,0.09085,1.73757,-0.01107,0.38546,0.00000,0.00000,0.00000,
1630698574349272576,1.60437,-0.00038,0.22345,0.99638,0.08076,0.01533,-0.02147,0.14296,0.07163,0.04669,1.75465,-0.00092,0.37997,0.00000,0.00000,0.00000,
1630698574415942656,1.61254,0.00156,0.22429,0.99637,0.08044,0.01318,-0.02447,0.11572,0.02718,-0.01117,1.77223,0.00951,0.37434,0.00000,0.00000,0.00000,
1630698574482613760,1.61869,0.00028,0.22202,0.99487,0.09668,0.01684,-0.02461,0.08903,-0.02357,-0.04943,1.79297,0.02000,0.38256,0.00000,0.00000,0.00000,
1630698574549284096,1.62536,-0.00141,0.21877,0.99446,0.10015,0.01752,-0.02681,0.08563,-0.03318,0.06109,1.80834,0.02840,0.38548,0.00000,0.00000,0.00000,
1630698574615955200,1.63051,-0.00268,0.22524,0.99480,0.09847,0.01570,-0.02094,0.08712,-0.03149,0.03379,1.82523,0.02639,0.38309,0.00000,0.00000,0.00000,
1630698574682625280,1.63591,-0.00583,0.22588,0.99456,0.10072,0.01125,-0.02395,0.09286,-0.01642,-0.01094,1.84120,0.01608,0.37699,0.00000,0.00000,0.00000,
1630698574749296384,1.64419,-0.00018,0.22538,0.99479,0.09877,0.01337,-0.02122,0.11161,0.08149,-0.01213,1.85482,0.00625,0.37604,0.00000,0.00000,0.00000,
1630698574815967488,1.65268,0.00713,0.22302,0.99566,0.08867,0.02066,-0.01936,0.12253,0.12561,-0.01576,1.86613,-0.00159,0.38355,0.00000,0.00000,0.00000,
1630698574882637824,1.66180,0.01512,0.22144,0.99585,0.08550,0.02479,-0.01900,0.16724,0.15967,-0.02132,1.87891,-0.01198,0.38867,0.00000,0.00000,0.00000,
1630698574949309184,1.67636,0.02555,0.21998,0.99484,0.09436,0.03177,-0.01971,0.20408,0.09843,0.07145,1.88775,-0.01502,0.38810,0.00000,0.00000,0.00000,
1630698575015979264,1.69020,0.03532,0.22949,0.99556,0.08781,0.02538,-0.02228,0.18551,0.15509,0.12714,1.89806,-0.01278,0.38506,0.00000,0.00000,0.00000,
1630698575082650624,1.70091,0.04254,0.23494,0.99652,0.07934,0.01483,-0.02103,0.17095,0.09247,0.05315,1.90577,-0.01238,0.38738,0.00000,0.00000,0.00000,
1630698575149320960,1.71145,0.04520,0.23520,0.99575,0.08809,0.01551,-0.02195,0.14674,0.02441,-0.02395,1.91490,-0.01082,0.39108,0.00000,0.00000,0.00000,
1630698575215992320,1.72085,0.04234,0.23115,0.99343,0.11083,0.02127,-0.01900,0.12972,-0.03465,-0.05907,1.92423,-0.01309,0.39012,0.00000,0.00000,0.00000,
1630698575282662400,1.73007,0.03846,0.22832,0.99333,0.11127,0.02107,-0.02164,0.14399,-0.08901,-0.02978,1.93155,-0.01847,0.38729,0.00000,0.00000,0.00000,
1630698575349333760,1.73943,0.03687,0.23102,0.99433,0.10219,0.02511,-0.01516,0.13670,-0.05760,0.08977,1.93932,-0.02845,0.38329,0.00000,0.00000,0.00000,
1630698575416003840,1.74851,0.03140,0.23394,0.99396,0.10713,0.01615,-0.01733,0.14767,-0.07273,0.01372,1.95149,-0.04026,0.38348,0.00000,0.00000,0.00000,
1630698575482675200,1.75941,0.02849,0.23368,0.99375,0.10923,0.01250,-0.01937,0.17926,0.00455,-0.01055,1.96009,-0.05048,0.39459,0.00000,0.00000,0.00000,
1630698575549345536,1.77300,0.03539,0.23085,0.99493,0.09671,0.02092,-0.01815,0.18389,0.12799,-0.03411,1.96844,-0.05866,0.39707,0.00000,0.00000,0.00000,
1630698575616016896,1.78523,0.04177,0.22812,0.99553,0.08980,0.02383,-0.01696,0.21183,0.15804,-0.02292,1.97741,-0.05972,0.39560,0.00000,0.00000,0.00000,
1630698575682686976,1.80180,0.05412,0.22385,0.99434,0.10064,0.02916,-0.01765,0.26522,0.12700,0.01880,1.98767,-0.05441,0.39101,0.00000,0.00000,0.00000,
1630698575749358336,1.81962,0.06360,0.23402,0.99494,0.09402,0.02629,-0.02389,0.23445,0.14481,0.16442,1.99757,-0.04822,0.38949,0.00000,0.00000,0.00000,
1630698575816028672,1.83035,0.07067,0.24056,0.99613,0.08410,0.01429,-0.02102,0.21600,0.08861,0.02304,2.00808,-0.04342,0.39102,0.00000,0.00000,0.00000,
1630698575882700032,1.84430,0.07048,0.23960,0.99560,0.08979,0.01368,-0.02295,0.18971,-0.03628,-0.03493,2.01994,-0.04145,0.39141,0.00000,0.00000,0.00000,
1630698575949370112,1.85898,0.06481,0.23383,0.99316,0.11241,0.02247,-0.02218,0.19015,-0.09176,-0.11016,2.02961,-0.04543,0.38910,0.00000,0.00000,0.00000,
1630698576016041216,1.87235,0.05880,0.22629,0.99229,0.11866,0.02730,-0.02303,0.21622,-0.15446,-0.12299,2.04093,-0.05929,0.38334,0.00000,0.00000,0.00000,
1630698576082712320,1.88715,0.05216,0.22705,0.99281,0.11438,0.03221,-0.01419,0.17515,-0.11927,0.15833,2.05305,-0.07437,0.37631,0.00000,0.00000,0.00000,
1630698576149382656,1.89756,0.04197,0.23449,0.99271,0.11829,0.01653,-0.01642,0.15466,-0.15365,0.08934,2.06867,-0.08855,0.38431,0.00000,0.00000,0.00000,
1630698576216053760,1.90709,0.03526,0.23642,0.99191,0.12567,0.00751,-0.01627,0.14423,-0.08526,0.02106,2.08359,-0.10154,0.39030,0.00000,0.00000,0.00000,
1630698576282723840,1.91694,0.03306,0.23573,0.99374,0.11026,0.00916,-0.01558,0.11190,0.00321,-0.00247,2.09851,-0.10594,0.38967,0.00000,0.00000,0.00000,
1630698576349394944,1.92494,0.03643,0.23319,0.99572,0.09003,0.01442,-0.01527,0.10409,0.03346,0.00772,2.11018,-0.10301,0.38641,0.00000,0.00000,0.00000,
1630698576416065280,1.93265,0.03695,0.23466,0.99526,0.09512,0.01136,-0.01690,0.11456,-0.03345,0.06312,2.12893,-0.09862,0.38693,0.00000,0.00000,0.00000,
1630698576482736384,1.94172,0.03845,0.24113,0.99447,0.10222,0.01261,-0.02070,0.10640,0.05126,0.06325,2.14332,-0.09395,0.38874,0.00000,0.00000,0.00000,
1630698576549406464,1.94804,0.03920,0.24047,0.99457,0.10176,0.01147,-0.01877,0.10600,-0.02191,0.01844,2.15354,-0.09523,0.38857,0.00000,0.00000,0.00000,
1630698576616077568,1.95585,0.03571,0.23759,0.99412,0.10521,0.01574,-0.02024,0.10553,-0.05060,-0.03559,2.16317,-0.10085,0.38569,0.00000,0.00000,0.00000,
1630698576682747904,1.96305,0.03113,0.23348,0.99322,0.11272,0.02137,-0.01865,0.11274,-0.11387,-0.06536,2.17251,-0.11193,0.38163,0.00000,0.00000,0.00000,
1630698576749419264,1.97204,0.02253,0.22689,0.99246,0.11795,0.02781,-0.01813,0.14794,-0.14522,-0.11085,2.18444,-0.12470,0.37771,0.00000,0.00000,0.00000,
1630698576816089344,1.98238,0.01442,0.22677,0.99299,0.11371,0.02960,-0.01302,0.15119,-0.16153,0.12146,2.19825,-0.13550,0.38381,0.00000,0.00000,0.00000,
1630698576882760448,1.99297,0.00242,0.23694,0.99322,0.11416,0.01399,-0.01717,0.13694,-0.15169,0.11154,2.21214,-0.14480,0.38614,0.00000,0.00000,0.00000,
1630698576949430784,1.99929,-0.00427,0.23665,0.99240,0.12150,0.00484,-0.01867,0.13242,-0.05518,-0.02064,2.22369,-0.14581,0.38387,0.00000,0.00000,0.00000,
1630698577016101888,2.00819,-0.00326,0.23448,0.99461,0.10202,0.00697,-0.01717,0.11845,0.05728,-0.03720,2.23513,-0.14147,0.37885,0.00000,0.00000,0.00000,
1630698577082771968,2.01755,0.00048,0.23041,0.99607,0.08622,0.01327,-0.01563,0.10979,0.09688,-0.00103,2.25111,-0.13497,0.37755,0.00000,0.00000,0.00000,
1630698577149443072,2.02695,0.00575,0.23056,0.99534,0.09494,0.01047,-0.01322,0.16534,0.11599,-0.00990,2.26208,-0.13070,0.38414,0.00000,0.00000,0.00000,
1630698577216113408,2.03802,0.00986,0.23251,0.99480,0.09964,0.01474,-0.01494,0.14099,0.09285,0.04083,2.27456,-0.12530,0.38422,0.00000,0.00000,0.00000,
1630698577282784768,2.04638,0.01488,0.23440,0.99532,0.09470,0.00982,-0.01637,0.13310,0.01073,0.02398,2.28464,-0.12833,0.38300,0.00000,0.00000,0.00000,
1630698577349454848,2.05616,0.01291,0.23260,0.99514,0.09611,0.01107,-0.01818,0.13955,-0.04561,-0.06096,2.29142,-0.13497,0.38083,0.00000,0.00000,0.00000,
1630698577416125952,2.06543,0.00695,0.22717,0.99420,0.10442,0.01866,-0.01775,0.13350,-0.13848,-0.09926,2.30148,-0.14380,0.37959,0.00000,0.00000,0.00000,
1630698577482797056,2.07558,-0.00238,0.21931,0.99284,0.11530,0.02624,-0.01700,0.17617,-0.18443,-0.16497,2.30780,-0.14862,0.38512,0.00000,0.00000,0.00000,
1630698577549467392,2.08952,-0.01506,0.21005,0.99213,0.11908,0.03597,-0.01442,0.20796,-0.12760,-0.00044,2.31462,-0.15310,0.38574,0.00000,0.00000,0.00000,
1630698577616138496,2.10333,-0.02796,0.21567,0.99274,0.11652,0.02701,-0.01247,0.18261,-0.19244,0.10571,2.32271,-0.15261,0.38528,0.00000,0.00000,0.00000,
1630698577682808576,2.11560,-0.03902,0.21827,0.99238,0.12156,0.01308,-0.01533,0.18800,-0.12237,0.01170,2.33076,-0.14830,0.38200,0.00000,0.00000,0.00000,
1630698577749479936,2.12758,-0.04364,0.21747,0.99289,0.11786,0.00941,-0.01407,0.16320,-0.01136,0.00509,2.34288,-0.13877,0.37769,0.00000,0.00000,0.00000,
1630698577816150272,2.13882,-0.04164,0.21467,0.99528,0.09516,0.01271,-0.01415,0.15707,0.07104,-0.03585,2.35338,-0.13523,0.38236,0.00000,0.00000,0.00000,
1630698577882821376,2.15079,-0.03579,0.21276,0.99597,0.08752,0.01470,-0.01258,0.18056,0.11545,-0.00995,2.36299,-0.12765,0.38459,0.00000,0.00000,0.00000,
1630698577949491456,2.16212,-0.03446,0.21428,0.99522,0.09378,0.01830,-0.02015,0.16399,-0.02618,0.09177,2.37365,-0.12695,0.38484,0.00000,0.00000,0.00000,
1630698578016162560,2.17283,-0.03101,0.21695,0.99507,0.09631,0.01487,-0.01820,0.15691,0.06098,-0.01262,2.38061,-0.12983,0.38257,0.00000,0.00000,0.00000,
1630698578082832896,2.18336,-0.03004,0.21826,0.99518,0.09494,0.01232,-0.02132,0.14582,-0.03802,-0.00048,2.38625,-0.13739,0.38083,0.00000,0.00000,0.00000,
1630698578149504000,2.19307,-0.03327,0.21495,0.99463,0.09978,0.01470,-0.02310,0.13609,-0.06928,-0.07973,2.39338,-0.14340,0.38050,0.00000,0.00000,0.00000,
1630698578216174080,2.20290,-0.04121,0.20891,0.99346,0.10963,0.02008,-0.02473,0.15361,-0.15435,-0.09876,2.39864,-0.14697,0.38575,0.00000,0.00000,0.00000,
1630698578282845184,2.21431,-0.05143,0.20081,0.99290,0.11287,0.02728,-0.02561,0.18107,-0.15625,0.00195,2.40717,-0.15228,0.38666,0.00000,0.00000,0.00000,
1630698578349515264,2.22810,-0.06139,0.20187,0.99284,0.11446,0.02934,-0.01730,0.16978,-0.14643,0.03911,2.41757,-0.14951,0.38385,0.00000,0.00000,0.00000,
1630698578416186368,2.23686,-0.06937,0.20406,0.99245,0.12032,0.01457,-0.01868,0.16987,-0.10368,-0.01170,2.42737,-0.14247,0.38051,0.00000,0.00000,0.00000,
1630698578482856448,2.24939,-0.07422,0.20290,0.99256,0.11995,0.01138,-0.01764,0.16607,-0.02618,-0.02015,2.44313,-0.13337,0.37810,0.00000,0.00000,0.00000,
1630698578549527552,2.26094,-0.07271,0.19933,0.99507,0.09598,0.01744,-0.01773,0.15590,0.07477,-0.05322,2.45702,-0.12476,0.38415,0.00000,0.00000,0.00000,
1630698578616197888,2.27212,-0.06604,0.19672,0.99598,0.08518,0.02170,-0.01699,0.17260,0.12876,-0.02278,2.46810,-0.12171,0.38455,0.00000,0.00000,0.00000,
1630698578682868992,2.28487,-0.06249,0.19759,0.99516,0.09234,0.02567,-0.02156,0.16671,-0.01342,0.07725,2.48118,-0.12437,0.38080,0.00000,0.00000,0.00000,
1630698578749540096,2.29556,-0.05581,0.20452,0.99509,0.09341,0.02108,-0.02489,0.14958,0.14353,0.06596,2.49464,-0.13499,0.37700,0.00000,0.00000,0.00000,
1630698578816210176,2.30375,-0.05208,0.20483,0.99548,0.09000,0.01573,-0.02595,0.13718,0.02792,-0.01414,2.50782,-0.14238,0.37650,0.00000,0.00000,0.00000,
1630698578882881280,2.31250,-0.05243,0.20370,0.99526,0.09111,0.01484,-0.03049,0.11026,-0.02407,-0.03807,2.51942,-0.14958,0.38497,0.00000,0.00000,0.00000,
1630698578949551616,2.32015,-0.05617,0.20099,0.99454,0.09785,0.01614,-0.03253,0.10779,-0.07789,-0.06888,2.53213,-0.15570,0.38743,0.00000,0.00000,0.00000,
1630698579016222720,2.32766,-0.06193,0.19596,0.99390,0.10299,0.01997,-0.03408,0.12670,-0.08998,-0.08264,2.55061,-0.15295,0.38322,0.00000,0.00000,0.00000,
1630698579082892800,2.33538,-0.06730,0.19857,0.99379,0.10520,0.02588,-0.02545,0.10682,-0.05481,0.09846,2.57112,-0.14142,0.37563,0.00000,0.00000,0.00000,
1630698579149563904,2.34190,-0.07360,0.20114,0.99356,0.10892,0.01516,-0.02728,0.10346,-0.07234,-0.00085,2.59101,-0.13170,0.37044,0.00000,0.00000,0.00000,
1630698579216233984,2.35002,-0.07661,0.19984,0.99350,0.11031,0.01160,-0.02559,0.12376,0.00617,0.00140,2.60825,-0.12103,0.37900,0.00000,0.00000,0.00000,
1630698579282905088,2.35823,-0.07422,0.19791,0.99452,0.10086,0.01535,-0.02289,0.11602,0.07473,-0.04128,2.62478,-0.11120,0.38348,0.00000,0.00000,0.00000,
1630698579349575168,2.36688,-0.06816,0.19662,0.99517,0.09394,0.01881,-0.02151,0.12723,0.13187,-0.01009,2.63906,-0.10922,0.38264,0.00000,0.00000,0.00000,
1630698579416246528,2.37740,-0.06018,0.19527,0.99496,0.09575,0.02161,-0.02045,0.16237,0.09988,0.06252,2.65544,-0.11434,0.37686,0.00000,0.00000,0.00000,
1630698579482916608,2.38855,-0.05455,0.20078,0.99494,0.09357,0.02384,-0.02775,0.14255,0.11614,0.11552,2.67316,-0.12479,0.37402,0.00000,0.00000,0.00000,
1630698579549587712,2.39600,-0.04922,0.20421,0.99542,0.09128,0.01538,-0.02406,0.13261,0.07594,-0.00302,2.68761,-0.13000,0.37748,0.00000,0.00000,0.00000,
1630698579616257792,2.40387,-0.04846,0.20442,0.99556,0.08866,0.01301,-0.02878,0.11068,-0.00706,0.02278,2.69759,-0.13512,0.37954,0.00000,0.00000,0.00000,
1630698579682928896,2.41217,-0.04962,0.20264,0.99510,0.09292,0.01513,-0.03025,0.09288,-0.05188,-0.05094,2.71748,-0.13683,0.37869,0.00000,0.00000,0.00000,
1630698579749598976,2.41797,-0.05488,0.19932,0.99449,0.09789,0.01745,-0.03312,0.09861,-0.10205,-0.06530,2.73485,-0.12936,0.37191,0.00000,0.00000,0.00000,
1630698579816270080,2.42519,-0.05982,0.19312,0.99366,0.10560,0.02369,-0.03028,0.10741,-0.03613,0.01893,2.75577,-0.11615,0.36335,0.00000,0.00000,0.00000,
1630698579882940416,2.43215,-0.06744,0.19920,0.99382,0.10683,0.02060,-0.02200,0.08897,-0.09390,0.05746,2.78031,-0.10409,0.35618,0.00000,0.00000,0.00000,
1630698579949611776,2.43623,-0.07382,0.19933,0.99332,0.11208,0.01135,-0.02486,0.11365,-0.05210,0.00521,2.80169,-0.09050,0.36611,0.00000,0.00000,0.00000,
1630698580016282112,2.44436,-0.07057,0.19802,0.99377,0.10800,0.01441,-0.02351,0.12321,0.04468,-0.02909,2.82061,-0.07748,0.37670,0.00000,0.00000,0.00000,
1630698580082953472,2.45247,-0.06638,0.19698,0.99480,0.09767,0.01818,-0.02234,0.13227,0.11792,-0.02609,2.83837,-0.07141,0.37775,0.00000,0.00000,0.00000,
1630698580149624832,2.46239,-0.05863,0.19552,0.99519,0.09327,0.02110,-0.02140,0.17687,0.15410,-0.03706,2.85881,-0.06998,0.37530,0.00000,0.00000,0.00000,
1630698580216295168,2.47281,-0.05164,0.19483,0.99469,0.09585,0.02832,-0.02452,0.15939,0.03353,0.09283,2.87616,-0.07405,0.37359,0.00000,0.00000,0.00000,
1630698580282966528,2.48307,-0.04481,0.20098,0.99535,0.09128,0.01993,-0.02339,0.15162,0.11163,0.06698,2.89413,-0.07866,0.37420,0.00000,0.00000,0.00000,
1630698580349637120,2.49303,-0.04100,0.20317,0.99580,0.08727,0.01552,-0.02292,0.14954,0.01874,0.01864,2.91263,-0.08940,0.38149,0.00000,0.00000,0.00000,
1630698580416308480,2.50332,-0.04058,0.20180,0.99507,0.09471,0.01952,-0.02208,0.14772,-0.01625,-0.06347,2.92875,-0.09292,0.38127,0.00000,0.00000,0.00000,
1630698580482979072,2.51326,-0.04460,0.19697,0.99391,0.10523,0.02571,-0.02032,0.14793,-0.11504,-0.07659,2.94564,-0.08779,0.37619,0.00000,0.00000,0.00000,
1630698580549650432,2.52519,-0.05194,0.19094,0.99357,0.10717,0.02904,-0.02213,0.19417,-0.11807,-0.09017,2.96365,-0.07665,0.37046,0.00000,0.00000,0.00000,
1630698580616320768,2.53765,-0.05746,0.19393,0.99359,0.10751,0.03241,-0.01274,0.16692,-0.11695,0.10924,2.99119,-0.06191,0.36132,0.00000,0.00000,0.00000,
1630698580682992128,2.54896,-0.06733,0.19988,0.99322,0.11376,0.01726,-0.01652,0.18000,-0.10257,0.04509,3.00939,-0.05047,0.37000,0.00000,0.00000,0.00000,
1630698580749662720,2.56288,-0.06843,0.19908,0.99320,0.11411,0.01484,-0.01796,0.20601,0.02266,-0.04757,3.02564,-0.04053,0.38048,0.00000,0.00000,0.00000,
1630698580816334080,2.57717,-0.06299,0.19714,0.99503,0.09610,0.02023,-0.01639,0.20969,0.14265,-0.05978,3.04625,-0.03800,0.37985,0.00000,0.00000,0.00000,
1630698580883004160,2.59339,-0.05343,0.19412,0.99581,0.08675,0.02473,-0.01527,0.25177,0.19172,-0.04933,3.06166,-0.04303,0.37454,0.00000,0.00000,0.00000,
1630698580949675264,2.61241,-0.04020,0.18972,0.99469,0.09655,0.03188,-0.01607,0.27564,0.13925,0.00155,3.07833,-0.05408,0.36969,0.00000,0.00000,0.00000,
1630698581016345600,2.63095,-0.02874,0.19991,0.99536,0.09008,0.02628,-0.02135,0.24189,0.19521,0.17875,3.09688,-0.06470,0.36906,0.00000,0.00000,0.00000,
1630698581083016960,2.64520,-0.01808,0.20762,0.99676,0.07706,0.01224,-0.01952,0.22727,0.15308,0.05851,3.11479,-0.08195,0.38414,0.00000,0.00000,0.00000,
1630698581149687040,2.65964,-0.01460,0.20799,0.99610,0.08498,0.01021,-0.02125,0.19813,0.02896,-0.02486,3.12884,-0.09053,0.38662,0.00000,0.00000,0.00000,
1630698581216358144,2.67244,-0.01674,0.20269,0.99296,0.11518,0.01865,-0.02056,0.18656,-0.01891,-0.09185,3.14141,-0.08993,0.38412,0.00000,0.00000,0.00000,
1630698581283028480,2.68531,-0.02104,0.19849,0.99286,0.11543,0.02081,-0.02166,0.20439,-0.11435,-0.04614,3.15444,-0.08453,0.37504,0.00000,0.00000,0.00000,
1630698581349699584,2.69932,-0.02658,0.19541,0.99377,0.10620,0.02843,-0.01811,0.20923,-0.04908,0.04434,3.16631,-0.08360,0.37451,0.00000,0.00000,0.00000,
1630698581416370688,2.71220,-0.03164,0.19804,0.99376,0.10815,0.02275,-0.01523,0.19950,-0.04577,0.02050,3.17605,-0.08528,0.37541,0.00000,0.00000,0.00000,
1630698581483040768,2.72539,-0.03580,0.19865,0.99334,0.11286,0.01442,-0.01796,0.22616,0.02554,-0.00564,3.18876,-0.08582,0.37280,0.00000,0.00000,0.00000,
1630698581549711872,2.74192,-0.03011,0.19566,0.99423,0.10393,0.01969,-0.01794,0.23808,0.15688,-0.07416,3.19498,-0.08385,0.37051,0.00000,0.00000,0.00000,
1630698581616382208,2.75952,-0.01861,0.19073,0.99542,0.08995,0.02765,-0.01665,0.26642,0.25909,-0.08606,3.19799,-0.08027,0.36971,0.00000,0.00000,0.00000,
1630698581683053312,2.78197,-0.00266,0.18250,0.99518,0.08944,0.03599,-0.01778,0.36172,0.27124,-0.12738,3.19822,-0.07683,0.36998,0.00000,0.00000,0.00000,
1630698581749723392,2.80501,0.00914,0.18239,0.99430,0.09127,0.04774,-0.02753,0.30680,0.16788,0.19094,3.19732,-0.07597,0.37089,0.00000,0.00000,0.00000,
1630698581816394496,2.82232,0.02334,0.19449,0.99669,0.07160,0.02842,-0.02598,0.26972,0.22647,0.13820,3.19658,-0.07705,0.37101,0.00000,0.00000,0.00000,
1630698581883065088,2.83728,0.03284,0.20205,0.99687,0.07359,0.01522,-0.02470,0.24261,0.15307,0.00238,3.19621,-0.07899,0.37120,0.00000,0.00000,0.00000,
1630698581949736192,2.85252,0.03550,0.20268,0.99373,0.10844,0.01906,-0.01968,0.22927,0.05393,-0.05945,3.19558,-0.07992,0.37153,0.00000,0.00000,0.00000,
1630698582016406528,2.86773,0.03708,0.20073,0.99319,0.11306,0.02387,-0.01485,0.22580,-0.01075,-0.03229,3.19522,-0.07938,0.37167,0.00000,0.00000,0.00000,
1630698582083077888,2.88484,0.03360,0.19765,0.99537,0.09122,0.02448,-0.01777,0.26820,-0.08091,-0.11145,3.19606,-0.07845,0.37130,0.00000,0.00000,0.00000,
1630698582149747968,2.90102,0.03087,0.19663,0.99574,0.08555,0.03354,-0.00805,0.21792,-0.09987,0.05478,3.19657,-0.07796,0.37107,0.00000,0.00000,0.00000,
1630698582216419584,2.91325,0.01920,0.20029,0.99487,0.09758,0.02376,-0.01222,0.20204,-0.12016,0.02443,3.19653,-0.07776,0.37106,0.00000,0.00000,0.00000,
1630698582283089664,2.92915,0.01575,0.20119,0.99502,0.09668,0.01911,-0.01507,0.22159,0.00390,-0.05741,3.19616,-0.07815,0.37128,0.00000,0.00000,0.00000,
1630698582349761024,2.94553,0.02215,0.19788,0.99652,0.07756,0.02727,-0.01393,0.21650,0.13666,-0.06886,3.19601,-0.07890,0.37145,0.00000,0.00000,0.00000,
1630698582416431104,2.96202,0.03288,0.19406,0.99712,0.06701,0.03300,-0.01337,0.24711,0.18930,-0.04601,3.19595,-0.07910,0.37154,0.00000,0.00000,0.00000,
1630698582483102464,2.98201,0.04759,0.18675,0.99586,0.08053,0.03984,-0.01343,0.31075,0.22470,-0.06558,3.19595,-0.07878,0.37137,0.00000,0.00000,0.00000,
1630698582549772800,2.99889,0.05735,0.19169,0.99604,0.07316,0.04550,-0.02200,0.24193,0.17035,0.18082,3.19628,-0.07820,0.37121,0.00000,0.00000,0.00000,
1630698582616444160,3.01140,0.06780,0.20886,0.99795,0.05672,0.02109,-0.02071,0.20448,0.10373,0.20898,3.19640,-0.07807,0.37114,0.00000,0.00000,0.00000,
1630698582683114496,3.02636,0.07398,0.21278,0.99771,0.06317,0.01565,-0.01865,0.20405,0.04294,-0.00362,3.19630,-0.07818,0.37119,0.00000,0.00000,0.00000,
1630698582749785600,3.04239,0.07441,0.20827,0.99491,0.09668,0.02510,-0.01359,0.19742,-0.03519,-0.07703,3.19610,-0.07850,0.37131,0.00000,0.00000,0.00000,
1630698582816456960,3.05984,0.07024,0.20056,0.99298,0.11269,0.03471,-0.00972,0.22692,-0.14878,-0.09536,3.19608,-0.07874,0.37137,0.00000,0.00000,0.00000,
1630698582883127296,3.07883,0.06111,0.19175,0.99371,0.10357,0.04168,-0.00856,0.27973,-0.12337,-0.12184,3.19607,-0.07868,0.37126,0.00000,0.00000,0.00000,
1630698582949798656,3.09626,0.05040,0.19564,0.99386,0.10252,0.04153,0.00003,0.22026,-0.24330,0.17410,3.19618,-0.07839,0.37127,0.00000,0.00000,0.00000,
1630698583016468992,3.10834,0.03490,0.20440,0.99303,0.11631,0.01853,-0.00544,0.19400,-0.16453,0.08977,3.19629,-0.07821,0.37119,0.00000,0.00000,0.00000,
1630698583083140096,3.12216,0.02962,0.20362,0.99329,0.11471,0.01271,-0.00689,0.16664,-0.04228,-0.01450,3.19622,-0.07829,0.37116,0.00000,0.00000,0.00000,
1630698583149810432,3.13431,0.03271,0.19956,0.99638,0.08320,0.01625,-0.00581,0.14615,0.07139,-0.04786,3.19615,-0.07846,0.37128,0.00000,0.00000,0.00000,
1630698583216482048,3.14693,0.04150,0.18920,0.99672,0.07740,0.02335,0.00178,0.18130,0.09898,-0.18564,3.19611,-0.07856,0.37123,0.00000,0.00000,0.00000,
1630698583283152128,3.15796,0.04141,0.18849,0.99444,0.10425,0.01424,0.00497,0.12681,-0.00987,0.02148,3.19618,-0.07842,0.37126,0.00000,0.00000,0.00000,
1630698583349823488,3.16778,0.04033,0.18981,0.99423,0.10702,0.00584,0.00431,0.12713,-0.00200,-0.04073,3.19622,-0.07828,0.37116,0.00000,0.00000,0.00000,
1630698583416493824,3.17785,0.04077,0.18892,0.99450,0.10397,0.01179,0.00530,0.10000,0.01693,-0.00450,3.19627,-0.07826,0.37119,0.00000,0.00000,0.00000,
1630698583483164928,3.18382,0.04288,0.18809,0.99517,0.09672,0.01623,0.00305,0.04631,0.03975,-0.01329,3.19624,-0.07834,0.37121,0.00000,0.00000,0.00000,
1630698583549835520,3.18820,0.04598,0.18844,0.99563,0.09140,0.01915,0.00091,0.00106,0.05861,0.01405,3.19618,-0.07842,0.37126,0.00000,0.00000,0.00000,
1630698583616506880,3.18852,0.04925,0.18932,0.99597,0.08750,0.01955,0.00098,-0.03058,0.03608,0.02065,3.19620,-0.07840,0.37123,0.00000,0.00000,0.00000,
1630698583683176960,3.18876,0.05036,0.19060,0.99615,0.08564,0.01896,0.00046,-0.03226,-0.00305,0.01842,3.19623,-0.07833,0.37120,0.00000,0.00000,0.00000,
1630698583749848320,3.18820,0.04951,0.19102,0.99610,0.08628,0.01861,0.00054,-0.02019,-0.02442,0.00349,3.19627,-0.07828,0.37119,0.00000,0.00000,0.00000,
1630698583816518656,3.18832,0.04785,0.19112,0.99596,0.08789,0.01836,0.00075,-0.01656,-0.02620,0.00183,3.19626,-0.07830,0.37119,0.00000,0.00000,0.00000,
1630698583883190016,3.18840,0.04672,0.19147,0.99589,0.08880,0.01806,0.00069,-0.01955,-0.00460,0.00709,3.19623,-0.07834,0.37120,0.00000,0.00000,0.00000,
1630698583949859840,3.18825,0.04694,0.19180,0.99591,0.08857,0.01793,0.00080,-0.01081,0.01346,0.00337,3.19623,-0.07837,0.37121,0.00000,0.00000,0.00000,
1630698584016530944,3.18883,0.04774,0.19181,0.99598,0.08767,0.01853,0.00077,0.00269,0.01642,-0.00254,3.19624,-0.07833,0.37119,0.00000,0.00000,0.00000,
1630698584083202048,3.18957,0.04840,0.19161,0.99603,0.08689,0.01937,0.00085,-0.00178,0.01221,-0.00118,3.19627,-0.07830,0.37118,0.00000,0.00000,0.00000,
1630698584149872384,3.18973,0.04881,0.19178,0.99606,0.08649,0.01956,0.00081,-0.01215,0.00329,0.00268,3.19628,-0.07828,0.37118,0.00000,0.00000,0.00000,
1630698584216543488,3.18955,0.04855,0.19210,0.99604,0.08675,0.01940,0.00076,-0.01142,-0.00523,0.00142,3.19626,-0.07830,0.37118,0.00000,0.00000,0.00000,
1630698584283213312,3.18945,0.04805,0.19221,0.99599,0.08737,0.01922,0.00071,-0.00789,-0.00441,-0.00025,3.19626,-0.07832,0.37119,0.00000,0.00000,0.00000,
1630698584349884416,3.18946,0.04780,0.19235,0.99596,0.08771,0.01930,0.00069,-0.00673,0.00410,0.00019,3.19626,-0.07832,0.37118,0.00000,0.00000,0.00000,
1630698584416554752,3.18946,0.04800,0.19241,0.99598,0.08748,0.01945,0.00068,-0.00493,0.01075,-0.00014,3.19624,-0.07830,0.37113,0.00000,0.00000,0.00000,
1630698584483225856,3.18978,0.04846,0.19262,0.99602,0.08693,0.01986,0.00072,-0.00031,0.01077,-0.00130,3.19632,-0.07831,0.37115,0.00000,0.00000,0.00000,
1630698584549895680,3.19000,0.04874,0.19261,0.99603,0.08666,0.02014,0.00070,-0.00304,0.00640,-0.00081,3.19628,-0.07828,0.37116,0.00000,0.00000,0.00000,
1630698584616566784,3.18995,0.04872,0.19275,0.99603,0.08674,0.02017,0.00070,-0.00709,0.00151,0.00045,3.19624,-0.07828,0.37111,0.00000,0.00000,0.00000,
1630698584683237120,3.18980,0.04834,0.19294,0.99600,0.08703,0.02012,0.00069,-0.00643,-0.00104,0.00001,3.19627,-0.07829,0.37117,0.00000,0.00000,0.00000,
1630698584749908224,3.18976,0.04813,0.19308,0.99598,0.08724,0.02008,0.00069,-0.00429,0.00256,-0.00046,3.19628,-0.07828,0.37118,0.00000,0.00000,0.00000,
1630698584816578048,3.18982,0.04818,0.19321,0.99598,0.08725,0.02018,0.00068,-0.00246,0.00689,-0.00101,3.19628,-0.07827,0.37116,0.00000,0.00000,0.00000,
1630698584883249408,3.18986,0.04839,0.19315,0.99600,0.08702,0.02031,0.00070,-0.00330,0.00804,-0.00091,3.19630,-0.07826,0.37115,0.00000,0.00000,0.00000,
1630698584949919488,3.18997,0.04863,0.19329,0.99601,0.08681,0.02049,0.00067,-0.00228,0.00580,-0.00111,3.19627,-0.07825,0.37112,0.00000,0.00000,0.00000,
1630698585016590592,3.18995,0.04865,0.19331,0.99601,0.08679,0.02056,0.00069,-0.00460,0.00247,-0.00040,3.19629,-0.07827,0.37116,0.00000,0.00000,0.00000,
1630698585083260672,3.18991,0.04858,0.19359,0.99600,0.08693,0.02056,0.00068,-0.00367,0.00195,-0.00006,3.19630,-0.07830,0.37110,0.00000,0.00000,0.00000,
1630698585149932032,3.18983,0.04843,0.19352,0.99599,0.08712,0.02047,0.00067,-0.00427,0.00314,-0.00043,3.19630,-0.07827,0.37116,0.00000,0.00000,0.00000,
1630698585216601856,3.18990,0.04841,0.19382,0.99598,0.08716,0.02063,0.00065,-0.00057,0.00479,-0.00093,3.19627,-0.07825,0.37111,0.00000,0.00000,0.00000,
1630698585283272960,3.18991,0.04853,0.19373,0.99598,0.08711,0.02068,0.00066,-0.00146,0.00608,-0.00106,3.19627,-0.07825,0.37111,0.00000,0.00000,0.00000,
1630698585349943040,3.18994,0.04870,0.19375,0.99599,0.08697,0.02076,0.00067,-0.00144,0.00612,-0.00078,3.19627,-0.07825,0.37111,0.00000,0.00000,0.00000,
1630698585416614400,3.18994,0.04869,0.19377,0.99599,0.08696,0.02082,0.00067,-0.00290,0.00358,-0.00021,3.19627,-0.07825,0.37111,0.00000,0.00000,0.00000,
1630698585483285504,3.18986,0.04857,0.19383,0.99598,0.08708,0.02085,0.00068,-0.00396,0.00232,-0.00002,3.19627,-0.07825,0.37111,0.00000,0.00000,0.00000,
1630698585549955584,3.18990,0.04859,0.19431,0.99597,0.08718,0.02096,0.00065,0.00017,0.00330,-0.00020,3.19627,-0.07825,0.37111,0.00000,0.00000,0.00000,
1630698585616626688,3.18990,0.04852,0.19428,0.99596,0.08728,0.02102,0.00067,0.00002,0.00379,-0.00039,3.19627,-0.07825,0.37111,0.00000,0.00000,0.00000,
1630698585683297024,3.19006,0.04882,0.19438,0.99596,0.08729,0.02103,0.00063,-0.00115,0.00554,-0.00090,3.19627,-0.07825,0.37111,0.00000,0.00000,0.00000,
1630698585749967872,3.18997,0.04862,0.19442,0.99597,0.08716,0.02114,0.00066,-0.00023,0.00563,-0.00067,3.19627,-0.07825,0.37111,0.00000,0.00000,0.00000,
1630698585816637952,3.18996,0.04859,0.19449,0.99596,0.08720,0.02120,0.00069,-0.00005,0.00326,-0.00075,3.19627,-0.07825,0.37111,0.00000,0.00000,0.00000,
1630698585883309056,3.18994,0.04856,0.19452,0.99597,0.08719,0.02114,0.00068,-0.00012,0.00366,-0.00014,3.19627,-0.07825,0.37111,0.00000,0.00000,0.00000,
1630698585949979392,3.18995,0.04854,0.19448,0.99596,0.08731,0.02111,0.00069,-0.00017,0.00437,-0.00062,3.19627,-0.07825,0.37111,0.00000,0.00000,0.00000,
1630698586016650496,3.18995,0.04835,0.19438,0.99595,0.08737,0.02111,0.00069,-0.00063,0.00299,-0.00050,3.19627,-0.07825,0.37111,0.00000,0.00000,0.00000,
1630698586083320576,3.18993,0.04839,0.19428,0.99596,0.08733,0.02108,0.00069,-0.00136,0.00414,-0.00033,3.19627,-0.07825,0.37111,0.00000,0.00000,0.00000,
1630698586149991424,3.18992,0.04840,0.19442,0.99595,0.08734,0.02118,0.00069,0.00023,0.00344,-0.00045,3.19627,-0.07825,0.37111,0.00000,0.00000,0.00000,
1630698586216661760,3.18988,0.04839,0.19430,0.99595,0.08738,0.02112,0.00069,-0.00092,0.00294,-0.00058,3.19627,-0.07825,0.37111,0.00000,0.00000,0.00000,
1630698586283332864,3.18987,0.04836,0.19441,0.99595,0.08738,0.02116,0.00070,-0.00031,0.00243,0.00005,3.19627,-0.07825,0.37111,0.00000,0.00000,0.00000,
