1630698550081125632,0.00055,-0.00208,0.02221,0.99998,0.00521,0.00250,0.00028,-0.00051,0.00480,-0.00673,0.00187,-0.00805,0.16469,0.00000,0.00000,0.00000,
1630698550147794944,0.00050,-0.00210,0.02230,0.99998,0.00656,0.00186,0.00030,0.00045,-0.00130,-0.00616,0.00186,-0.00822,0.16469,0.00000,0.00000,0.00000,
1630698550214465280,0.00133,-0.00219,0.02109,0.99997,0.00784,0.00147,0.00022,0.00281,0.00140,-0.00521,0.00186,-0.00805,0.16466,0.00000,0.00000,0.00000,
1630698550281134848,0.00124,-0.00214,0.02102,0.99996,0.00909,0.00068,0.00028,0.00242,0.00068,-0.00444,0.00184,-0.00808,0.16465,0.00000,0.00000,0.00000,
1630698550347804928,0.00114,-0.00234,0.02099,0.99994,0.01050,-0.00013,0.00029,0.00239,-0.00066,-0.00429,0.00188,-0.00808,0.16468,0.00000,0.00000,0.00000,
1630698550414474240,0.00110,-0.00236,0.02102,0.99993,0.01164,-0.00088,0.00032,0.00152,0.00144,-0.00383,0.00189,-0.00808,0.16467,0.00000,0.00000,0.00000,
1630698550481144320,0.00104,-0.00241,0.02113,0.99991,0.01297,-0.00170,0.00033,0.00134,-0.00086,-0.00360,0.00185,-0.00825,0.16462,0.00000,0.00000,0.00000,
1630698550547813888,0.00090,-0.00248,0.02116,0.99989,0.01434,-0.00254,0.00034,0.00098,0.00069,-0.00353,0.00186,-0.00807,0.16465,0.00000,0.00000,0.00000,
1630698550614484224,0.00084,-0.00251,0.02107,0.99987,0.01569,-0.00344,0.00039,0.00125,-0.00028,-0.00322,0.00185,-0.00814,0.16461,0.00000,0.00000,0.00000,
1630698550681153536,0.00084,-0.00258,0.02108,0.99984,0.01706,-0.00437,0.00038,0.00119,0.00018,-0.00326,0.00183,-0.00814,0.16459,0.00000,0.00000,0.00000,
1630698550747823616,0.00082,-0.00260,0.02102,0.99982,0.01838,-0.00533,0.00042,0.00079,0.00077,-0.00299,0.00184,-0.00808,0.16463,0.00000,0.00000,0.00000,
1630698550814494208,0.00077,-0.00261,0.02102,0.99979,0.01942,-0.00605,0.00044,0.00066,0.00030,-0.00313,0.00183,-0.00808,0.16462,0.00000,0.00000,0.00000,
1630698550881163776,0.00068,-0.00269,0.02103,0.99976,0.02078,-0.00709,0.00049,0.00063,0.00064,-0.00320,0.00180,-0.00808,0.16460,0.00000,0.00000,0.00000,
1630698550947834368,0.00051,-0.00281,0.02106,0.99972,0.02215,-0.00815,0.00054,0.00008,0.00014,-0.00293,0.00182,-0.00808,0.16459,0.00000,0.00000,0.00000,
1630698551014504192,0.00047,-0.00288,0.02101,0.99968,0.02347,-0.00924,0.00057,0.00030,0.00053,-0.00307,0.00179,-0.00818,0.16450,0.00000,0.00000,0.00000,
1630698551081174784,0.00050,-0.00289,0.02099,0.99964,0.02477,-0.01034,0.00061,0.00059,0.00091,-0.00324,0.00182,-0.00808,0.16458,0.00000,0.00000,0.00000,
1630698551147844608,0.00037,-0.00300,0.02094,0.99959,0.02610,-0.01150,0.00069,0.00071,0.00092,-0.00305,0.00177,-0.00828,0.16449,0.00000,0.00000,0.00000,
1630698551214515200,0.00017,-0.00314,0.02110,0.99954,0.02742,-0.01269,0.00075,0.00045,0.00070,-0.00284,0.00176,-0.00818,0.16448,0.00000,0.00000,0.00000,
1630698551281185024,0.00005,-0.00322,0.02114,0.99949,0.02870,-0.01388,0.00081,0.00030,0.00089,-0.00287,0.00179,-0.00808,0.16457,0.00000,0.00000,0.00000,
1630698551347855616,0.00007,-0.00325,0.02106,0.99944,0.02989,-0.01475,0.00089,-0.00023,0.00313,0.00288,0.00187,-0.00770,0.16683,0.00000,0.00000,0.00000,
1630698551414524928,-0.00012,-0.00287,0.02427,0.99946,0.02806,-0.01734,0.00106,-0.00482,0.00310,0.06290,0.00168,-0.00725,0.17136,0.00000,0.00000,0.00000,
1630698551481195776,-0.00086,-0.00278,0.02872,0.99939,0.02792,-0.02107,0.00089,-0.01304,-0.00701,0.07266,0.00131,-0.00837,0.17613,0.00000,0.00000,0.00000,
1630698551547865344,-0.00143,-0.00418,0.03324,0.99924,0.03017,-0.02458,0.00019,-0.00787,-0.02419,0.05705,0.00121,-0.01046,0.18029,0.00000,0.00000,0.00000,
1630698551614535936,-0.00144,-0.00653,0.03607,0.99907,0.03394,-0.02657,-0.00072,-0.00310,-0.03549,0.03313,0.00117,-0.01233,0.18162,0.00000,0.00000,0.00000,
1630698551681205760,-0.00077,-0.00902,0.03734,0.99886,0.03875,-0.02767,-0.00135,0.00357,-0.03592,0.01511,0.00172,-0.01454,0.18308,0.00000,0.00000,0.00000,
1630698551747876352,0.00040,-0.01118,0.03831,0.99877,0.04129,-0.02736,-0.00152,0.01042,-0.01389,0.00965,0.00253,-0.01396,0.18381,0.00000,0.00000,0.00000,
1630698551814546176,0.00105,-0.01082,0.03906,0.99872,0.04233,-0.02779,-0.00091,0.01162,0.01847,0.01257,0.00335,-0.01216,0.18529,0.00000,0.00000,0.00000,
1630698551881216256,0.00141,-0.00912,0.04061,0.99871,0.04121,-0.02972,-0.00031,0.00456,0.03074,0.02669,0.00359,-0.01081,0.18706,0.00000,0.00000,0.00000,
1630698551947885568,0.00106,-0.00758,0.04372,0.99865,0.03941,-0.03374,0.00040,-0.00444,0.02389,0.05011,0.00324,-0.00962,0.19158,0.00000,0.00000,0.00000,
1630698552014555392,0.00010,-0.00747,0.04802,0.99844,0.03954,-0.03947,0.00064,-0.01423,-0.00095,0.06030,0.00279,-0.01018,0.19480,0.00000,0.00000,0.00000,
1630698552081225728,-0.00087,-0.00908,0.05168,0.99795,0.04550,-0.04495,0.00097,-0.01065,-0.02742,0.06330,0.00273,-0.01230,0.19852,0.00000,0.00000,0.00000,
1630698552147894528,-0.00060,-0.01204,0.05455,0.99750,0.05186,-0.04800,0.00020,0.01300,-0.04098,0.03832,0.00367,-0.01453,0.20159,0.00000,0.00000,0.00000,
1630698552214564608,0.00037,-0.01427,0.05736,0.99712,0.05681,-0.05018,-0.00041,0.01892,-0.02721,0.05185,0.00500,-0.01521,0.20497,0.00000,0.00000,0.00000,
1630698552281233664,0.00139,-0.01447,0.06044,0.99703,0.05734,-0.05133,-0.00058,0.01919,0.01196,0.04900,0.00642,-0.01458,0.20783,0.00000,0.00000,0.00000,
1630698552347903488,0.00247,-0.01388,0.06311,0.99714,0.05545,-0.05143,-0.00021,0.01643,0.01053,0.04210,0.00724,-0.01380,0.20963,0.00000,0.00000,0.00000,
1630698552414572544,0.00322,-0.01362,0.06553,0.99720,0.05445,-0.05132,-0.00003,0.01292,-0.00059,0.03336,0.00800,-0.01367,0.21169,0.00000,0.00000,0.00000,
1630698552481242368,0.00298,-0.01386,0.06804,0.99713,0.05422,-0.05287,0.00009,-0.00833,-0.00202,0.04330,0.00722,-0.01388,0.21554,0.00000,0.00000,0.00000,
1630698552547911424,0.00209,-0.01441,0.07023,0.99700,0.05423,-0.05526,-0.00045,-0.01211,-0.00749,0.03408,0.00689,-0.01390,0.21662,0.00000,0.00000,0.00000,
1630698552614581248,0.00142,-0.01461,0.07237,0.99685,0.05466,-0.05742,-0.00035,-0.00705,-0.00331,0.03286,0.00665,-0.01371,0.21892,0.00000,0.00000,0.00000,
1630698552681250304,-0.00453,-0.01602,0.07062,0.99670,0.05437,-0.06020,-0.00034,-0.00129,-0.00334,0.01769,0.00691,-0.01398,0.22064,0.00000,0.00000,0.00000,
1630698552747920128,-0.00327,-0.01752,0.07519,0.99653,0.05496,-0.06245,-0.00070,0.00029,-0.01048,0.03347,0.00714,-0.01458,0.22225,0.00000,0.00000,0.00000,
1630698552814588672,-0.00382,-0.01901,0.07948,0.99626,0.05690,-0.06496,-0.00070,0.00136,-0.02893,0.05938,0.00794,-0.01597,0.22737,0.00000,0.00000,0.00000,
1630698552881259520,-0.00393,-0.02101,0.08456,0.99603,0.05747,-0.06796,-0.00131,0.00394,-0.01475,0.07934,0.00943,-0.01578,0.23313,0.00000,0.00000,0.00000,
1630698552947929088,-0.00323,-0.02252,0.08986,0.99594,0.05606,-0.07038,-0.00131,0.00892,-0.00541,0.07629,0.01121,-0.01569,0.23704,0.00000,0.00000,0.00000,
1630698553014599680,-0.00167,-0.02315,0.09196,0.99595,0.05533,-0.07079,-0.00140,0.02103,-0.01299,0.06432,0.01281,-0.01558,0.23941,0.00000,0.00000,0.00000,
1630698553081269504,0.00035,-0.02330,0.09372,0.99609,0.05444,-0.06961,-0.00142,0.02420,-0.00704,0.04748,0.01408,-0.01528,0.24132,0.00000,0.00000,0.00000,
1630698553147939840,0.00182,-0.02313,0.09452,0.99621,0.05421,-0.06805,-0.00140,0.01359,-0.00888,0.03564,0.01494,-0.01646,0.24440,0.00000,0.00000,0.00000,
1630698553214609664,0.00167,-0.02445,0.09875,0.99610,0.05585,-0.06822,-0.00170,-0.00211,-0.01980,0.04704,0.01495,-0.01715,0.24661,0.00000,0.00000,0.00000,
1630698553281280256,0.00197,-0.02618,0.10133,0.99588,0.05906,-0.06873,-0.00148,-0.00181,-0.01724,0.03867,0.01506,-0.01743,0.24859,0.00000,0.00000,0.00000,
1630698553347950080,0.00114,-0.02561,0.10244,0.99582,0.06015,-0.06880,0.00006,-0.00547,-0.00106,0.03567,0.01510,-0.01681,0.25067,0.00000,0.00000,0.00000,
1630698553414620672,0.00033,-0.02538,0.10469,0.99586,0.05932,-0.06884,0.00007,-0.00611,0.00644,0.04140,0.01519,-0.01554,0.25284,0.00000,0.00000,0.00000,
1630698553481291264,-0.00005,-0.02582,0.11253,0.99593,0.05883,-0.06831,0.00050,-0.00704,0.00936,0.04594,0.01535,-0.01425,0.25583,0.00000,0.00000,0.00000,
1630698553547960832,0.00086,-0.02634,0.11649,0.99612,0.05803,-0.06619,0.00010,-0.00453,0.00785,0.04787,0.01615,-0.01338,0.25827,0.00000,0.00000,0.00000,
1630698553614631424,0.00197,-0.02637,0.11962,0.99646,0.05869,-0.06019,-0.00025,0.00881,0.00476,0.03371,0.01726,-0.01335,0.25959,0.00000,0.00000,0.00000,
1630698553681300992,0.00431,-0.02582,0.11738,0.99689,0.06096,-0.04991,-0.00100,0.02584,-0.00327,0.02011,0.01948,-0.01361,0.26031,0.00000,0.00000,0.00000,
1630698553747971840,0.00763,-0.02469,0.11102,0.99724,0.06452,-0.03675,-0.00101,0.03701,-0.01008,-0.00066,0.02176,-0.01447,0.26168,0.00000,0.00000,0.00000,
1630698553814640896,0.01152,-0.02603,0.11138,0.99730,0.06879,-0.02545,-0.00192,0.02615,-0.01791,0.02559,0.02328,-0.01573,0.26503,0.00000,0.00000,0.00000,
1630698553881312256,0.01363,-0.02758,0.11417,0.99713,0.07347,-0.01804,-0.00220,0.01323,-0.02383,0.05791,0.02388,-0.01646,0.26850,0.00000,0.00000,0.00000,
1630698553947982336,0.01429,-0.02997,0.11968,0.99682,0.07834,-0.01439,-0.00253,-0.00166,-0.02569,0.06629,0.02358,-0.01754,0.27467,0.00000,0.00000,0.00000,
1630698554014653696,0.01379,-0.03239,0.12400,0.99654,0.08186,-0.01405,-0.00362,-0.01567,-0.02456,0.06635,0.02288,-0.01801,0.27827,0.00000,0.00000,0.00000,
1630698554081323264,0.01358,-0.03482,0.12968,0.99636,0.08376,-0.01507,-0.00463,-0.01531,-0.00985,0.04772,0.02195,-0.01767,0.28157,0.00000,0.00000,0.00000,
1630698554147994624,0.01441,-0.03653,0.13365,0.99626,0.08520,-0.01288,-0.00598,-0.01289,0.00922,0.02088,0.02123,-0.01630,0.28325,0.00000,0.00000,0.00000,
1630698554214664704,0.01425,-0.03602,0.13273,0.99619,0.08625,-0.01112,-0.00615,-0.01387,0.00918,0.01947,0.02019,-0.01541,0.28473,0.00000,0.00000,0.00000,
1630698554281335808,0.01414,-0.03655,0.13372,0.99600,0.08853,-0.00971,-0.00704,-0.01542,0.00913,0.00161,0.01950,-0.01488,0.28478,0.00000,0.00000,0.00000,
1630698554348005888,0.01311,-0.03595,0.13303,0.99567,0.09235,-0.00722,-0.00724,-0.00857,-0.00236,-0.01583,0.01886,-0.01524,0.28488,0.00000,0.00000,0.00000,
1630698554414677248,0.01674,-0.04289,0.13266,0.99514,0.09795,-0.00717,-0.00719,-0.00159,-0.02588,-0.00746,0.01877,-0.01752,0.28595,0.00000,0.00000,0.00000,
1630698554481347328,0.01778,-0.04676,0.13402,0.99436,0.10552,-0.00748,-0.00764,0.01222,-0.03749,-0.00307,0.01967,-0.02006,0.28709,0.00000,0.00000,0.00000,
1630698554548018432,0.01875,-0.05037,0.13509,0.99344,0.11399,-0.00652,-0.00678,0.02374,-0.04801,0.00207,0.02096,-0.02288,0.28995,0.00000,0.00000,0.00000,
1630698554614688512,0.02067,-0.05624,0.13952,0.99260,0.12092,-0.00840,-0.00743,0.02410,-0.04506,0.06637,0.02224,-0.02305,0.29625,0.00000,0.00000,0.00000,
1630698554681359872,0.02043,-0.05730,0.14231,0.99222,0.12351,-0.01391,-0.00682,0.01855,-0.01246,0.10960,0.02305,-0.02224,0.30193,0.00000,0.00000,0.00000,
1630698554748031232,0.02141,-0.06033,0.15293,0.99203,0.12429,-0.01951,-0.00686,0.02278,-0.00471,0.09838,0.02532,-0.01962,0.30911,0.00000,0.00000,0.00000,
1630698554814701312,0.02314,-0.06158,0.15854,0.99207,0.12384,-0.01977,-0.00796,0.03039,0.01814,0.08143,0.02735,-0.01685,0.31307,0.00000,0.00000,0.00000,
1630698554881372416,0.02237,-0.05738,0.16789,0.99262,0.11977,-0.01728,-0.00792,0.02703,0.02331,0.05492,0.02914,-0.01517,0.31461,0.00000,0.00000,0.00000,
1630698554948042752,0.02687,-0.05805,0.16956,0.99294,0.11788,-0.01044,-0.00782,0.02722,0.02019,-0.00058,0.03069,-0.01450,0.31459,0.00000,0.00000,0.00000,
1630698555014714368,0.02964,-0.05683,0.16761,0.99311,0.11691,-0.00259,-0.00806,0.01993,-0.00246,-0.01441,0.03139,-0.01499,0.31479,0.00000,0.00000,0.00000,
1630698555081384448,0.03122,-0.05636,0.16384,0.99298,0.11801,0.00206,-0.00786,0.00330,-0.01546,-0.01349,0.03074,-0.01655,0.31579,0.00000,0.00000,0.00000,
1630698555148055808,0.03035,-0.05743,0.16044,0.99272,0.12011,0.00187,-0.00897,-0.01474,-0.02881,-0.00573,0.02919,-0.01796,0.31749,0.00000,0.00000,0.00000,
1630698555214726144,0.02796,-0.05867,0.15924,0.99240,0.12272,-0.00121,-0.00890,-0.02669,-0.02957,0.01021,0.02685,-0.01930,0.32058,0.00000,0.00000,0.00000,
1630698555281397760,0.02383,-0.06034,0.15988,0.99204,0.12534,-0.00772,-0.00885,-0.03651,-0.02596,0.03052,0.02439,-0.01967,0.32399,0.00000,0.00000,0.00000,
1630698555348068096,0.01969,-0.06135,0.16164,0.99173,0.12721,-0.01461,-0.00860,-0.03368,-0.01827,0.04171,0.02258,-0.01963,0.32797,0.00000,0.00000,0.00000,
1630698555414739712,0.01688,-0.06243,0.16402,0.99152,0.12825,-0.01923,-0.00856,-0.02085,-0.01890,0.04766,0.02162,-0.01944,0.33239,0.00000,0.00000,0.00000,
1630698555481410048,0.01519,-0.06356,0.16688,0.99139,0.12857,-0.02309,-0.00904,-0.00654,-0.00810,0.05148,0.02184,-0.01885,0.33607,0.00000,0.00000,0.00000,
1630698555548081408,0.01506,-0.06442,0.17000,0.99131,0.12885,-0.02471,-0.00928,0.01611,-0.00514,0.03182,0.02325,-0.01825,0.33844,0.00000,0.00000,0.00000,
1630698555614751744,0.01655,-0.06422,0.17041,0.99136,0.12882,-0.02310,-0.00908,0.03173,0.00396,0.01469,0.02624,-0.01751,0.34008,0.00000,0.00000,0.00000,
1630698555681423104,0.01946,-0.06370,0.16925,0.99144,0.12874,-0.01991,-0.00913,0.04561,0.00335,-0.00106,0.02870,-0.01688,0.34195,0.00000,0.00000,0.00000,
1630698555748093696,0.02189,-0.06368,0.17122,0.99147,0.12861,-0.01914,-0.00879,0.04342,-0.00021,0.00861,0.02968,-0.01738,0.34313,0.00000,0.00000,0.00000,
1630698555814765056,0.02326,-0.06484,0.17322,0.99138,0.12911,-0.02063,-0.00894,0.03024,-0.01857,0.01922,0.03137,-0.01768,0.34646,0.00000,0.00000,0.00000,
1630698555881435904,0.02415,-0.06595,0.17534,0.99127,0.12953,-0.02278,-0.00903,0.02097,-0.01402,0.01951,0.03226,-0.01805,0.34853,0.00000,0.00000,0.00000,
1630698555948107520,0.02439,-0.06650,0.17666,0.99117,0.13028,-0.02311,-0.00854,0.01724,-0.01612,0.01054,0.03259,-0.01892,0.35157,0.00000,0.00000,0.00000,
1630698556014778112,0.02404,-0.06829,0.18034,0.99105,0.13091,-0.02472,-0.00889,0.00938,-0.03081,0.02401,0.03242,-0.02000,0.35530,0.00000,0.00000,0.00000,
1630698556081449984,0.02436,-0.07086,0.18218,0.99090,0.13145,-0.02736,-0.00958,0.00584,-0.02297,0.02254,0.03235,-0.02039,0.35781,0.00000,0.00000,0.00000,
1630698556148121600,0.02405,-0.07194,0.18404,0.99080,0.13192,-0.02844,-0.01003,0.00773,-0.01952,0.01676,0.03215,-0.02055,0.36011,0.00000,0.00000,0.00000,
1630698556214792448,0.02390,-0.07344,0.18636,0.99076,0.13181,-0.03001,-0.01061,0.00444,-0.01597,0.03087,0.03175,-0.02018,0.36316,0.00000,0.00000,0.00000,
1630698556281464320,0.02331,-0.07408,0.18879,0.99074,0.13138,-0.03251,-0.01075,0.00173,-0.01154,0.02473,0.03131,-0.01969,0.36572,0.00000,0.00000,0.00000,
1630698556348134912,0.02269,-0.07431,0.19068,0.99080,0.13067,-0.03338,-0.01126,0.00671,-0.00733,0.01565,0.03106,-0.01933,0.36738,0.00000,0.00000,0.00000,
1630698556414806784,0.02237,-0.07433,0.19218,0.99088,0.12989,-0.03397,-0.01108,0.01065,-0.00461,0.00436,0.03097,-0.01913,0.36828,0.00000,0.00000,0.00000,
1630698556481477632,0.02249,-0.07363,0.19137,0.99104,0.12854,-0.03453,-0.01091,0.01286,-0.01060,-0.01969,0.03060,-0.01948,0.36818,0.00000,0.00000,0.00000,
1630698556548149504,0.02204,-0.07301,0.19403,0.99132,0.12638,-0.03448,-0.01106,0.00838,-0.01231,-0.01032,0.03015,-0.01943,0.36822,0.00000,0.00000,0.00000,
1630698556614820608,0.02263,-0.07379,0.19456,0.99155,0.12447,-0.03488,-0.01100,0.00816,-0.00461,-0.01223,0.02966,-0.01961,0.36817,0.00000,0.00000,0.00000,
1630698556681492224,0.02229,-0.07350,0.19533,0.99182,0.12221,-0.03514,-0.01115,0.00476,-0.00719,-0.00641,0.02940,-0.01919,0.36822,0.00000,0.00000,0.00000,
1630698556748163328,0.02237,-0.07260,0.19576,0.99211,0.11987,-0.03492,-0.01101,0.00661,-0.00601,-0.00839,0.02901,-0.01929,0.36824,0.00000,0.00000,0.00000,
1630698556814835200,0.02239,-0.07255,0.19617,0.99235,0.11790,-0.03492,-0.01116,0.00684,-0.00997,-0.00759,0.02873,-0.01929,0.36824,0.00000,0.00000,0.00000,
1630698556881505792,0.02234,-0.07178,0.19687,0.99271,0.11494,-0.03459,-0.01097,0.00901,-0.00505,-0.00477,0.02873,-0.01927,0.36821,0.00000,0.00000,0.00000,
1630698556948177152,0.02266,-0.07073,0.19713,0.99312,0.11151,-0.03411,-0.01109,0.01104,-0.00692,-0.00494,0.02885,-0.01920,0.36819,0.00000,0.00000,0.00000,
1630698557014847488,0.02335,-0.06993,0.19728,0.99348,0.10838,-0.03356,-0.01113,0.00982,-0.00722,-0.00481,0.02883,-0.01927,0.36820,0.00000,0.00000,0.00000,
1630698557081519104,0.02372,-0.06863,0.19768,0.99396,0.10418,-0.03269,-0.01127,0.00758,-0.00716,-0.00389,0.02880,-0.01929,0.36819,0.00000,0.00000,0.00000,
1630698557148189440,0.02377,-0.06668,0.19865,0.99444,0.09982,-0.03158,-0.01142,0.00713,-0.00557,-0.00288,0.02882,-0.01927,0.36820,0.00000,0.00000,0.00000,
1630698557214860800,0.02417,-0.06432,0.20003,0.99511,0.09343,-0.02985,-0.01162,0.00694,-0.00414,-0.00214,0.02884,-0.01923,0.36817,0.00000,0.00000,0.00000,
1630698557281531648,0.02508,-0.06249,0.20110,0.99581,0.08620,-0.02803,-0.01170,0.00554,-0.00505,-0.00196,0.02884,-0.01927,0.36818,0.00000,0.00000,0.00000,
1630698557348203008,0.02590,-0.06004,0.20315,0.99651,0.07840,-0.02599,-0.01184,0.00442,-0.00441,-0.00160,0.02883,-0.01928,0.36818,0.00000,0.00000,0.00000,
1630698557414874624,0.02661,-0.05750,0.20546,0.99715,0.07052,-0.02397,-0.01195,0.00378,-0.00385,-0.00092,0.02884,-0.01926,0.36817,0.00000,0.00000,0.00000,
1630698557481544960,0.02730,-0.05518,0.20738,0.99767,0.06344,-0.02213,-0.01199,0.00349,-0.00376,-0.00049,0.02885,-0.01927,0.36818,0.00000,0.00000,0.00000,
1630698557548216576,0.02785,-0.05287,0.20873,0.99804,0.05786,-0.02049,-0.01211,0.00262,-0.00340,-0.00012,0.02883,-0.01930,0.36818,0.00000,0.00000,0.00000,
1630698557614886912,0.02826,-0.05158,0.20952,0.99828,0.05404,-0.01938,-0.01212,0.00208,-0.00367,0.00032,0.02880,-0.01928,0.36807,0.00000,0.00000,0.00000,
1630698557681558528,0.02875,-0.05124,0.20989,0.99842,0.05168,-0.01870,-0.01210,0.00211,-0.00351,0.00025,0.02886,-0.01927,0.36818,0.00000,0.00000,0.00000,
1630698557748229120,0.02906,-0.05096,0.20988,0.99849,0.05031,-0.01843,-0.01207,0.00179,-0.00374,0.00045,0.02888,-0.01927,0.36818,0.00000,0.00000,0.00000,
1630698557814900736,0.02914,-0.05027,0.20998,0.99854,0.04950,-0.01813,-0.01212,0.00153,-0.00324,0.00051,0.02889,-0.01926,0.36816,0.00000,0.00000,0.00000,
1630698557881571072,0.02907,-0.04950,0.21035,0.99857,0.04895,-0.01796,-0.01218,0.00152,-0.00322,0.00057,0.02887,-0.01928,0.36815,0.00000,0.00000,0.00000,
1630698557948242688,0.02901,-0.04958,0.21071,0.99859,0.04850,-0.01794,-0.01215,0.00115,-0.00338,0.00073,0.02888,-0.01929,0.36815,0.00000,0.00000,0.00000,
1630698558014913024,0.02906,-0.04996,0.21064,0.99860,0.04825,-0.01798,-0.01210,0.00102,-0.00338,0.00058,0.02888,-0.01928,0.36816,0.00000,0.00000,0.00000,
1630698558081584640,0.02940,-0.05015,0.21029,0.99860,0.04821,-0.01803,-0.01211,0.00106,-0.00301,0.00015,0.02885,-0.01929,0.36823,0.00000,0.00000,0.00000,
1630698558148255232,0.02928,-0.04979,0.21057,0.99861,0.04804,-0.01798,-0.01214,0.00092,-0.00316,0.00050,0.02885,-0.01929,0.36823,0.00000,0.00000,0.00000,
1630698558214926592,0.02930,-0.04973,0.21058,0.99862,0.04788,-0.01803,-0.01213,0.00139,-0.00326,0.00078,0.02885,-0.01929,0.36822,0.00000,0.00000,0.00000,
1630698558281597440,0.02932,-0.04958,0.21059,0.99863,0.04762,-0.01804,-0.01214,0.00120,-0.00251,0.00095,0.02888,-0.01929,0.36815,0.00000,0.00000,0.00000,
1630698558348268800,0.02892,-0.04921,0.21100,0.99864,0.04732,-0.01803,-0.01212,0.00140,-0.00306,0.00137,0.02888,-0.01928,0.36814,0.00000,0.00000,0.00000,
1630698558414939392,0.02918,-0.04945,0.21079,0.99864,0.04725,-0.01817,-0.01210,0.00110,-0.00320,0.00122,0.02888,-0.01929,0.36812,0.00000,0.00000,0.00000,
1630698558481611008,0.02918,-0.04937,0.21083,0.99865,0.04713,-0.01823,-0.01210,0.00096,-0.00296,0.00117,0.02889,-0.01929,0.36814,0.00000,0.00000,0.00000,
1630698558548281600,0.02885,-0.04902,0.21115,0.99866,0.04692,-0.01819,-0.01210,0.00122,-0.00349,0.00138,0.02889,-0.01927,0.36814,0.00000,0.00000,0.00000,
1630698558614952960,0.02872,-0.04843,0.21126,0.99868,0.04662,-0.01808,-0.01215,0.00101,-0.00182,0.00135,0.02889,-0.01921,0.36814,0.00000,0.00000,0.00000,
1630698558681623808,0.02872,-0.04839,0.21128,0.99868,0.04646,-0.01811,-0.01214,0.00111,-0.00434,0.00151,0.02890,-0.01927,0.36813,0.00000,0.00000,0.00000,
1630698558748295424,0.02915,-0.04919,0.21092,0.99867,0.04663,-0.01824,-0.01213,0.00020,-0.00538,0.00156,0.02890,-0.01935,0.36811,0.00000,0.00000,0.00000,
1630698558814967040,0.02905,-0.04921,0.21091,0.99867,0.04665,-0.01841,-0.01210,0.00061,-0.00155,0.00141,0.02893,-0.01919,0.36813,0.00000,0.00000,0.00000,
1630698558881638144,0.02902,-0.04906,0.21091,0.99867,0.04653,-0.01856,-0.01209,0.00077,-0.00254,0.00141,0.02890,-0.01924,0.36814,0.00000,0.00000,0.00000,
1630698558948309760,0.02889,-0.04859,0.21098,0.99868,0.04643,-0.01854,-0.01216,0.00042,-0.00557,0.00178,0.02887,-0.01934,0.36813,0.00000,0.00000,0.00000,
1630698559014980352,0.02852,-0.04835,0.21138,0.99868,0.04631,-0.01848,-0.01217,0.00087,-0.00345,0.00219,0.02886,-0.01918,0.36811,0.00000,0.00000,0.00000,
1630698559081652224,0.02890,-0.04887,0.21111,0.99868,0.04627,-0.01853,-0.01208,0.00184,-0.00115,0.00122,0.02887,-0.01915,0.36807,0.00000,0.00000,0.00000,
1630698559148322816,0.02881,-0.04881,0.21103,0.99868,0.04622,-0.01868,-0.01206,0.00084,-0.00543,0.00155,0.02882,-0.01920,0.36814,0.00000,0.00000,0.00000,
1630698559214994432,0.02882,-0.04888,0.21105,0.99868,0.04625,-0.01872,-0.01206,0.00199,-0.00334,0.00121,0.02891,-0.01913,0.36815,0.00000,0.00000,0.00000,
1630698559281665280,0.02915,-0.04912,0.21069,0.99868,0.04622,-0.01890,-0.01202,0.00035,-0.00307,0.00237,0.02884,-0.01910,0.36809,0.00000,0.00000,0.00000,
1630698559348337152,0.02904,-0.04914,0.21068,0.99868,0.04626,-0.01900,-0.01204,-0.00041,-0.00445,0.00205,0.02878,-0.01904,0.36810,0.00000,0.00000,0.00000,
1630698559415007744,0.02875,-0.04877,0.21100,0.99869,0.04610,-0.01886,-0.01207,0.00111,-0.00321,0.00195,0.02877,-0.01897,0.36811,0.00000,0.00000,0.00000,
1630698559481679616,0.02855,-0.04849,0.21122,0.99870,0.04593,-0.01875,-0.01209,0.00190,-0.00473,0.00120,0.02877,-0.01890,0.36817,0.00000,0.00000,0.00000,
1630698559548350464,0.02880,-0.04817,0.21094,0.99871,0.04574,-0.01869,-0.01213,0.00167,-0.00466,0.00205,0.02873,-0.01893,0.36818,0.00000,0.00000,0.00000,
1630698559615022336,0.02887,-0.04843,0.21072,0.99870,0.04574,-0.01889,-0.01214,-0.00055,-0.00606,0.00204,0.02873,-0.01905,0.36822,0.00000,0.00000,0.00000,
1630698559681693440,0.02858,-0.04817,0.21108,0.99871,0.04564,-0.01882,-0.01223,0.00065,-0.00471,0.00182,0.02867,-0.01898,0.36809,0.00000,0.00000,0.00000,
1630698559748365056,0.02823,-0.04790,0.21135,0.99872,0.04541,-0.01878,-0.01229,0.00038,-0.00463,0.00160,0.02863,-0.01893,0.36810,0.00000,0.00000,0.00000,
1630698559815036160,0.02831,-0.04825,0.21129,0.99872,0.04539,-0.01880,-0.01226,0.00089,-0.00438,0.00201,0.02861,-0.01890,0.36810,0.00000,0.00000,0.00000,
1630698559881707008,0.02860,-0.04854,0.21095,0.99871,0.04544,-0.01894,-0.01228,0.00150,-0.00522,0.00145,0.02863,-0.01889,0.36809,0.00000,0.00000,0.00000,
1630698559948376576,0.02890,-0.04885,0.21047,0.99871,0.04549,-0.01921,-0.01225,0.00111,-0.00350,0.00136,0.02864,-0.01888,0.36807,0.00000,0.00000,0.00000,
1630698560015047424,0.02888,-0.04891,0.21034,0.99870,0.04559,-0.01943,-0.01225,0.00103,-0.00446,-0.00008,0.02867,-0.01888,0.36803,0.00000,0.00000,0.00000,
1630698560081718528,0.02861,-0.04864,0.21061,0.99870,0.04551,-0.01934,-0.01226,0.00166,-0.00390,0.00199,0.02870,-0.01880,0.36805,0.00000,0.00000,0.00000,
1630698560148388352,0.02836,-0.04822,0.21102,0.99871,0.04533,-0.01907,-0.01227,0.00143,-0.00497,0.00189,0.02866,-0.01878,0.36808,0.00000,0.00000,0.00000,
1630698560215058944,0.02856,-0.04846,0.21084,0.99871,0.04537,-0.01922,-0.01228,0.00199,-0.00663,0.00175,0.02875,-0.01893,0.36808,0.00000,0.00000,0.00000,
1630698560281729024,0.02875,-0.04860,0.21055,0.99871,0.04536,-0.01925,-0.01229,0.00227,-0.00768,0.00071,0.02875,-0.01908,0.36810,0.00000,0.00000,0.00000,
1630698560348399616,0.02881,-0.04881,0.21070,0.99870,0.04555,-0.01914,-0.01237,0.00242,-0.00793,0.00104,0.02869,-0.01912,0.36809,0.00000,0.00000,0.00000,
1630698560415069696,0.02900,-0.04906,0.21045,0.99870,0.04564,-0.01930,-0.01234,0.00066,-0.00403,0.00229,0.02863,-0.01900,0.36814,0.00000,0.00000,0.00000,
1630698560481740544,0.02897,-0.04896,0.21041,0.99869,0.04563,-0.01936,-0.01235,0.00122,-0.00326,0.00031,0.02870,-0.01897,0.36807,0.00000,0.00000,0.00000,
1630698560548410112,0.02899,-0.04893,0.21033,0.99870,0.04562,-0.01934,-0.01234,0.00237,-0.00608,0.00058,0.02874,-0.01903,0.36807,0.00000,0.00000,0.00000,
1630698560615080960,0.02900,-0.04901,0.21038,0.99869,0.04573,-0.01936,-0.01235,0.00077,-0.00762,0.00148,0.02864,-0.01913,0.36808,0.00000,0.00000,0.00000,
1630698560681750784,0.02883,-0.04905,0.21049,0.99869,0.04574,-0.01943,-0.01237,-0.00070,-0.00521,0.00165,0.02856,-0.01909,0.36806,0.00000,0.00000,0.00000,
1630698560748421376,0.02870,-0.04897,0.21050,0.99869,0.04571,-0.01945,-0.01227,-0.00009,-0.00334,0.00127,0.02841,-0.01884,0.36806,0.00000,0.00000,0.00000,
1630698560815091456,0.02841,-0.04822,0.21041,0.99870,0.04555,-0.01936,-0.01208,-0.00262,-0.00392,0.00115,0.02808,-0.01896,0.36811,0.00000,0.00000,0.00000,
1630698560881762816,0.02784,-0.04836,0.21059,0.99869,0.04567,-0.01964,-0.01203,-0.00346,-0.00998,0.00166,0.02780,-0.01911,0.36810,0.00000,0.00000,0.00000,
1630698560948433152,0.02764,-0.04901,0.21061,0.99868,0.04592,-0.01962,-0.01195,-0.00500,-0.00647,0.00026,0.02749,-0.01907,0.36807,0.00000,0.00000,0.00000,
1630698561015104768,0.02717,-0.04902,0.21064,0.99868,0.04598,-0.01969,-0.01191,-0.00584,-0.00634,0.00138,0.02707,-0.01901,0.36808,0.00000,0.00000,0.00000,
1630698561081775104,0.02677,-0.04874,0.21092,0.99869,0.04583,-0.01938,-0.01217,-0.00182,-0.00333,0.00007,0.02693,-0.01886,0.36804,0.00000,0.00000,0.00000,
1630698561148446464,0.02672,-0.04862,0.21077,0.99870,0.04568,-0.01931,-0.01203,0.00022,-0.00739,0.00003,0.02683,-0.01893,0.36804,0.00000,0.00000,0.00000,
1630698561215117312,0.02692,-0.04897,0.21030,0.99869,0.04574,-0.01946,-0.01217,-0.00146,-0.00659,0.00083,0.02666,-0.01885,0.36802,0.00000,0.00000,0.00000,
1630698561281788672,0.02653,-0.04881,0.21066,0.99869,0.04581,-0.01949,-0.01215,-0.00073,-0.00668,0.00126,0.02661,-0.01884,0.36803,0.00000,0.00000,0.00000,
1630698561348459264,0.02647,-0.04874,0.21069,0.99869,0.04579,-0.01942,-0.01219,0.00181,-0.00747,0.00091,0.02664,-0.01878,0.36801,0.00000,0.00000,0.00000,
1630698561415130624,0.02684,-0.04889,0.21030,0.99869,0.04582,-0.01942,-0.01218,0.00141,-0.00474,0.00039,0.02670,-0.01869,0.36811,0.00000,0.00000,0.00000,
1630698561481802240,0.02669,-0.04889,0.21037,0.99869,0.04582,-0.01948,-0.01216,-0.00078,-0.00606,0.00119,0.02665,-0.01882,0.36805,0.00000,0.00000,0.00000,
1630698561548472832,0.02667,-0.04895,0.21031,0.99868,0.04586,-0.01952,-0.01217,-0.00000,-0.00780,0.00071,0.02663,-0.01871,0.36812,0.00000,0.00000,0.00000,
1630698561615144192,0.02668,-0.04896,0.21031,0.99868,0.04586,-0.01954,-0.01218,0.00056,-0.00570,0.00047,0.02667,-0.01866,0.36812,0.00000,0.00000,0.00000,
1630698561681814784,0.02667,-0.04890,0.21031,0.99868,0.04582,-0.01957,-0.01218,0.00086,-0.00592,0.00035,0.02665,-0.01879,0.36807,0.00000,0.00000,0.00000,
1630698561748486400,0.02662,-0.04894,0.21032,0.99868,0.04583,-0.01969,-0.01219,0.00026,-0.00776,0.00023,0.02662,-0.01885,0.36805,0.00000,0.00000,0.00000,
1630698561815156992,0.02656,-0.04888,0.21035,0.99868,0.04580,-0.01980,-0.01218,0.00073,-0.00464,0.00111,0.02662,-0.01855,0.36811,0.00000,0.00000,0.00000,
1630698561881828608,0.02655,-0.04875,0.21034,0.99868,0.04568,-0.01984,-0.01218,0.00115,-0.00457,-0.00008,0.02661,-0.01856,0.36812,0.00000,0.00000,0.00000,
1630698561948499200,0.02657,-0.04881,0.21025,0.99868,0.04562,-0.02001,-0.01219,0.00133,-0.00701,0.00028,0.02662,-0.01855,0.36815,0.00000,0.00000,0.00000,
1630698562015170816,0.02661,-0.04883,0.21019,0.99868,0.04556,-0.02025,-0.01220,0.00122,-0.00611,0.00093,0.02661,-0.01873,0.36928,0.00000,0.00000,0.00000,
1630698562081841408,0.02437,-0.05144,0.21848,0.99820,0.05461,-0.02145,-0.01259,-0.02738,-0.08701,0.18467,0.02404,-0.02183,0.37967,0.00000,0.00000,0.00000,
1630698562148513024,0.02162,-0.05905,0.22887,0.99733,0.06515,-0.02794,-0.01742,-0.05761,-0.05032,0.13992,0.01884,-0.02082,0.38471,0.00000,0.00000,0.00000,
1630698562215183616,0.02057,-0.06235,0.23381,0.99746,0.06001,-0.03318,-0.01934,-0.11778,-0.02834,0.05947,0.00918,-0.02071,0.38567,0.00000,0.00000,0.00000,
1630698562281855488,0.01695,-0.06707,0.23228,0.99752,0.06464,-0.01951,-0.02007,-0.12896,0.00196,-0.08208,0.00046,-0.01757,0.37087,0.00000,0.00000,0.00000,
1630698562348526592,0.00544,-0.07024,0.21609,0.99803,0.05930,0.00839,-0.01877,-0.15204,0.12863,-0.43778,-0.00535,-0.01107,0.36632,0.00000,0.00000,0.00000,
1630698562415198208,-0.00604,-0.05893,0.20009,0.99700,0.06038,0.04819,-0.00415,-0.12292,0.19321,-0.18857,-0.01032,-0.00525,0.36437,0.00000,0.00000,0.00000,
1630698562481868800,-0.01270,-0.05740,0.19920,0.99554,0.06848,0.06493,0.00151,-0.04796,0.09559,0.06638,-0.01027,0.00252,0.37795,0.00000,0.00000,0.00000,
1630698562548540416,-0.01698,-0.05272,0.22836,0.99150,0.12761,0.02532,-0.00155,0.03121,0.15537,0.22869,-0.00380,0.02061,0.38522,0.00000,0.00000,0.00000,
1630698562615211264,-0.01354,-0.03549,0.24585,0.99216,0.12425,0.00867,-0.01053,0.08490,0.31370,0.12984,0.00481,0.03934,0.39178,0.00000,0.00000,0.00000,
1630698562681882880,-0.00774,-0.01679,0.25825,0.99182,0.12688,0.00039,-0.01376,0.12520,0.22179,0.15632,0.01244,0.05093,0.39547,0.00000,0.00000,0.00000,
1630698562748554752,-0.00567,0.00170,0.26617,0.99133,0.12972,-0.00889,-0.01885,0.08748,0.09118,0.21221,0.02280,0.06115,0.41186,0.00000,0.00000,0.00000,
1630698562815225344,0.00372,0.01076,0.28173,0.99287,0.11654,-0.00831,-0.02374,0.12604,0.08830,0.17055,0.02946,0.06595,0.41916,0.00000,0.00000,0.00000,
1630698562881896704,0.01620,0.01745,0.29259,0.99477,0.09988,0.00575,-0.02072,0.12756,-0.00665,0.01116,0.03813,0.06496,0.41968,0.00000,0.00000,0.00000,
1630698562948567040,0.02809,0.01491,0.28823,0.99368,0.10842,0.02079,-0.02038,0.12967,-0.05936,-0.15835,0.04808,0.05432,0.41227,0.00000,0.00000,0.00000,
1630698563015238400,0.03920,0.00646,0.27776,0.99179,0.12185,0.03243,-0.02141,0.12194,-0.15661,-0.14059,0.05560,0.04156,0.40750,0.00000,0.00000,0.00000,
1630698563081908480,0.04840,-0.00531,0.26969,0.99164,0.12060,0.03944,-0.02360,0.14030,-0.17092,-0.15977,0.06198,0.03281,0.40520,0.00000,0.00000,0.00000,
1630698563148579840,0.06174,-0.01649,0.26621,0.99211,0.11618,0.04294,-0.01932,0.14727,-0.16344,0.05923,0.06898,0.02424,0.41256,0.00000,0.00000,0.00000,
1630698563215249920,0.06987,-0.02577,0.27186,0.99151,0.12406,0.03117,-0.02333,0.12180,-0.10694,0.03629,0.07760,0.02075,0.41366,0.00000,0.00000,0.00000,
1630698563281921280,0.07736,-0.02684,0.27090,0.99169,0.12264,0.03075,-0.02375,0.12158,0.03210,-0.03112,0.08118,0.02282,0.41145,0.00000,0.00000,0.00000,
1630698563348591616,0.08486,-0.02013,0.26737,0.99315,0.10849,0.03782,-0.02118,0.10129,0.10583,-0.02994,0.08841,0.03218,0.40755,0.00000,0.00000,0.00000,
1630698563415262976,0.09068,-0.01172,0.26698,0.99336,0.10630,0.03902,-0.02050,0.09977,0.09914,-0.00376,0.09273,0.03676,0.40541,0.00000,0.00000,0.00000,
1630698563481933312,0.09622,-0.00586,0.26399,0.99230,0.11500,0.03991,-0.02293,0.12474,0.03335,0.02533,0.10242,0.04459,0.40880,0.00000,0.00000,0.00000,
1630698563548604416,0.10207,-0.00103,0.27346,0.99266,0.11305,0.03788,-0.02049,0.09570,0.04489,0.13593,0.10365,0.04581,0.40936,0.00000,0.00000,0.00000,
1630698563615275008,0.10744,-0.00067,0.27882,0.99303,0.11086,0.03511,-0.01922,0.05753,-0.06658,0.06667,0.10849,0.04280,0.40777,0.00000,0.00000,0.00000,
1630698563681946368,0.11027,-0.00369,0.27545,0.99283,0.11218,0.03643,-0.01924,0.03107,-0.07789,0.03333,0.10887,0.04068,0.40692,0.00000,0.00000,0.00000,
1630698563748616448,0.11209,-0.00800,0.27274,0.99271,0.11354,0.03641,-0.01747,0.03467,-0.10579,0.03857,0.10962,0.03670,0.40610,0.00000,0.00000,0.00000,
1630698563815287808,0.11580,-0.01351,0.26819,0.99290,0.11107,0.03877,-0.01759,0.06551,-0.07979,0.02614,0.11333,0.03029,0.40547,0.00000,0.00000,0.00000,
1630698563881958144,0.11978,-0.01720,0.27303,0.99345,0.10715,0.03631,-0.01612,0.08456,-0.06775,0.13309,0.11842,0.02634,0.41120,0.00000,0.00000,0.00000,
1630698563948629760,0.12407,-0.02055,0.27813,0.99330,0.11003,0.02848,-0.02102,0.09916,-0.02520,0.04662,0.12111,0.02521,0.41151,0.00000,0.00000,0.00000,
1630698564015300352,0.12974,-0.01924,0.27589,0.99383,0.10374,0.03210,-0.02246,0.10545,0.08329,0.00791,0.12956,0.02930,0.40702,0.00000,0.00000,0.00000,
1630698564081971968,0.13838,-0.00949,0.27192,0.99514,0.08817,0.03967,-0.01889,0.13056,0.19659,-0.01198,0.13848,0.04039,0.40115,0.00000,0.00000,0.00000,
1630698564148643328,0.14916,0.00493,0.26933,0.99467,0.09284,0.04125,-0.01737,0.19580,0.22353,0.00149,0.15149,0.05312,0.39485,0.00000,0.00000,0.00000,
1630698564215313664,0.16719,0.02081,0.26224,0.99352,0.10119,0.04857,-0.01798,0.24109,0.19264,0.12486,0.17081,0.06881,0.39888,0.00000,0.00000,0.00000,
1630698564281985280,0.18323,0.02947,0.27638,0.99575,0.08417,0.03190,-0.01936,0.21002,0.12663,0.18875,0.18424,0.07817,0.40467,0.00000,0.00000,0.00000,
1630698564348655616,0.19701,0.03724,0.28056,0.99652,0.07753,0.02273,-0.02039,0.19935,0.07617,0.05788,0.19646,0.08038,0.40432,0.00000,0.00000,0.00000,
1630698564415327232,0.20837,0.03967,0.27828,0.99444,0.09963,0.02663,-0.02140,0.17005,-0.00123,-0.02471,0.20703,0.07757,0.40020,0.00000,0.00000,0.00000,
1630698564481997824,0.22004,0.03743,0.27161,0.99227,0.11838,0.03166,-0.01952,0.16741,-0.07682,-0.03253,0.22043,0.06824,0.39861,0.00000,0.00000,0.00000,
1630698564548669440,0.23148,0.03050,0.26697,0.99308,0.11107,0.03138,-0.02154,0.20761,-0.05429,-0.00224,0.22934,0.06417,0.40035,0.00000,0.00000,0.00000,
1630698564615339776,0.24281,0.02352,0.26903,0.99376,0.10524,0.03186,-0.01884,0.19113,-0.07976,-0.02074,0.24288,0.05783,0.40262,0.00000,0.00000,0.00000,
1630698564682011392,0.25477,0.01800,0.27325,0.99331,0.11088,0.02419,-0.02122,0.19143,-0.04250,0.04168,0.25170,0.05700,0.40258,0.00000,0.00000,0.00000,
1630698564748681728,0.26730,0.01837,0.27248,0.99385,0.10531,0.02657,-0.02158,0.19181,0.06976,-0.03938,0.26078,0.05979,0.39956,0.00000,0.00000,0.00000,
1630698564815353600,0.28065,0.02644,0.26993,0.99482,0.09466,0.03114,-0.01995,0.20226,0.16125,-0.02277,0.27744,0.07177,0.39387,0.00000,0.00000,0.00000,
1630698564882024192,0.29718,0.03962,0.26579,0.99490,0.09250,0.03506,-0.01960,0.25933,0.16088,-0.01109,0.29348,0.07940,0.39300,0.00000,0.00000,0.00000,
1630698564948696064,0.31189,0.04922,0.27051,0.99464,0.09364,0.03622,-0.02474,0.22683,0.13056,0.17104,0.30720,0.08805,0.39859,0.00000,0.00000,0.00000,
1630698565015366912,0.32630,0.05774,0.27800,0.99580,0.08428,0.02683,-0.02352,0.20487,0.10413,0.07649,0.31895,0.09271,0.40059,0.00000,0.00000,0.00000,
1630698565082038528,0.33938,0.06110,0.28032,0.99582,0.08489,0.02242,-0.02512,0.17517,0.02292,0.01246,0.32855,0.09096,0.39884,0.00000,0.00000,0.00000,
1630698565148709376,0.35022,0.05956,0.27506,0.99381,0.10448,0.02803,-0.02514,0.14531,-0.04083,-0.06060,0.33435,0.08663,0.39558,0.00000,0.00000,0.00000,
1630698565215380992,0.35844,0.05241,0.26833,0.99294,0.11132,0.03094,-0.02693,0.14567,-0.12127,-0.04793,0.33793,0.08190,0.39435,0.00000,0.00000,0.00000,
1630698565282051840,0.36709,0.04464,0.26845,0.99298,0.11031,0.03535,-0.02381,0.15910,-0.05717,0.03510,0.35176,0.06929,0.39801,0.00000,0.00000,0.00000,
1630698565348723456,0.37213,0.03806,0.27036,0.99285,0.11353,0.02759,-0.02432,0.12660,-0.07372,0.02552,0.35986,0.06251,0.40049,0.00000,0.00000,0.00000,
1630698565415395328,0.37968,0.03297,0.27344,0.99256,0.11728,0.02154,-0.02451,0.12111,-0.02005,0.05171,0.36313,0.06164,0.40084,0.00000,0.00000,0.00000,
1630698565482066176,0.38603,0.03320,0.27281,0.99376,0.10647,0.02401,-0.02285,0.09691,0.05686,0.00099,0.36972,0.06480,0.39795,0.00000,0.00000,0.00000,
1630698565548738048,0.38792,0.03735,0.26758,0.99479,0.09636,0.02575,-0.02120,0.08141,0.09048,0.03033,0.37485,0.06997,0.39690,0.00000,0.00000,0.00000,
1630698565615408640,0.39393,0.04283,0.26827,0.99450,0.09921,0.02610,-0.02104,0.10977,0.04088,0.06251,0.38097,0.07264,0.39967,0.00000,0.00000,0.00000,
1630698565682080512,0.40030,0.04525,0.27240,0.99450,0.09908,0.02537,-0.02239,0.09562,0.09292,0.06434,0.38804,0.07703,0.39996,0.00000,0.00000,0.00000,
1630698565748751360,0.40594,0.04816,0.27352,0.99501,0.09494,0.02155,-0.02189,0.09053,0.01228,0.02518,0.39278,0.07530,0.39971,0.00000,0.00000,0.00000,
1630698565815423232,0.41083,0.04652,0.27292,0.99472,0.09686,0.02353,-0.02456,0.06817,-0.02318,-0.00236,0.39616,0.07103,0.39741,0.00000,0.00000,0.00000,
1630698565882093312,0.41487,0.04254,0.26899,0.99415,0.10199,0.02610,-0.02401,0.05488,-0.08509,-0.02414,0.39843,0.06546,0.39591,0.00000,0.00000,0.00000,
1630698565948764928,0.41877,0.03489,0.26369,0.99340,0.10809,0.02971,-0.02413,0.07931,-0.09805,-0.06701,0.40313,0.05944,0.39630,0.00000,0.00000,0.00000,
1630698566015435008,0.42371,0.02771,0.26768,0.99337,0.10847,0.03214,-0.02024,0.08247,-0.12475,0.11016,0.40917,0.05202,0.40370,0.00000,0.00000,0.00000,
1630698566082106112,0.42854,0.02079,0.27258,0.99306,0.11328,0.02026,-0.02421,0.09907,-0.08658,0.03841,0.41745,0.04909,0.40292,0.00000,0.00000,0.00000,
1630698566148776192,0.43532,0.02003,0.27226,0.99307,0.11284,0.02066,-0.02571,0.11158,0.00799,-0.00378,0.42463,0.05370,0.40013,0.00000,0.00000,0.00000,
1630698566215447552,0.44147,0.02416,0.26956,0.99443,0.09997,0.02424,-0.02309,0.11311,0.09075,-0.02075,0.43300,0.06128,0.39720,0.00000,0.00000,0.00000,
1630698566282117632,0.44895,0.03314,0.26792,0.99489,0.09497,0.02693,-0.02130,0.14124,0.13517,-0.00645,0.44380,0.06773,0.39649,0.00000,0.00000,0.00000,
1630698566348788992,0.45972,0.04191,0.26541,0.99473,0.09518,0.03175,-0.02102,0.17068,0.06757,0.05857,0.45341,0.07369,0.39954,0.00000,0.00000,0.00000,
1630698566415459072,0.46900,0.04725,0.27026,0.99530,0.09137,0.02443,-0.02073,0.14846,0.07054,0.04218,0.46227,0.07524,0.40073,0.00000,0.00000,0.00000,
1630698566482130176,0.47900,0.05010,0.27366,0.99570,0.08799,0.02008,-0.02095,0.14139,-0.00718,0.02533,0.46631,0.07461,0.40011,0.00000,0.00000,0.00000,
1630698566548800512,0.48746,0.04920,0.27166,0.99518,0.09260,0.02388,-0.02162,0.12210,-0.04342,-0.04303,0.47156,0.07121,0.39804,0.00000,0.00000,0.00000,
1630698566615471616,0.49492,0.04386,0.26684,0.99439,0.09986,0.02810,-0.02077,0.11344,-0.12341,-0.07740,0.47983,0.05961,0.39331,0.00000,0.00000,0.00000,
1630698566682141696,0.50317,0.03515,0.25873,0.99344,0.10723,0.03401,-0.02033,0.13031,-0.13894,-0.01062,0.48716,0.05089,0.39694,0.00000,0.00000,0.00000,
1630698566748812800,0.51198,0.02511,0.26386,0.99312,0.11183,0.02871,-0.01969,0.12802,-0.19037,0.14202,0.49343,0.04143,0.40721,0.00000,0.00000,0.00000,
1630698566815484160,0.51910,0.01279,0.27052,0.99232,0.12050,0.01339,-0.02444,0.13070,-0.12343,-0.00228,0.50209,0.03557,0.40785,0.00000,0.00000,0.00000,
1630698566882154496,0.52779,0.00960,0.26930,0.99300,0.11515,0.01399,-0.02218,0.11366,0.00598,-0.01861,0.50773,0.03817,0.40548,0.00000,0.00000,0.00000,
1630698566948825600,0.53325,0.01170,0.26777,0.99549,0.09134,0.01837,-0.01790,0.09223,0.03645,-0.02632,0.51146,0.04033,0.40413,0.00000,0.00000,0.00000,
1630698567015495680,0.53918,0.01576,0.26723,0.99544,0.09262,0.01673,-0.01525,0.09642,0.04538,0.03479,0.51758,0.04428,0.40405,0.00000,0.00000,0.00000,
1630698567082166784,0.54593,0.02015,0.26916,0.99472,0.10019,0.01876,-0.01188,0.13094,0.06210,0.02335,0.52523,0.04770,0.40260,0.00000,0.00000,0.00000,
1630698567148837376,0.55351,0.02276,0.26777,0.99506,0.09722,0.01682,-0.01064,0.11308,-0.00580,-0.02383,0.53023,0.04743,0.40099,0.00000,0.00000,0.00000,
1630698567215508480,0.56009,0.02020,0.26661,0.99480,0.09914,0.01856,-0.01396,0.10119,-0.06864,-0.00641,0.53753,0.04143,0.39926,0.00000,0.00000,0.00000,
1630698567282178560,0.56670,0.01552,0.26255,0.99401,0.10574,0.02383,-0.01402,0.09045,-0.10487,-0.06408,0.54428,0.02969,0.39449,0.00000,0.00000,0.00000,
1630698567348849664,0.57307,0.00612,0.25633,0.99285,0.11485,0.02951,-0.01400,0.11242,-0.15812,-0.09028,0.54988,0.02094,0.39056,0.00000,0.00000,0.00000,
1630698567415520000,0.57973,-0.00297,0.24911,0.99250,0.11602,0.03645,-0.01218,0.14610,-0.12606,-0.00479,0.55964,0.00828,0.39846,0.00000,0.00000,0.00000,
1630698567482191360,0.58781,-0.01478,0.25662,0.99299,0.11425,0.02770,-0.01243,0.11510,-0.18435,0.12085,0.56433,0.00056,0.40322,0.00000,0.00000,0.00000,
1630698567548861440,0.59451,-0.02450,0.26095,0.99223,0.12280,0.01415,-0.01416,0.11038,-0.13902,0.01850,0.57267,-0.00941,0.40554,0.00000,0.00000,0.00000,
1630698567615532544,0.60077,-0.03035,0.26354,0.99297,0.11735,0.01002,-0.01200,0.07278,-0.05504,0.01370,0.57579,-0.01208,0.40370,0.00000,0.00000,0.00000,
1630698567682202880,0.60366,-0.03075,0.26196,0.99563,0.09201,0.01171,-0.01112,0.04372,-0.03662,-0.01634,0.57695,-0.01506,0.40608,0.00000,0.00000,0.00000,
1630698567748873984,0.60530,-0.03415,0.26358,0.99525,0.09660,0.00585,-0.01066,0.01432,-0.05494,0.07979,0.57966,-0.01800,0.40665,0.00000,0.00000,0.00000,
1630698567815544064,0.60729,-0.03686,0.26558,0.99460,0.10259,0.00849,-0.01281,0.04836,-0.00837,-0.00608,0.58273,-0.01918,0.40195,0.00000,0.00000,0.00000,
1630698567882215168,0.61130,-0.03757,0.25983,0.99464,0.10206,0.01185,-0.01159,0.06444,-0.04977,-0.06182,0.58586,-0.02396,0.40005,0.00000,0.00000,0.00000,
1630698567948885504,0.61584,-0.04284,0.25630,0.99391,0.10782,0.01688,-0.01528,0.07675,-0.09002,-0.03013,0.58950,-0.02898,0.39839,0.00000,0.00000,0.00000,
1630698568015556608,0.62138,-0.04896,0.25140,0.99314,0.11386,0.02151,-0.01539,0.09465,-0.11570,-0.06388,0.59738,-0.04032,0.39360,0.00000,0.00000,0.00000,
1630698568082227712,0.62717,-0.05647,0.24449,0.99227,0.12001,0.02711,-0.01622,0.14999,-0.13240,-0.09893,0.61029,-0.05119,0.39206,0.00000,0.00000,0.00000,
1630698568148897792,0.63785,-0.06456,0.24544,0.99310,0.11182,0.03250,-0.01365,0.16641,-0.09560,0.08649,0.61776,-0.05695,0.39665,0.00000,0.00000,0.00000,
1630698568215568896,0.64837,-0.07227,0.25057,0.99387,0.10718,0.02240,-0.01557,0.15165,-0.10649,0.06158,0.62992,-0.06446,0.39987,0.00000,0.00000,0.00000,
1630698568282238976,0.66012,-0.07771,0.25452,0.99336,0.11276,0.01589,-0.01654,0.15036,-0.03764,0.05951,0.63711,-0.06510,0.39948,0.00000,0.00000,0.00000,
1630698568348910080,0.67025,-0.07639,0.25385,0.99423,0.10481,0.01693,-0.01517,0.14385,0.07182,0.00185,0.64938,-0.05892,0.39542,0.00000,0.00000,0.00000,
1630698568415580160,0.68002,-0.06842,0.25147,0.99547,0.09172,0.02126,-0.01323,0.15038,0.12653,0.00613,0.66025,-0.05165,0.39346,0.00000,0.00000,0.00000,
1630698568482251520,0.68992,-0.06178,0.25290,0.99564,0.08926,0.02280,-0.01477,0.17776,0.06370,0.06739,0.66891,-0.04808,0.39642,0.00000,0.00000,0.00000,
1630698568548921600,0.70147,-0.05692,0.25757,0.99560,0.08979,0.02088,-0.01679,0.14967,0.10713,0.09523,0.68392,-0.04006,0.39706,0.00000,0.00000,0.00000,
1630698568615592704,0.71178,-0.05153,0.25913,0.99631,0.08257,0.01454,-0.01862,0.14374,0.04189,0.05554,0.69020,-0.03896,0.39790,0.00000,0.00000,0.00000,
1630698568682262784,0.71970,-0.04972,0.25964,0.99614,0.08386,0.01176,-0.02302,0.11261,0.01373,0.01276,0.69521,-0.03975,0.39621,0.00000,0.00000,0.00000,
1630698568748933888,0.72575,-0.04961,0.25651,0.99480,0.09814,0.01299,-0.02407,0.09068,-0.02634,-0.00758,0.70232,-0.04326,0.39528,0.00000,0.00000,0.00000,
1630698568815603968,0.73197,-0.05147,0.25464,0.99467,0.09884,0.01178,-0.02678,0.09707,-0.02618,0.02806,0.70865,-0.04215,0.39983,0.00000,0.00000,0.00000,
1630698568882275072,0.73824,-0.05220,0.26286,0.99497,0.09747,0.01265,-0.01952,0.09248,-0.00662,0.06769,0.71469,-0.04359,0.39883,0.00000,0.00000,0.00000,
1630698568948945408,0.74528,-0.05261,0.26273,0.99474,0.09971,0.00929,-0.02174,0.11299,0.02642,-0.00173,0.71838,-0.04274,0.39842,0.00000,0.00000,0.00000,
1630698569015616512,0.75358,-0.04806,0.26150,0.99507,0.09676,0.01126,-0.01840,0.13853,0.10977,-0.01582,0.73213,-0.03347,0.39330,0.00000,0.00000,0.00000,
1630698569082286592,0.76322,-0.03970,0.25822,0.99588,0.08735,0.01780,-0.01663,0.15626,0.16181,-0.02166,0.74061,-0.02607,0.39016,0.00000,0.00000,0.00000,
1630698569148957696,0.77566,-0.02854,0.25672,0.99621,0.08233,0.02300,-0.01580,0.20954,0.19176,-0.03846,0.75911,-0.01434,0.38633,0.00000,0.00000,0.00000,
1630698569215628032,0.79057,-0.01800,0.25248,0.99528,0.09057,0.02915,-0.01929,0.23092,0.09076,0.09834,0.77355,-0.00475,0.39113,0.00000,0.00000,0.00000,
1630698569282299392,0.80575,-0.00706,0.26052,0.99602,0.08459,0.02098,-0.01873,0.22421,0.15990,0.08466,0.78697,0.00147,0.39394,0.00000,0.00000,0.00000,
1630698569348969472,0.81969,-0.00044,0.26279,0.99682,0.07604,0.01156,-0.02099,0.20109,0.07997,0.03794,0.79909,0.00208,0.39306,0.00000,0.00000,0.00000,
1630698569415640576,0.83220,0.00221,0.26093,0.99554,0.09069,0.01328,-0.02230,0.18166,0.01334,-0.07873,0.80697,-0.00119,0.38958,0.00000,0.00000,0.00000,
1630698569482311680,0.84307,-0.00018,0.25340,0.99311,0.11327,0.01991,-0.02244,0.17510,-0.05389,-0.08896,0.81715,-0.00827,0.38593,0.00000,0.00000,0.00000,
1630698569548982016,0.85411,-0.00551,0.24973,0.99327,0.11155,0.02118,-0.02282,0.19963,-0.03166,-0.01524,0.82843,-0.01277,0.38929,0.00000,0.00000,0.00000,
1630698569615653120,0.86452,-0.01067,0.25285,0.99402,0.10558,0.02071,-0.01851,0.16400,-0.07586,0.04183,0.84097,-0.01928,0.39188,0.00000,0.00000,0.00000,
1630698569682323200,0.87563,-0.01470,0.25479,0.99360,0.11077,0.01176,-0.01863,0.17382,-0.02538,0.03438,0.84620,-0.02035,0.39239,0.00000,0.00000,0.00000,
1630698569748994304,0.88684,-0.01499,0.25383,0.99388,0.10827,0.01220,-0.01796,0.17861,0.04822,-0.03492,0.86048,-0.01738,0.38906,0.00000,0.00000,0.00000,
1630698569815664640,0.89808,-0.00899,0.25083,0.99529,0.09409,0.01647,-0.01646,0.18419,0.13114,-0.03309,0.87286,-0.00983,0.38549,0.00000,0.00000,0.00000,
1630698569882335744,0.91141,0.00069,0.24792,0.99546,0.09205,0.01845,-0.01573,0.22444,0.15248,-0.04268,0.88723,-0.00397,0.38466,0.00000,0.00000,0.00000,
1630698569949005568,0.92409,0.00428,0.25251,0.99513,0.09258,0.02415,-0.02374,0.19042,0.07953,0.13591,0.89978,0.00224,0.38943,0.00000,0.00000,0.00000,
1630698570015676672,0.93658,0.01076,0.25929,0.99569,0.08870,0.01600,-0.02189,0.18255,0.07301,0.02469,0.91164,0.00591,0.38944,0.00000,0.00000,0.00000,
1630698570082347008,0.94852,0.01303,0.25935,0.99582,0.08658,0.01330,-0.02589,0.16982,-0.01554,0.01957,0.92418,0.00294,0.38787,0.00000,0.00000,0.00000,
1630698570149018112,0.95860,0.01165,0.25601,0.99497,0.09519,0.01530,-0.02703,0.15238,-0.05423,-0.06332,0.92851,0.00002,0.38600,0.00000,0.00000,0.00000,
1630698570215687936,0.96811,0.00558,0.25092,0.99418,0.10233,0.01789,-0.02847,0.16375,-0.12529,-0.07869,0.94040,-0.01053,0.38347,0.00000,0.00000,0.00000,
1630698570282359040,0.98053,-0.00012,0.24931,0.99376,0.10643,0.02375,-0.02344,0.16024,-0.05471,0.08033,0.95182,-0.01715,0.39052,0.00000,0.00000,0.00000,
1630698570349029376,0.98950,-0.00607,0.25389,0.99376,0.10809,0.01614,-0.02225,0.15545,-0.08923,0.05327,0.96106,-0.02306,0.39257,0.00000,0.00000,0.00000,
1630698570415700224,0.99937,-0.00978,0.25393,0.99321,0.11366,0.00756,-0.02372,0.17820,-0.01941,-0.00932,0.96893,-0.02440,0.39204,0.00000,0.00000,0.00000,
1630698570482370304,1.00998,-0.00944,0.25165,0.99426,0.10416,0.01045,-0.02220,0.17086,0.07791,-0.04815,0.97948,-0.02111,0.38888,0.00000,0.00000,0.00000,
1630698570549041408,1.01934,-0.00405,0.24756,0.99551,0.09120,0.01416,-0.02120,0.17512,0.12989,-0.04528,0.99413,-0.01307,0.38521,0.00000,0.00000,0.00000,
1630698570615711488,1.03248,0.00332,0.24605,0.99526,0.09397,0.01468,-0.02047,0.20592,0.11146,0.05380,1.00312,-0.01140,0.38913,0.00000,0.00000,0.00000,
1630698570682382592,1.04325,0.00496,0.25437,0.99516,0.09342,0.01590,-0.02600,0.17258,0.09102,0.09575,1.01410,-0.00578,0.39238,0.00000,0.00000,0.00000,
1630698570749053696,1.05436,0.01009,0.25645,0.99559,0.09013,0.00969,-0.02397,0.17166,0.04858,-0.02339,1.02488,-0.00539,0.39103,0.00000,0.00000,0.00000,
1630698570815723776,1.06510,0.00939,0.25375,0.99536,0.09149,0.01080,-0.02780,0.15994,-0.03317,-0.06687,1.03652,-0.01266,0.38665,0.00000,0.00000,0.00000,
1630698570882395136,1.07467,0.00429,0.24753,0.99433,0.10093,0.01432,-0.03036,0.15810,-0.09107,-0.11643,1.04690,-0.02241,0.38077,0.00000,0.00000,0.00000,
1630698570949065216,1.08653,-0.00348,0.23923,0.99376,0.10469,0.01990,-0.03284,0.20076,-0.12638,-0.14045,1.05908,-0.02922,0.38153,0.00000,0.00000,0.00000,
1630698571015736320,1.09887,-0.00994,0.24108,0.99404,0.10206,0.02667,-0.02761,0.17633,-0.07636,0.09774,1.06944,-0.03478,0.38514,0.00000,0.00000,0.00000,
1630698571082406656,1.11068,-0.01454,0.24368,0.99385,0.10603,0.01559,-0.02798,0.19356,-0.05565,0.00189,1.08161,-0.03846,0.38600,0.00000,0.00000,0.00000,
1630698571149078016,1.12372,-0.01538,0.24495,0.99370,0.10800,0.01090,-0.02800,0.22664,0.01070,-0.02419,1.09540,-0.03667,0.38235,0.00000,0.00000,0.00000,
1630698571215748352,1.13885,-0.00978,0.24054,0.99508,0.09373,0.01663,-0.02730,0.23109,0.11454,-0.06426,1.10663,-0.03119,0.37841,0.00000,0.00000,0.00000,
1630698571282419456,1.15549,-0.00062,0.23695,0.99602,0.08259,0.02094,-0.02627,0.26680,0.16319,-0.05002,1.12421,-0.02293,0.37393,0.00000,0.00000,0.00000,
1630698571349089536,1.17507,0.00692,0.23412,0.99510,0.08963,0.02787,-0.03113,0.28299,0.05111,0.06674,1.13732,-0.01963,0.37715,0.00000,0.00000,0.00000,
1630698571415760896,1.19085,0.01629,0.24521,0.99575,0.08326,0.02045,-0.03365,0.25350,0.14891,0.13783,1.16087,-0.00745,0.38559,0.00000,0.00000,0.00000,
1630698571482431232,1.20597,0.02388,0.25194,0.99682,0.07220,0.00969,-0.03234,0.23613,0.07911,0.02979,1.17755,-0.00782,0.38412,0.00000,0.00000,0.00000,
1630698571549102592,1.22093,0.02547,0.25061,0.99609,0.08150,0.00938,-0.03277,0.21285,-0.01279,-0.05908,1.18934,-0.01485,0.37900,0.00000,0.00000,0.00000,
1630698571615772672,1.23305,0.02209,0.24651,0.99414,0.10187,0.01716,-0.03190,0.20750,-0.07177,-0.09916,1.20156,-0.02454,0.37759,0.00000,0.00000,0.00000,
1630698571682444032,1.24640,0.01361,0.24498,0.99423,0.10057,0.01820,-0.03260,0.21213,-0.12028,0.03866,1.21271,-0.02988,0.38467,0.00000,0.00000,0.00000,
1630698571749114368,1.25744,0.00547,0.25041,0.99477,0.09746,0.02118,-0.02224,0.18026,-0.11196,0.09964,1.22276,-0.03734,0.38995,0.00000,0.00000,0.00000,
1630698571815785472,1.26689,-0.00223,0.25605,0.99445,0.10222,0.00452,-0.02462,0.18670,-0.07962,0.01675,1.23379,-0.04086,0.38954,0.00000,0.00000,0.00000,
1630698571882455808,1.27690,-0.00790,0.25776,0.99469,0.09999,0.00113,-0.02449,0.17939,-0.00447,-0.01449,1.24775,-0.03672,0.38582,0.00000,0.00000,0.00000,
1630698571949126912,1.28741,-0.00596,0.25632,0.99653,0.07951,0.00487,-0.02399,0.17217,0.07115,-0.03046,1.25669,-0.03256,0.38356,0.00000,0.00000,0.00000,
1630698572015797248,1.29938,0.00002,0.25435,0.99689,0.07490,0.00636,-0.02370,0.19124,0.11414,-0.00932,1.26875,-0.03040,0.38812,0.00000,0.00000,0.00000,
1630698572082468608,1.31139,0.00119,0.25723,0.99611,0.08217,0.01091,-0.02985,0.17162,-0.00030,0.15023,1.28001,-0.02450,0.39193,0.00000,0.00000,0.00000,
1630698572149139712,1.32282,0.00659,0.26384,0.99654,0.07829,0.00365,-0.02754,0.18069,0.08488,0.03026,1.28798,-0.02296,0.39192,0.00000,0.00000,0.00000,
1630698572215809792,1.33389,0.00903,0.26495,0.99673,0.07607,0.00042,-0.02732,0.16497,-0.01012,0.01102,1.29543,-0.02464,0.39112,0.00000,0.00000,0.00000,
1630698572282481152,1.34395,0.00702,0.26217,0.99641,0.07990,0.00427,-0.02777,0.15305,-0.06608,-0.04336,1.30657,-0.03332,0.38770,0.00000,0.00000,0.00000,
1630698572349151488,1.35351,0.00006,0.25759,0.99570,0.08777,0.00999,-0.02785,0.15250,-0.13542,-0.07999,1.31101,-0.03887,0.38515,0.00000,0.00000,0.00000,
1630698572415822848,1.36385,-0.00954,0.25311,0.99502,0.09499,0.01468,-0.02652,0.16768,-0.14671,0.02977,1.32327,-0.04964,0.38777,0.00000,0.00000,0.00000,
1630698572482492928,1.37332,-0.01842,0.26044,0.99493,0.09717,0.01238,-0.02268,0.13464,-0.14481,0.13635,1.33330,-0.06000,0.39363,0.00000,0.00000,0.00000,
1630698572549164032,1.38201,-0.02651,0.26323,0.99422,0.10460,-0.00042,-0.02431,0.14471,-0.07643,0.01506,1.33990,-0.06342,0.39396,0.00000,0.00000,0.00000,
1630698572615834368,1.39143,-0.02874,0.26240,0.99474,0.10021,-0.00098,-0.02118,0.12758,0.01340,0.00459,1.34767,-0.06238,0.39217,0.00000,0.00000,0.00000,
1630698572682505728,1.39856,-0.02738,0.25966,0.99665,0.07933,0.00274,-0.01968,0.11398,0.06681,-0.03392,1.35723,-0.05714,0.38929,0.00000,0.00000,0.00000,
1630698572749176064,1.40669,-0.02242,0.25923,0.99677,0.07834,0.00245,-0.01768,0.13010,0.07965,0.01869,1.36405,-0.05527,0.39067,0.00000,0.00000,0.00000,
1630698572815847168,1.41576,-0.02094,0.26214,0.99611,0.08575,0.00494,-0.01956,0.13386,0.05690,0.06351,1.37488,-0.05235,0.39144,0.00000,0.00000,0.00000,
1630698572882517248,1.42445,-0.01836,0.26097,0.99624,0.08476,0.00210,-0.01797,0.13033,0.02136,-0.03215,1.38322,-0.05408,0.39028,0.00000,0.00000,0.00000,
1630698572949188352,1.43289,-0.02001,0.25963,0.99609,0.08591,0.00319,-0.02057,0.12662,-0.05187,-0.02282,1.39078,-0.05936,0.38792,0.00000,0.00000,0.00000,
1630698573015858688,1.44099,-0.02442,0.25564,0.99553,0.09179,0.00668,-0.02115,0.12137,-0.09796,-0.07528,1.39869,-0.06836,0.38439,0.00000,0.00000,0.00000,
1630698573082529792,1.45014,-0.03268,0.24991,0.99476,0.09929,0.01130,-0.02165,0.15453,-0.15038,-0.10975,1.40898,-0.07804,0.38315,0.00000,0.00000,0.00000,
1630698573149199872,1.46199,-0.04040,0.24707,0.99461,0.10056,0.01717,-0.01868,0.16050,-0.06635,0.07926,1.41625,-0.08194,0.38828,0.00000,0.00000,0.00000,
1630698573215870976,1.47219,-0.04778,0.25155,0.99509,0.09702,0.00990,-0.01705,0.14602,-0.10736,0.03386,1.42768,-0.08893,0.39093,0.00000,0.00000,0.00000,
1630698573282541312,1.48229,-0.05288,0.25270,0.99459,0.10235,0.00204,-0.01771,0.15913,-0.04802,0.00452,1.43522,-0.08992,0.39085,0.00000,0.00000,0.00000,
1630698573349212416,1.49268,-0.05219,0.25069,0.99529,0.09538,0.00382,-0.01676,0.15385,0.05276,-0.05769,1.44529,-0.08587,0.38762,0.00000,0.00000,0.00000,
1630698573415882240,1.50271,-0.04570,0.24745,0.99647,0.08215,0.00806,-0.01541,0.16347,0.12156,-0.05359,1.45680,-0.07817,0.38341,0.00000,0.00000,0.00000,
1630698573482553600,1.51466,-0.03696,0.24600,0.99660,0.08036,0.01058,-0.01456,0.17570,0.07776,0.07269,1.47168,-0.07181,0.38677,0.00000,0.00000,0.00000,
1630698573549224704,1.52658,-0.03360,0.25253,0.99657,0.07923,0.01204,-0.02040,0.15393,0.10437,0.08826,1.48195,-0.06551,0.38903,0.00000,0.00000,0.00000,
1630698573615894784,1.53587,-0.02653,0.25463,0.99699,0.07493,0.00272,-0.01985,0.14767,0.05872,-0.01295,1.48901,-0.06392,0.38876,0.00000,0.00000,0.00000,
1630698573682565888,1.54470,-0.02494,0.25428,0.99706,0.07245,0.00107,-0.02509,0.12044,0.00323,-0.04432,1.49819,-0.06665,0.38637,0.00000,0.00000,0.00000,
1630698573749236224,1.55181,-0.02700,0.25144,0.99599,0.08494,0.00272,-0.02781,0.09375,-0.05235,-0.05295,1.50442,-0.07176,0.38419,0.00000,0.00000,0.00000,
1630698573815907328,1.55864,-0.03165,0.24892,0.99557,0.08869,0.00384,-0.03093,0.10421,-0.08218,-0.05044,1.51123,-0.07356,0.38780,0.00000,0.00000,0.00000,
1630698573882577408,1.56659,-0.03503,0.25620,0.99590,0.08672,0.00644,-0.02492,0.09614,-0.02211,0.08061,1.51690,-0.07637,0.39024,0.00000,0.00000,0.00000,
1630698573949248512,1.57127,-0.03523,0.25674,0.99581,0.08770,-0.00136,-0.02595,0.10130,-0.03088,-0.04376,1.51999,-0.07712,0.38940,0.00000,0.00000,0.00000,
1630698574015918848,1.57853,-0.03429,0.25681,0.99574,0.08929,-0.00245,-0.02270,0.11145,0.05650,-0.00153,1.52900,-0.07311,0.38748,0.00000,0.00000,0.00000,
1630698574082589952,1.58600,-0.02874,0.25446,0.99666,0.07917,0.00437,-0.01966,0.10422,0.09889,-0.04268,1.53623,-0.06613,0.38356,0.00000,0.00000,0.00000,
1630698574149260032,1.59353,-0.02008,0.25271,0.99715,0.07260,0.00846,-0.01852,0.12552,0.14104,-0.01544,1.54850,-0.05578,0.38046,0.00000,0.00000,0.00000,
1630698574215931136,1.60400,-0.01120,0.25106,0.99653,0.07964,0.01351,-0.01985,0.16878,0.07812,0.02152,1.55904,-0.04861,0.38504,0.00000,0.00000,0.00000,
1630698574282601472,1.61288,-0.00374,0.25652,0.99676,0.07703,0.00913,-0.02111,0.14674,0.13936,0.08731,1.56659,-0.04222,0.38690,0.00000,0.00000,0.00000,
1630698574349272576,1.62176,0.00298,0.26166,0.99749,0.06758,0.00035,-0.02132,0.14013,0.06626,0.04619,1.57780,-0.03759,0.38876,0.00000,0.00000,0.00000,
1630698574415942656,1.63045,0.00577,0.26268,0.99745,0.06707,-0.00171,-0.02441,0.11540,0.02342,-0.00931,1.58331,-0.03797,0.38785,0.00000,0.00000,0.00000,
1630698574482613760,1.63734,0.00490,0.26119,0.99625,0.08305,0.00190,-0.02435,0.09043,-0.02602,-0.04507,1.58908,-0.04094,0.38531,0.00000,0.00000,0.00000,
1630698574549284096,1.64406,0.00316,0.25707,0.99582,0.08734,0.00286,-0.02657,0.08220,-0.03279,0.06248,1.59616,-0.04157,0.39116,0.00000,0.00000,0.00000,
1630698574615955200,1.64876,0.00266,0.26406,0.99614,0.08526,0.00096,-0.02074,0.08420,-0.02940,0.03663,1.60046,-0.04321,0.39192,0.00000,0.00000,0.00000,
1630698574682625280,1.65518,0.00050,0.26557,0.99589,0.08732,-0.00357,-0.02378,0.09352,-0.01263,-0.00734,1.60748,-0.04245,0.39074,0.00000,0.00000,0.00000,
1630698574749296384,1.66316,0.00489,0.26553,0.99616,0.08502,-0.00110,-0.02092,0.11102,0.07886,-0.00816,1.61809,-0.03494,0.38618,0.00000,0.00000,0.00000,
1630698574815967488,1.67158,0.01206,0.26222,0.99695,0.07537,0.00645,-0.01931,0.12061,0.12226,-0.01564,1.62831,-0.02532,0.38213,0.00000,0.00000,0.00000,
1630698574882637824,1.68140,0.02176,0.26080,0.99716,0.07195,0.01088,-0.01926,0.16696,0.16250,-0.01922,1.64230,-0.01513,0.37843,0.00000,0.00000,0.00000,
1630698574949309184,1.69554,0.03114,0.25997,0.99638,0.08057,0.01853,-0.01987,0.20078,0.09980,0.07837,1.65540,-0.00628,0.38453,0.00000,0.00000,0.00000,
1630698575015979264,1.70695,0.03888,0.26891,0.99689,0.07472,0.01189,-0.02218,0.17510,0.14957,0.12875,1.66481,0.00104,0.38744,0.00000,0.00000,0.00000,
1630698575082650624,1.71941,0.04630,0.27573,0.99761,0.06583,0.00184,-0.02094,0.17013,0.08551,0.05899,1.67906,0.00592,0.38830,0.00000,0.00000,0.00000,
1630698575149320960,1.73056,0.04986,0.27636,0.99700,0.07424,0.00294,-0.02184,0.14727,0.01905,-0.01435,1.69084,0.00349,0.38392,0.00000,0.00000,0.00000,
1630698575215992320,1.74009,0.04776,0.27340,0.99508,0.09684,0.00898,-0.01878,0.13113,-0.03763,-0.04710,1.70258,-0.00380,0.38259,0.00000,0.00000,0.00000,
1630698575282662400,1.74945,0.04275,0.27075,0.99495,0.09764,0.00881,-0.02132,0.14475,-0.09462,-0.01828,1.71242,-0.00602,0.38646,0.00000,0.00000,0.00000,
1630698575349333760,1.75967,0.04138,0.27262,0.99584,0.08894,0.01298,-0.01499,0.13498,-0.05912,0.09716,1.72206,-0.01150,0.38838,0.00000,0.00000,0.00000,
1630698575416003840,1.76991,0.03627,0.27636,0.99543,0.09390,0.00409,-0.01704,0.15080,-0.07591,0.02202,1.73109,-0.01257,0.38788,0.00000,0.00000,0.00000,
1630698575482675200,1.78152,0.03414,0.27689,0.99519,0.09606,0.00060,-0.01910,0.18471,0.00248,-0.00233,1.74427,-0.00794,0.38332,0.00000,0.00000,0.00000,
1630698575549345536,1.79412,0.03869,0.27283,0.99627,0.08398,0.00904,-0.01788,0.18551,0.11782,-0.03284,1.75465,-0.00092,0.37997,0.00000,0.00000,0.00000,
1630698575616016896,1.80726,0.04839,0.27018,0.99681,0.07709,0.01188,-0.01718,0.21529,0.15990,-0.02179,1.77223,0.00951,0.37434,0.00000,0.00000,0.00000,
1630698575682686976,1.82431,0.05968,0.26588,0.99580,0.08813,0.01738,-0.01767,0.26810,0.12669,0.02209,1.78904,0.01705,0.38067,0.00000,0.00000,0.00000,
1630698575749358336,1.84092,0.06566,0.27414,0.99625,0.08200,0.01418,-0.02354,0.22779,0.13674,0.16240,1.80454,0.02688,0.38549,0.00000,0.00000,0.00000,
1630698575816028672,1.85537,0.07646,0.28390,0.99723,0.07130,0.00259,-0.02096,0.22499,0.08491,0.02705,1.81875,0.02862,0.38471,0.00000,0.00000,0.00000,
1630698575882700032,1.86996,0.07827,0.28371,0.99677,0.07696,0.00197,-0.02304,0.20025,-0.03575,-0.02655,1.83158,0.02301,0.38100,0.00000,0.00000,0.00000,
1630698575949370112,1.88496,0.07268,0.27880,0.99472,0.09957,0.01084,-0.02214,0.20135,-0.09339,-0.09968,1.84444,0.01289,0.37564,0.00000,0.00000,0.00000,
1630698576016041216,1.89755,0.06600,0.27131,0.99397,0.10604,0.01562,-0.02297,0.22464,-0.15902,-0.11256,1.85482,0.00625,0.37604,0.00000,0.00000,0.00000,
1630698576082712320,1.91289,0.05943,0.27168,0.99446,0.10210,0.02067,-0.01426,0.17716,-0.11658,0.16327,1.86855,-0.00405,0.38560,0.00000,0.00000,0.00000,
1630698576149382656,1.92464,0.04899,0.28063,0.99424,0.10582,0.00514,-0.01629,0.16115,-0.15568,0.09751,1.88138,-0.01322,0.38855,0.00000,0.00000,0.00000,
1630698576216053760,1.93679,0.04200,0.28343,0.99342,0.11333,-0.00363,-0.01597,0.15850,-0.09136,0.02866,1.88980,-0.01486,0.38746,0.00000,0.00000,0.00000,
1630698576282723840,1.94663,0.03910,0.28320,0.99503,0.09833,-0.00196,-0.01545,0.12488,-0.00594,0.00411,1.89806,-0.01278,0.38506,0.00000,0.00000,0.00000,
1630698576349394944,1.95484,0.04124,0.28044,0.99680,0.07842,0.00336,-0.01531,0.11500,0.02190,0.01233,1.90186,-0.01144,0.38526,0.00000,0.00000,0.00000,
1630698576416065280,1.96203,0.04295,0.28279,0.99634,0.08374,0.00016,-0.01697,0.12289,-0.03759,0.07270,1.91111,-0.01212,0.39116,0.00000,0.00000,0.00000,
1630698576482736384,1.97004,0.04271,0.28840,0.99563,0.09116,0.00138,-0.02046,0.10867,0.03906,0.06762,1.91882,-0.01052,0.39021,0.00000,0.00000,0.00000,
1630698576549406464,1.97862,0.04436,0.28751,0.99570,0.09069,0.00022,-0.01869,0.11480,-0.02915,0.02318,1.92236,-0.01213,0.39024,0.00000,0.00000,0.00000,
1630698576616077568,1.98638,0.04136,0.28543,0.99533,0.09430,0.00438,-0.02024,0.11373,-0.05615,-0.02686,1.93155,-0.01847,0.38729,0.00000,0.00000,0.00000,
1630698576682747904,1.99389,0.03621,0.28036,0.99456,0.10201,0.01000,-0.01858,0.12058,-0.12050,-0.05914,1.94173,-0.03111,0.38210,0.00000,0.00000,0.00000,
1630698576749419264,2.00296,0.02740,0.27377,0.99392,0.10740,0.01642,-0.01809,0.15528,-0.15207,-0.10413,1.94898,-0.03855,0.38151,0.00000,0.00000,0.00000,
1630698576816089344,2.01243,0.01952,0.27355,0.99440,0.10326,0.01821,-0.01305,0.15186,-0.16222,0.12731,1.95805,-0.04805,0.39204,0.00000,0.00000,0.00000,
1630698576882760448,2.02183,0.00760,0.28372,0.99444,0.10389,0.00248,-0.01703,0.13249,-0.15173,0.11694,1.96604,-0.05705,0.39732,0.00000,0.00000,0.00000,
1630698576949430784,2.03102,0.00037,0.28414,0.99360,0.11124,-0.00651,-0.01843,0.14041,-0.05838,-0.01747,1.97741,-0.05972,0.39560,0.00000,0.00000,0.00000,
1630698577016101888,2.03959,0.00030,0.28184,0.99562,0.09186,-0.00440,-0.01702,0.12391,0.05113,-0.03635,1.98372,-0.05695,0.39238,0.00000,0.00000,0.00000,
1630698577082771968,2.04781,0.00400,0.27769,0.99698,0.07610,0.00181,-0.01565,0.11092,0.09188,-0.00029,1.98981,-0.05296,0.39109,0.00000,0.00000,0.00000,
1630698577149443072,2.05621,0.01135,0.27811,0.99631,0.08484,-0.00111,-0.01333,0.16565,0.11862,-0.00690,2.00311,-0.04677,0.39067,0.00000,0.00000,0.00000,
1630698577216113408,2.06718,0.01623,0.28007,0.99586,0.08961,0.00311,-0.01514,0.14069,0.09694,0.04288,2.01511,-0.04148,0.39100,0.00000,0.00000,0.00000,
1630698577282784768,2.07638,0.01945,0.28140,0.99627,0.08473,-0.00168,-0.01630,0.13447,0.00951,0.02503,2.01994,-0.04145,0.39141,0.00000,0.00000,0.00000,
1630698577349454848,2.08594,0.01807,0.28064,0.99612,0.08613,-0.00049,-0.01817,0.14189,-0.04631,-0.05483,2.03184,-0.04738,0.38803,0.00000,0.00000,0.00000,
1630698577416125952,2.09532,0.01229,0.27512,0.99534,0.09452,0.00706,-0.01775,0.13582,-0.13861,-0.09269,2.04366,-0.06271,0.38149,0.00000,0.00000,0.00000,
1630698577482797056,2.10599,0.00124,0.26690,0.99416,0.10554,0.01472,-0.01679,0.17981,-0.19107,-0.15930,2.05632,-0.07784,0.37681,0.00000,0.00000,0.00000,
1630698577549467392,2.12027,-0.01115,0.25880,0.99360,0.10930,0.02455,-0.01439,0.20991,-0.13106,0.00870,2.06867,-0.08855,0.38431,0.00000,0.00000,0.00000,
1630698577616138496,2.13326,-0.02260,0.26479,0.99409,0.10671,0.01540,-0.01253,0.17901,-0.18877,0.11414,2.08061,-0.09968,0.39000,0.00000,0.00000,0.00000,
1630698577682808576,2.14657,-0.03271,0.26891,0.99362,0.11176,0.00157,-0.01538,0.19154,-0.11854,0.02123,2.09269,-0.10575,0.39083,0.00000,0.00000,0.00000,
1630698577749479936,2.15943,-0.03766,0.26893,0.99402,0.10830,-0.00199,-0.01414,0.16873,-0.00968,0.01365,2.10131,-0.10589,0.38892,0.00000,0.00000,0.00000,
1630698577816150272,2.17110,-0.03616,0.26637,0.99621,0.08581,0.00129,-0.01449,0.16328,0.06965,-0.02876,2.11628,-0.10056,0.38452,0.00000,0.00000,0.00000,
1630698577882821376,2.18272,-0.03004,0.26455,0.99684,0.07832,0.00323,-0.01301,0.18360,0.11585,-0.00346,2.12595,-0.09803,0.38552,0.00000,0.00000,0.00000,
1630698577949491456,2.19520,-0.02962,0.26706,0.99618,0.08462,0.00692,-0.02048,0.16779,-0.02678,0.10443,2.14049,-0.09464,0.38912,0.00000,0.00000,0.00000,
1630698578016162560,2.20653,-0.02477,0.27034,0.99601,0.08723,0.00336,-0.01863,0.16343,0.06515,-0.00249,2.14607,-0.09370,0.38854,0.00000,0.00000,0.00000,
1630698578082832896,2.21725,-0.02443,0.27030,0.99607,0.08587,0.00085,-0.02168,0.15108,-0.03691,0.00601,2.15842,-0.09771,0.38754,0.00000,0.00000,0.00000,
1630698578149504000,2.22719,-0.02771,0.26708,0.99559,0.09080,0.00324,-0.02343,0.14224,-0.06946,-0.07345,2.16767,-0.10568,0.38365,0.00000,0.00000,0.00000,
1630698578216174080,2.23688,-0.03602,0.26092,0.99456,0.10077,0.00860,-0.02498,0.15779,-0.15558,-0.09235,2.17823,-0.11885,0.37826,0.00000,0.00000,0.00000,
1630698578282845184,2.24884,-0.04732,0.25344,0.99411,0.10401,0.01586,-0.02580,0.18311,-0.15889,0.00930,2.19061,-0.12830,0.37926,0.00000,0.00000,0.00000,
1630698578349515264,2.26252,-0.05664,0.25493,0.99409,0.10556,0.01807,-0.01763,0.17019,-0.14427,0.04441,2.20339,-0.13983,0.38509,0.00000,0.00000,0.00000,
1630698578416186368,2.27383,-0.06529,0.25736,0.99358,0.11149,0.00334,-0.01886,0.17933,-0.10376,-0.00884,2.21214,-0.14480,0.38614,0.00000,0.00000,0.00000,
1630698578482856448,2.28690,-0.07131,0.25671,0.99364,0.11120,0.00020,-0.01774,0.17654,-0.03068,-0.01694,2.22639,-0.14518,0.38285,0.00000,0.00000,0.00000,
1630698578549527552,2.29865,-0.07078,0.25266,0.99600,0.08725,0.00620,-0.01805,0.16571,0.06761,-0.05292,2.23830,-0.13999,0.37811,0.00000,0.00000,0.00000,
1630698578616197888,2.30982,-0.06422,0.24994,0.99687,0.07642,0.01043,-0.01744,0.17969,0.12281,-0.02350,2.24802,-0.13532,0.37713,0.00000,0.00000,0.00000,
1630698578682868992,2.32285,-0.06054,0.25101,0.99616,0.08359,0.01432,-0.02195,0.17134,-0.01559,0.08056,2.25951,-0.13253,0.38332,0.00000,0.00000,0.00000,
1630698578749540096,2.33317,-0.05503,0.25764,0.99603,0.08494,0.00956,-0.02504,0.15118,0.13597,0.06382,2.26974,-0.12597,0.38451,0.00000,0.00000,0.00000,
1630698578816210176,2.34313,-0.04974,0.25829,0.99633,0.08135,0.00425,-0.02631,0.14581,0.02716,-0.01369,2.27901,-0.12608,0.38428,0.00000,0.00000,0.00000,
1630698578882881280,2.35217,-0.05004,0.25748,0.99611,0.08251,0.00331,-0.03084,0.11859,-0.02461,-0.03660,2.28616,-0.12979,0.38269,0.00000,0.00000,0.00000,
1630698578949551616,2.35940,-0.05400,0.25466,0.99545,0.08937,0.00449,-0.03276,0.11355,-0.07961,-0.06762,2.29142,-0.13497,0.38083,0.00000,0.00000,0.00000,
1630698579016222720,2.36747,-0.06098,0.25003,0.99490,0.09456,0.00826,-0.03416,0.13275,-0.09568,-0.08071,2.30341,-0.14386,0.38130,0.00000,0.00000,0.00000,
1630698579082892800,2.37418,-0.06551,0.25288,0.99490,0.09654,0.01407,-0.02560,0.10647,-0.05613,0.09981,2.30780,-0.14862,0.38512,0.00000,0.00000,0.00000,
1630698579149563904,2.38081,-0.07195,0.25574,0.99459,0.10016,0.00330,-0.02730,0.10502,-0.07587,0.00087,2.31462,-0.15310,0.38574,0.00000,0.00000,0.00000,
1630698579216233984,2.38944,-0.07533,0.25422,0.99449,0.10170,-0.00034,-0.02552,0.12539,0.00147,0.00113,2.32467,-0.15206,0.38439,0.00000,0.00000,0.00000,
1630698579282905088,2.39829,-0.07376,0.25260,0.99546,0.09229,0.00338,-0.02289,0.12104,0.06670,-0.04259,2.33076,-0.14830,0.38200,0.00000,0.00000,0.00000,
1630698579349575168,2.40657,-0.06710,0.25087,0.99611,0.08515,0.00697,-0.02171,0.12918,0.12826,-0.01307,2.34288,-0.13877,0.37769,0.00000,0.00000,0.00000,
1630698579416246528,2.41693,-0.05799,0.24941,0.99596,0.08680,0.00994,-0.02078,0.16195,0.10227,0.06143,2.35110,-0.13594,0.38064,0.00000,0.00000,0.00000,
1630698579482916608,2.42677,-0.05460,0.25506,0.99593,0.08492,0.01182,-0.02774,0.13638,0.10811,0.11263,2.36067,-0.12905,0.38492,0.00000,0.00000,0.00000,
1630698579549587712,2.43631,-0.04724,0.25871,0.99629,0.08251,0.00363,-0.02427,0.13588,0.07614,-0.00380,2.36972,-0.12647,0.38420,0.00000,0.00000,0.00000,
1630698579616257792,2.44519,-0.04608,0.25998,0.99640,0.07961,0.00145,-0.02911,0.11603,-0.00493,0.02722,2.37899,-0.12849,0.38339,0.00000,0.00000,0.00000,
1630698579682928896,2.45249,-0.04743,0.25773,0.99600,0.08388,0.00348,-0.03049,0.09503,-0.05164,-0.04739,2.38187,-0.13144,0.38236,0.00000,0.00000,0.00000,
1630698579749598976,2.45859,-0.05358,0.25429,0.99545,0.08916,0.00569,-0.03323,0.10084,-0.10493,-0.06215,2.38974,-0.14131,0.37910,0.00000,0.00000,0.00000,
1630698579816270080,2.46607,-0.05890,0.24913,0.99481,0.09639,0.01227,-0.03036,0.10753,-0.03818,0.02505,2.39629,-0.14429,0.38334,0.00000,0.00000,0.00000,
1630698579882940416,2.47190,-0.06284,0.25436,0.99497,0.09717,0.00947,-0.02257,0.08369,-0.08123,0.06164,2.40314,-0.15113,0.38648,0.00000,0.00000,0.00000,
1630698579949611776,2.47804,-0.06809,0.25507,0.99438,0.10277,0.00036,-0.02556,0.11587,-0.03652,0.00833,2.41148,-0.15214,0.38603,0.00000,0.00000,0.00000,
1630698580016282112,2.48525,-0.06806,0.25384,0.99481,0.09886,0.00300,-0.02374,0.12285,0.04578,-0.02753,2.41757,-0.14951,0.38385,0.00000,0.00000,0.00000,
1630698580082953472,2.49344,-0.06362,0.25327,0.99580,0.08837,0.00678,-0.02278,0.13190,0.11947,-0.02552,2.42737,-0.14247,0.38051,0.00000,0.00000,0.00000,
1630698580149624832,2.50361,-0.05496,0.25180,0.99618,0.08396,0.00975,-0.02204,0.17775,0.15844,-0.03669,2.44000,-0.13454,0.37738,0.00000,0.00000,0.00000,
1630698580216295168,2.51551,-0.04845,0.25272,0.99579,0.08651,0.01713,-0.02516,0.16246,0.03718,0.09955,2.45148,-0.12874,0.38268,0.00000,0.00000,0.00000,
1630698580282966528,2.52598,-0.04142,0.25940,0.99631,0.08199,0.00882,-0.02399,0.15518,0.11483,0.07251,2.46539,-0.12199,0.38419,0.00000,0.00000,0.00000,
1630698580349637120,2.53695,-0.03747,0.26224,0.99666,0.07803,0.00454,-0.02354,0.15752,0.02091,0.02574,2.47331,-0.12201,0.38351,0.00000,0.00000,0.00000,
1630698580416308480,2.54751,-0.03703,0.26111,0.99605,0.08539,0.00857,-0.02267,0.15606,-0.01532,-0.05527,2.48429,-0.12561,0.38040,0.00000,0.00000,0.00000,
1630698580482979072,2.55771,-0.04079,0.25646,0.99505,0.09603,0.01475,-0.02092,0.15521,-0.11296,-0.06828,2.49464,-0.13499,0.37700,0.00000,0.00000,0.00000,
1630698580549650432,2.56961,-0.04902,0.25014,0.99474,0.09824,0.01798,-0.02265,0.20000,-0.12024,-0.08401,2.50782,-0.14238,0.37650,0.00000,0.00000,0.00000,
1630698580616320768,2.58242,-0.05454,0.25369,0.99482,0.09846,0.02141,-0.01331,0.16958,-0.11416,0.11426,2.51942,-0.14958,0.38497,0.00000,0.00000,0.00000,
1630698580682992128,2.59476,-0.06307,0.26040,0.99435,0.10457,0.00620,-0.01712,0.18770,-0.09470,0.05054,2.53578,-0.15626,0.38709,0.00000,0.00000,0.00000,
1630698580749662720,2.60846,-0.06623,0.25924,0.99429,0.10508,0.00371,-0.01824,0.21374,0.02010,-0.04607,2.54688,-0.15470,0.38456,0.00000,0.00000,0.00000,
1630698580816334080,2.62312,-0.06156,0.25695,0.99602,0.08707,0.00903,-0.01680,0.21800,0.13780,-0.06213,2.56637,-0.14407,0.37676,0.00000,0.00000,0.00000,
1630698580883004160,2.63888,-0.05111,0.25401,0.99675,0.07781,0.01332,-0.01590,0.25663,0.19215,-0.05123,2.57592,-0.13866,0.37343,0.00000,0.00000,0.00000,
1630698580949675264,2.65810,-0.03806,0.24938,0.99580,0.08767,0.02054,-0.01660,0.27893,0.13928,0.00090,2.60429,-0.12406,0.37681,0.00000,0.00000,0.00000,
1630698581016345600,2.67494,-0.02760,0.25903,0.99632,0.08159,0.01471,-0.02170,0.23553,0.19409,0.17471,2.61646,-0.11543,0.38203,0.00000,0.00000,0.00000,
1630698581083016960,2.69039,-0.01650,0.26795,0.99750,0.06784,0.00107,-0.01995,0.22966,0.15221,0.06003,2.62854,-0.10951,0.38383,0.00000,0.00000,0.00000,
1630698581149687040,2.70567,-0.01174,0.26843,0.99690,0.07563,-0.00113,-0.02172,0.20243,0.03246,-0.02093,2.64898,-0.11185,0.37920,0.00000,0.00000,0.00000,
1630698581216358144,2.71887,-0.01237,0.26402,0.99416,0.10562,0.00729,-0.02096,0.19162,-0.01125,-0.08517,2.65868,-0.11608,0.37597,0.00000,0.00000,0.00000,
1630698581283028480,2.73165,-0.01704,0.26012,0.99407,0.10604,0.00946,-0.02203,0.20733,-0.10861,-0.03849,2.67316,-0.12479,0.37402,0.00000,0.00000,0.00000,
1630698581349699584,2.74652,-0.02289,0.25777,0.99498,0.09675,0.01729,-0.01868,0.21295,-0.04444,0.05103,2.69094,-0.13197,0.37845,0.00000,0.00000,0.00000,
1630698581416370688,2.75947,-0.02668,0.26043,0.99492,0.09871,0.01153,-0.01587,0.20331,-0.03612,0.02470,2.69759,-0.13512,0.37954,0.00000,0.00000,0.00000,
1630698581483040768,2.77335,-0.02934,0.26148,0.99446,0.10341,0.00307,-0.01874,0.23314,0.04063,-0.00363,2.71748,-0.13683,0.37869,0.00000,0.00000,0.00000,
1630698581549711872,2.78908,-0.02527,0.25825,0.99530,0.09466,0.00833,-0.01859,0.24279,0.16364,-0.07492,2.73485,-0.12936,0.37191,0.00000,0.00000,0.00000,
1630698581616382208,2.80661,-0.01406,0.25326,0.99645,0.08072,0.01622,-0.01754,0.26953,0.26564,-0.08871,2.75577,-0.11615,0.36335,0.00000,0.00000,0.00000,
1630698581683053312,2.82954,0.00355,0.24398,0.99629,0.08041,0.02424,-0.01890,0.36396,0.28195,-0.13088,2.78031,-0.10409,0.35618,0.00000,0.00000,0.00000,
1630698581749723392,2.85444,0.01533,0.24371,0.99554,0.08233,0.03608,-0.02873,0.30439,0.18322,0.18667,2.80624,-0.08629,0.36950,0.00000,0.00000,0.00000,
1630698581816394496,2.87428,0.03033,0.25563,0.99752,0.06278,0.01655,-0.02720,0.27568,0.24113,0.12926,2.82061,-0.07748,0.37670,0.00000,0.00000,0.00000,
1630698581883065088,2.89196,0.04094,0.26354,0.99752,0.06543,0.00298,-0.02580,0.25894,0.16761,-0.00664,2.83837,-0.07141,0.37775,0.00000,0.00000,0.00000,
1630698581949736192,2.90817,0.04543,0.26496,0.99463,0.10123,0.00608,-0.02046,0.24711,0.07498,-0.06721,2.85881,-0.06998,0.37530,0.00000,0.00000,0.00000,
1630698582016406528,2.92349,0.04583,0.26535,0.99413,0.10662,0.01034,-0.01548,0.24083,0.00543,-0.03409,2.87616,-0.07405,0.37359,0.00000,0.00000,0.00000,
1630698582083077888,2.94119,0.04128,0.26388,0.99600,0.08692,0.00962,-0.01854,0.28485,-0.07018,-0.11082,2.88990,-0.07791,0.37284,0.00000,0.00000,0.00000,
1630698582149747968,2.95787,0.03822,0.26379,0.99644,0.08184,0.01808,-0.00886,0.22874,-0.09035,0.05547,2.90514,-0.08515,0.37848,0.00000,0.00000,0.00000,
1630698582216419584,2.97135,0.02695,0.26918,0.99552,0.09335,0.00709,-0.01289,0.21797,-0.10758,0.02683,2.92448,-0.09268,0.38210,0.00000,0.00000,0.00000,
1630698582283089664,2.98778,0.02290,0.27092,0.99553,0.09310,0.00167,-0.01565,0.23895,0.01194,-0.05474,2.93721,-0.09118,0.37922,0.00000,0.00000,0.00000,
1630698582349761024,3.00381,0.02783,0.26811,0.99703,0.07493,0.00959,-0.01473,0.22985,0.13807,-0.06697,2.94995,-0.08519,0.37472,0.00000,0.00000,0.00000,
1630698582416431104,3.02012,0.03925,0.26508,0.99770,0.06456,0.01479,-0.01441,0.25564,0.19385,-0.04230,2.96869,-0.07399,0.36855,0.00000,0.00000,0.00000,
1630698582483102464,3.04042,0.05446,0.25765,0.99662,0.07796,0.02157,-0.01423,0.31734,0.22896,-0.06156,2.99119,-0.06191,0.36132,0.00000,0.00000,0.00000,
1630698582549772800,3.05822,0.06500,0.26422,0.99686,0.07096,0.02662,-0.02304,0.24318,0.18026,0.18298,3.01373,-0.04727,0.37441,0.00000,0.00000,0.00000,
1630698582616444160,3.07069,0.07351,0.28259,0.99838,0.05249,0.00296,-0.02157,0.20761,0.10396,0.21557,3.03420,-0.03812,0.38167,0.00000,0.00000,0.00000,
1630698582683114496,3.08659,0.07935,0.28670,0.99817,0.05724,-0.00114,-0.01934,0.21416,0.03921,0.00772,3.04625,-0.03800,0.37985,0.00000,0.00000,0.00000,
1630698582749785600,3.10248,0.08001,0.28235,0.99583,0.08973,0.00913,-0.01396,0.20493,-0.03840,-0.06346,3.06562,-0.04531,0.37288,0.00000,0.00000,0.00000,
1630698582816456960,3.11995,0.07614,0.27434,0.99413,0.10610,0.01880,-0.00998,0.23006,-0.15055,-0.08350,3.08325,-0.05767,0.36806,0.00000,0.00000,0.00000,
1630698582883127296,3.14007,0.06692,0.26597,0.99490,0.09699,0.02610,-0.00910,0.28505,-0.12617,-0.11035,3.09688,-0.06470,0.36906,0.00000,0.00000,0.00000,
1630698582949798656,3.15778,0.05645,0.26997,0.99504,0.09598,0.02606,-0.00058,0.21659,-0.24055,0.18243,3.11137,-0.07903,0.38141,0.00000,0.00000,0.00000,
1630698583016468992,3.17198,0.04233,0.28042,0.99399,0.10927,0.00342,-0.00597,0.20130,-0.15720,0.09995,3.12182,-0.08700,0.38658,0.00000,0.00000,0.00000,
1630698583083140096,3.18704,0.03623,0.27980,0.99414,0.10778,-0.00194,-0.00747,0.17936,-0.04097,-0.00669,3.13834,-0.09086,0.38533,0.00000,0.00000,0.00000,
1630698583149810432,3.19934,0.03907,0.27625,0.99705,0.07647,0.00176,-0.00696,0.15744,0.07183,-0.03994,3.15111,-0.08593,0.37875,0.00000,0.00000,0.00000,
1630698583216482048,3.21163,0.04770,0.26450,0.99744,0.07100,0.00861,0.00053,0.19115,0.09793,-0.18224,3.16372,-0.08330,0.37348,0.00000,0.00000,0.00000,
1630698583283152128,3.22379,0.04951,0.26463,0.99522,0.09759,-0.00086,0.00390,0.13327,0.00277,0.02560,3.17362,-0.08482,0.37556,0.00000,0.00000,0.00000,
1630698583349823488,3.23382,0.04815,0.26638,0.99487,0.10066,-0.00910,0.00336,0.13374,0.00726,-0.03670,3.18422,-0.08603,0.37328,0.00000,0.00000,0.00000,
1630698583416493824,3.24472,0.04792,0.26625,0.99520,0.09769,-0.00297,0.00430,0.10584,0.02359,-0.00023,3.19221,-0.08496,0.37159,0.00000,0.00000,0.00000,
1630698583483164928,3.25090,0.05014,0.26545,0.99587,0.09079,0.00135,0.00191,0.05082,0.04629,-0.01120,3.19692,-0.08219,0.37005,0.00000,0.00000,0.00000,
1630698583549835520,3.25373,0.05325,0.26594,0.99628,0.08609,0.00388,-0.00021,-0.00111,0.06497,0.01634,3.19830,-0.07920,0.36978,0.00000,0.00000,0.00000,
1630698583616506880,3.25633,0.05651,0.26702,0.99662,0.08201,0.00435,-0.00039,-0.02964,0.04336,0.02211,3.19763,-0.07613,0.37031,0.00000,0.00000,0.00000,
1630698583683176960,3.25627,0.05720,0.26808,0.99677,0.08026,0.00391,-0.00084,-0.03335,0.00233,0.01944,3.19692,-0.07630,0.37098,0.00000,0.00000,0.00000,
1630698583749848320,3.25552,0.05628,0.26837,0.99670,0.08108,0.00367,-0.00076,-0.02231,-0.02019,0.00453,3.19639,-0.07801,0.37111,0.00000,0.00000,0.00000,
1630698583816518656,3.25569,0.05421,0.26832,0.99657,0.08269,0.00363,-0.00046,-0.01886,-0.02373,0.00243,3.19590,-0.07962,0.37134,0.00000,0.00000,0.00000,
1630698583883190016,3.25552,0.05326,0.26868,0.99648,0.08374,0.00330,-0.00056,-0.02343,-0.00164,0.00726,3.19548,-0.07989,0.37168,0.00000,0.00000,0.00000,
1630698583949859840,3.25528,0.05340,0.26890,0.99650,0.08353,0.00321,-0.00045,-0.01481,0.01635,0.00325,3.19552,-0.07902,0.37145,0.00000,0.00000,0.00000,
1630698584016530944,3.25595,0.05408,0.26901,0.99657,0.08262,0.00391,-0.00049,-0.00097,0.01882,-0.00216,3.19606,-0.07845,0.37130,0.00000,0.00000,0.00000,
1630698584083202048,3.25684,0.05474,0.26881,0.99664,0.08181,0.00482,-0.00042,-0.00482,0.01521,-0.00134,3.19665,-0.07778,0.37101,0.00000,0.00000,0.00000,
1630698584149872384,3.25697,0.05497,0.26882,0.99666,0.08146,0.00512,-0.00045,-0.01579,0.00503,0.00203,3.19631,-0.07786,0.37114,0.00000,0.00000,0.00000,
1630698584216543488,3.25669,0.05462,0.26906,0.99664,0.08175,0.00497,-0.00048,-0.01629,-0.00342,0.00090,3.19608,-0.07833,0.37133,0.00000,0.00000,0.00000,
1630698584283213312,3.25659,0.05397,0.26931,0.99659,0.08239,0.00491,-0.00051,-0.01221,-0.00333,-0.00072,3.19597,-0.07895,0.37147,0.00000,0.00000,0.00000,
1630698584349884416,3.25656,0.05376,0.26943,0.99656,0.08273,0.00497,-0.00053,-0.01129,0.00614,-0.00060,3.19589,-0.07899,0.37141,0.00000,0.00000,0.00000,
1630698584416554752,3.25659,0.05404,0.26944,0.99658,0.08247,0.00515,-0.00055,-0.00858,0.01327,-0.00115,3.19604,-0.07866,0.37141,0.00000,0.00000,0.00000,
1630698584483225856,3.25684,0.05445,0.26947,0.99662,0.08198,0.00553,-0.00052,-0.00559,0.01323,-0.00261,3.19634,-0.07813,0.37117,0.00000,0.00000,0.00000,
1630698584549895680,3.25706,0.05469,0.26952,0.99664,0.08170,0.00587,-0.00054,-0.00801,0.00883,-0.00201,3.19638,-0.07808,0.37116,0.00000,0.00000,0.00000,
1630698584616566784,3.25700,0.05461,0.26968,0.99663,0.08178,0.00597,-0.00052,-0.01200,0.00358,-0.00079,3.19619,-0.07832,0.37125,0.00000,0.00000,0.00000,
1630698584683237120,3.25682,0.05429,0.26984,0.99661,0.08209,0.00590,-0.00053,-0.01159,0.00180,-0.00148,3.19603,-0.07866,0.37128,0.00000,0.00000,0.00000,
1630698584749908224,3.25675,0.05406,0.26996,0.99659,0.08232,0.00590,-0.00053,-0.00926,0.00484,-0.00215,3.19609,-0.07875,0.37136,0.00000,0.00000,0.00000,
1630698584816578048,3.25678,0.05410,0.27001,0.99659,0.08231,0.00601,-0.00054,-0.00798,0.00940,-0.00271,3.19617,-0.07856,0.37131,0.00000,0.00000,0.00000,
1630698584883249408,3.25684,0.05428,0.27008,0.99661,0.08208,0.00623,-0.00052,-0.00721,0.01039,-0.00281,3.19624,-0.07827,0.37121,0.00000,0.00000,0.00000,
1630698584949919488,3.25696,0.05449,0.27013,0.99662,0.08187,0.00639,-0.00054,-0.00717,0.00828,-0.00295,3.19631,-0.07820,0.37118,0.00000,0.00000,0.00000,
1630698585016590592,3.25701,0.05453,0.27016,0.99662,0.08183,0.00649,-0.00054,-0.00877,0.00488,-0.00241,3.19622,-0.07829,0.37116,0.00000,0.00000,0.00000,
1630698585083260672,3.25691,0.05437,0.27025,0.99661,0.08203,0.00648,-0.00053,-0.00967,0.00374,-0.00236,3.19615,-0.07846,0.37128,0.00000,0.00000,0.00000,
1630698585149932032,3.25682,0.05423,0.27038,0.99659,0.08220,0.00648,-0.00053,-0.00845,0.00469,-0.00263,3.19611,-0.07856,0.37122,0.00000,0.00000,0.00000,
1630698585216601856,3.25684,0.05423,0.27049,0.99659,0.08220,0.00655,-0.00054,-0.00689,0.00733,-0.00281,3.19613,-0.07844,0.37122,0.00000,0.00000,0.00000,
1630698585283272960,3.25685,0.05432,0.27053,0.99660,0.08214,0.00668,-0.00053,-0.00665,0.00843,-0.00296,3.19623,-0.07831,0.37121,0.00000,0.00000,0.00000,
1630698585349943040,3.25689,0.05442,0.27055,0.99661,0.08202,0.00679,-0.00051,-0.00657,0.00773,-0.00275,3.19627,-0.07826,0.37119,0.00000,0.00000,0.00000,
1630698585416614400,3.25694,0.05444,0.27054,0.99661,0.08198,0.00684,-0.00052,-0.00748,0.00606,-0.00255,3.19623,-0.07828,0.37115,0.00000,0.00000,0.00000,
1630698585483285504,3.25688,0.05436,0.27065,0.99660,0.08207,0.00688,-0.00051,-0.00793,0.00532,-0.00232,3.19622,-0.07836,0.37121,0.00000,0.00000,0.00000,
1630698585549955584,3.25683,0.05432,0.27078,0.99659,0.08218,0.00690,-0.00053,-0.00728,0.00635,-0.00250,3.19618,-0.07842,0.37125,0.00000,0.00000,0.00000,
1630698585616626688,3.25683,0.05435,0.27088,0.99659,0.08224,0.00699,-0.00052,-0.00639,0.00773,-0.00255,3.19620,-0.07840,0.37124,0.00000,0.00000,0.00000,
1630698585683297024,3.25699,0.05456,0.27107,0.99659,0.08220,0.00707,-0.00054,-0.00578,0.00884,-0.00281,3.19624,-0.07832,0.37119,0.00000,0.00000,0.00000,
1630698585749967872,3.25686,0.05446,0.27102,0.99659,0.08215,0.00717,-0.00053,-0.00617,0.00861,-0.00320,3.19627,-0.07828,0.37119,0.00000,0.00000,0.00000,
1630698585816637952,3.25682,0.05450,0.27108,0.99659,0.08216,0.00723,-0.00052,-0.00644,0.00690,-0.00303,3.19626,-0.07830,0.37119,0.00000,0.00000,0.00000,
1630698585883309056,3.25685,0.05468,0.27121,0.99659,0.08222,0.00723,-0.00059,-0.00591,0.00653,-0.00298,3.19623,-0.07834,0.37120,0.00000,0.00000,0.00000,
1630698585949979392,3.25681,0.05464,0.27121,0.99658,0.08229,0.00723,-0.00056,-0.00575,0.00611,-0.00287,3.19623,-0.07837,0.37121,0.00000,0.00000,0.00000,
1630698586016650496,3.25681,0.05468,0.27128,0.99658,0.08234,0.00722,-0.00059,-0.00496,0.00730,-0.00307,3.19623,-0.07835,0.37120,0.00000,0.00000,0.00000,
1630698586083320576,3.25678,0.05480,0.27139,0.99658,0.08236,0.00726,-0.00061,-0.00423,0.00740,-0.00308,3.19626,-0.07831,0.37118,0.00000,0.00000,0.00000,
1630698586149991424,3.25676,0.05485,0.27142,0.99658,0.08233,0.00730,-0.00061,-0.00423,0.00653,-0.00282,3.19628,-0.07828,0.37117,0.00000,0.00000,0.00000,
1630698586216661760,3.25674,0.05493,0.27146,0.99657,0.08238,0.00729,-0.00064,-0.00422,0.00580,-0.00298,3.19627,-0.07829,0.37118,0.00000,0.00000,0.00000,
1630698586283332864,3.25668,0.05497,0.27154,0.99657,0.08243,0.00731,-0.00065,-0.00414,0.00479,-0.00265,3.19625,-0.07831,0.37117,0.00000,0.00000,0.00000,
1630698586350002944,3.25662,0.05463,0.27159,0.99656,0.08250,0.00732,-0.00061,-0.00368,0.00509,-0.00307,3.19626,-0.07832,0.37119,0.00000,0.00000,0.00000,
1630698586416674048,3.25663,0.05493,0.27161,0.99656,0.08252,0.00731,-0.00066,-0.00326,0.00591,-0.00310,3.19626,-0.07832,0.37117,0.00000,0.00000,0.00000,
1630698586483344128,3.25660,0.05508,0.27167,0.99656,0.08258,0.00734,-0.00069,-0.00265,0.00482,-0.00323,3.19628,-0.07830,0.37118,0.00000,0.00000,0.00000,
1630698586550015232,3.25666,0.05525,0.27201,0.99655,0.08263,0.00742,-0.00074,-0.00083,0.00488,-0.00316,3.19629,-0.07827,0.37117,0.00000,0.00000,0.00000,
1630698586616685312,3.25660,0.05498,0.27171,0.99656,0.08260,0.00740,-0.00070,-0.00113,0.00517,-0.00324,3.19628,-0.07828,0.37116,0.00000,0.00000,0.00000,
1630698586683356416,3.25657,0.05505,0.27181,0.99656,0.08260,0.00741,-0.00071,-0.00085,0.00379,-0.00285,3.19628,-0.07829,0.37117,0.00000,0.00000,0.00000,
1630698586750027520,3.25656,0.05509,0.27174,0.99655,0.08268,0.00739,-0.00071,-0.00088,0.00322,-0.00315,3.19628,-0.07830,0.37117,0.00000,0.00000,0.00000,
1630698586816697600,3.25663,0.05554,0.27200,0.99655,0.08268,0.00742,-0.00083,-0.00006,0.00382,-0.00305,3.19628,-0.07828,0.37118,0.00000,0.00000,0.00000,
1630698586883368704,3.25653,0.05557,0.27205,0.99655,0.08269,0.00745,-0.00083,-0.00002,0.00315,-0.00311,3.19629,-0.07828,0.37116,0.00000,0.00000,0.00000,
1630698586950039040,3.25644,0.05550,0.27221,0.99655,0.08269,0.00751,-0.00082,0.00092,0.00318,-0.00277,3.19630,-0.07826,0.37116,0.00000,0.00000,0.00000,
1630698587016710400,3.25639,0.05580,0.27212,0.99654,0.08277,0.00752,-0.00086,0.00051,0.00302,-0.00346,3.19627,-0.07825,0.37112,0.00000,0.00000,0.00000,
1630698587083380480,3.25633,0.05587,0.27213,0.99654,0.08276,0.00752,-0.00089,0.00068,0.00298,-0.00299,3.19627,-0.07826,0.37111,0.00000,0.00000,0.00000,
1630698587150051840,3.25648,0.05652,0.27265,0.99653,0.08286,0.00762,-0.00103,0.00307,0.00275,-0.00331,3.19630,-0.07827,0.37116,0.00000,0.00000,0.00000,
1630698587216721920,3.25645,0.05660,0.27271,0.99653,0.08286,0.00763,-0.00108,0.00381,0.00299,-0.00277,3.19630,-0.07827,0.37116,0.00000,0.00000,0.00000,
1630698587283393024,3.25636,0.05626,0.27244,0.99653,0.08284,0.00761,-0.00102,0.00260,0.00394,-0.00288,3.19627,-0.07825,0.37111,0.00000,0.00000,0.00000,
